07/01/2026,09:30,227.07,227.07,226.82,227.04,227.3,227.38,227.02,227.17
07/01/2026,09:31,227.01,227.09,226.97,227.07,227.13,227.14,227.02,227.13
07/01/2026,09:32,227.1,227.17,227.03,227.09,227.17,227.25,227.11,227.17
07/01/2026,09:33,227.15,227.15,227.08,227.09,227.2,227.2,227.13,227.13
07/01/2026,09:34,227.06,227.06,226.95,226.95,227.1,227.1,226.99,226.99
07/01/2026,09:35,227.03,227.03,226.93,226.93,227.06,227.06,226.96,226.96
07/01/2026,09:36,227.04,227.04,226.85,226.85,227.11,227.11,226.88,226.88
07/01/2026,09:37,226.84,226.95,226.84,226.95,226.88,226.97,226.88,226.97
07/01/2026,09:38,226.99,227,226.92,227,227.03,227.03,226.95,227.03
07/01/2026,09:39,227.03,227.07,227.03,227.07,227.06,227.12,227.06,227.11
07/01/2026,09:40,227.05,227.05,227.05,227.05,227.07,227.07,227.07,227.07
07/01/2026,09:41,226.98,226.98,226.95,226.95,227.03,227.03,227.01,227.01
07/01/2026,09:42,226.92,226.98,226.92,226.98,226.98,227.03,226.97,227.03
07/01/2026,09:43,227.05,227.09,227.05,227.09,227.14,227.14,227.09,227.13
07/01/2026,09:44,227.12,227.12,227.09,227.09,227.16,227.17,227.11,227.11
07/01/2026,09:45,227.05,227.14,227.05,227.13,227.14,227.18,227.13,227.18
07/01/2026,09:46,227.19,227.19,227.09,227.09,227.24,227.24,227.1,227.11
07/01/2026,09:47,227.05,227.05,227.05,227.05,227.07,227.07,227.07,227.07
07/01/2026,09:48,226.95,227.06,226.93,227.06,226.99,227.1,226.96,227.1
07/01/2026,09:49,227.13,227.16,227.1,227.1,227.16,227.2,227.11,227.11
07/01/2026,09:50,227.1,227.2,227.07,227.2,227.12,227.23,227.08,227.23
07/01/2026,09:51,227.26,227.32,227.22,227.29,227.28,227.36,227.23,227.3
07/01/2026,09:52,227.32,227.35,227.31,227.34,227.35,227.36,227.35,227.36
07/01/2026,09:53,227.43,227.44,227.41,227.43,227.45,227.46,227.44,227.44
07/01/2026,09:54,227.45,227.49,227.45,227.46,227.49,227.52,227.47,227.48
07/01/2026,09:55,227.44,227.5,227.44,227.45,227.45,227.53,227.45,227.48
07/01/2026,09:56,227.43,227.53,227.43,227.5,227.47,227.55,227.47,227.51
07/01/2026,09:57,227.48,227.48,227.45,227.47,227.5,227.51,227.48,227.51
07/01/2026,09:58,227.53,227.54,227.53,227.54,227.55,227.59,227.55,227.59
07/01/2026,09:59,227.54,227.54,227.47,227.51,227.56,227.56,227.51,227.55
07/01/2026,10:00,227.57,227.61,227.49,227.49,227.59,227.62,227.51,227.51
07/01/2026,10:01,227.5,227.56,227.5,227.51,227.53,227.57,227.51,227.51
07/01/2026,10:02,227.56,227.56,227.46,227.51,227.59,227.6,227.48,227.55
07/01/2026,10:03,227.58,227.58,227.52,227.52,227.6,227.6,227.54,227.55
07/01/2026,10:04,227.55,227.55,227.55,227.55,227.58,227.58,227.58,227.58
07/01/2026,10:05,227.53,227.59,227.5,227.59,227.54,227.61,227.53,227.61
07/01/2026,10:06,227.62,227.62,227.61,227.61,227.66,227.66,227.64,227.64
07/01/2026,10:07,227.69,227.7,227.67,227.69,227.7,227.75,227.68,227.72
07/01/2026,10:08,227.7,227.76,227.7,227.74,227.74,227.78,227.74,227.75
07/01/2026,10:09,227.74,227.74,227.66,227.66,227.76,227.76,227.68,227.68
07/01/2026,10:10,227.66,227.72,227.66,227.72,227.69,227.74,227.69,227.74
07/01/2026,10:11,227.72,227.81,227.72,227.81,227.75,227.84,227.75,227.84
07/01/2026,10:12,227.84,227.84,227.84,227.84,227.85,227.86,227.85,227.86
07/01/2026,10:13,227.83,227.84,227.82,227.82,227.85,227.87,227.85,227.86
07/01/2026,10:14,227.85,227.91,227.84,227.91,227.9,227.93,227.86,227.93
07/01/2026,10:15,227.85,227.9,227.85,227.9,227.87,227.92,227.87,227.92
07/01/2026,10:16,227.91,227.91,227.88,227.88,227.92,227.92,227.89,227.89
07/01/2026,10:17,227.83,227.83,227.83,227.83,227.87,227.87,227.87,227.87
07/01/2026,10:18,227.8,227.8,227.77,227.77,227.84,227.84,227.79,227.79
07/01/2026,10:19,227.83,227.83,227.83,227.83,227.88,227.88,227.88,227.88
07/01/2026,10:20,227.95,228.02,227.95,228.01,227.98,228.04,227.98,228.03
07/01/2026,10:21,227.99,227.99,227.99,227.99,228.03,228.03,228.02,228.03
07/01/2026,10:22,228,228,227.9,227.9,228.01,228.01,227.95,227.95
07/01/2026,10:24,227.93,227.93,227.92,227.92,227.98,227.98,227.95,227.95
07/01/2026,10:25,227.93,227.93,227.9,227.9,227.94,227.94,227.92,227.92
07/01/2026,10:26,227.84,227.85,227.81,227.81,227.86,227.88,227.85,227.85
07/01/2026,10:27,227.88,227.88,227.85,227.85,227.9,227.9,227.9,227.9
07/01/2026,10:29,227.86,227.86,227.86,227.86,227.89,227.89,227.89,227.89
07/01/2026,10:30,227.83,227.83,227.77,227.77,227.84,227.84,227.78,227.78
07/01/2026,10:31,227.66,227.73,227.66,227.73,227.69,227.76,227.69,227.76
07/01/2026,10:32,227.8,227.8,227.79,227.79,227.83,227.83,227.81,227.81
07/01/2026,10:33,227.77,227.77,227.76,227.76,227.78,227.78,227.78,227.78
07/01/2026,10:34,227.75,227.75,227.71,227.71,227.78,227.78,227.72,227.72
07/01/2026,10:36,227.84,227.86,227.84,227.86,227.85,227.87,227.85,227.87
07/01/2026,10:37,227.86,227.93,227.86,227.91,227.87,227.94,227.87,227.93
07/01/2026,10:38,227.96,228,227.96,228,227.97,228.02,227.97,228.02
07/01/2026,10:39,227.98,227.98,227.98,227.98,228.01,228.01,228.01,228.01
07/01/2026,10:41,228.04,228.04,227.96,227.96,228.05,228.05,227.99,227.99
07/01/2026,10:42,227.99,227.99,227.99,227.99,228.01,228.01,228,228
07/01/2026,10:43,227.96,228.03,227.96,228.03,227.99,228.04,227.99,228.04
07/01/2026,10:44,228.05,228.07,228.05,228.07,228.07,228.08,228.07,228.08
07/01/2026,10:45,228.08,228.08,228.01,228.01,228.1,228.1,228.04,228.04
07/01/2026,10:46,228.02,228.03,227.98,228.02,228.03,228.06,228.01,228.05
07/01/2026,10:47,228.03,228.08,228.03,228.04,228.06,228.11,228.05,228.07
07/01/2026,10:48,228.04,228.04,228.03,228.03,228.06,228.06,228.05,228.05
07/01/2026,10:50,228,228.01,228,228,228.03,228.03,228.02,228.03
07/01/2026,10:51,228.01,228.03,227.99,227.99,228.04,228.05,228.01,228.01
07/01/2026,10:52,227.93,227.94,227.91,227.91,227.96,227.96,227.93,227.93
07/01/2026,10:53,227.94,227.94,227.92,227.92,227.97,227.97,227.95,227.95
07/01/2026,10:55,227.96,227.96,227.96,227.96,227.98,227.98,227.98,227.98
07/01/2026,10:56,228.01,228.02,227.99,227.99,228.03,228.04,228.02,228.02
07/01/2026,10:57,228.01,228.06,228.01,228.06,228.02,228.08,228.02,228.08
07/01/2026,10:58,228.05,228.05,228.05,228.05,228.07,228.07,228.07,228.07
07/01/2026,10:59,228.05,228.05,228.04,228.04,228.08,228.08,228.06,228.06
07/01/2026,11:00,228.12,228.12,228.07,228.07,228.13,228.13,228.09,228.1
07/01/2026,11:01,228.09,228.09,228.07,228.07,228.11,228.11,228.09,228.1
07/01/2026,11:02,228.12,228.13,228.11,228.11,228.14,228.14,228.13,228.14
07/01/2026,11:04,228.17,228.19,228.17,228.19,228.19,228.22,228.18,228.22
07/01/2026,11:06,228.25,228.27,228.25,228.27,228.28,228.28,228.28,228.28
07/01/2026,11:07,228.28,228.29,228.28,228.29,228.31,228.32,228.31,228.32
07/01/2026,11:08,228.3,228.3,228.29,228.3,228.32,228.32,228.31,228.31
07/01/2026,11:10,228.29,228.31,228.29,228.31,228.31,228.33,228.31,228.33
07/01/2026,11:11,228.31,228.31,228.31,228.31,228.34,228.34,228.34,228.34
07/01/2026,11:12,228.35,228.35,228.35,228.35,228.37,228.37,228.37,228.37
07/01/2026,11:13,228.37,228.37,228.37,228.37,228.38,228.38,228.38,228.38
07/01/2026,11:14,228.3,228.32,228.3,228.32,228.33,228.33,228.32,228.33
07/01/2026,11:15,228.36,228.36,228.3,228.3,228.37,228.37,228.31,228.33
07/01/2026,11:16,228.29,228.29,228.29,228.29,228.3,228.3,228.3,228.3
07/01/2026,11:17,228.34,228.4,228.34,228.4,228.37,228.42,228.37,228.42
07/01/2026,11:18,228.33,228.33,228.32,228.32,228.35,228.35,228.35,228.35
07/01/2026,11:20,228.43,228.44,228.42,228.43,228.46,228.46,228.43,228.44
07/01/2026,11:21,228.42,228.42,228.4,228.4,228.45,228.45,228.43,228.43
07/01/2026,11:22,228.43,228.43,228.42,228.42,228.45,228.45,228.45,228.45
07/01/2026,11:23,228.44,228.44,228.43,228.43,228.46,228.46,228.45,228.45
07/01/2026,11:24,228.47,228.52,228.47,228.52,228.49,228.54,228.49,228.54
07/01/2026,11:25,228.54,228.54,228.48,228.48,228.55,228.55,228.51,228.51
07/01/2026,11:26,228.48,228.48,228.44,228.44,228.5,228.5,228.46,228.46
07/01/2026,11:27,228.48,228.48,228.48,228.48,228.49,228.49,228.49,228.49
07/01/2026,11:29,228.52,228.52,228.51,228.51,228.55,228.55,228.52,228.52
07/01/2026,11:30,228.48,228.48,228.46,228.46,228.49,228.49,228.48,228.48
07/01/2026,11:31,228.38,228.39,228.38,228.39,228.4,228.41,228.4,228.41
07/01/2026,11:32,228.34,228.34,228.34,228.34,228.36,228.36,228.36,228.36
07/01/2026,11:34,228.32,228.32,228.32,228.32,228.35,228.35,228.35,228.35
07/01/2026,11:35,228.36,228.36,228.36,228.36,228.39,228.39,228.39,228.39
07/01/2026,11:36,228.38,228.38,228.38,228.38,228.41,228.41,228.41,228.41
07/01/2026,11:37,228.39,228.39,228.38,228.38,228.42,228.42,228.41,228.41
07/01/2026,11:38,228.42,228.46,228.39,228.39,228.44,228.48,228.42,228.42
07/01/2026,11:39,228.47,228.47,228.47,228.47,228.49,228.49,228.49,228.49
07/01/2026,11:40,228.46,228.47,228.46,228.46,228.47,228.48,228.47,228.48
07/01/2026,11:41,228.51,228.51,228.5,228.5,228.54,228.54,228.52,228.52
07/01/2026,11:42,228.52,228.52,228.5,228.5,228.53,228.53,228.53,228.53
07/01/2026,11:43,228.5,228.53,228.5,228.53,228.52,228.55,228.52,228.55
07/01/2026,11:44,228.57,228.57,228.57,228.57,228.6,228.6,228.6,228.6
07/01/2026,11:45,228.61,228.63,228.61,228.63,228.62,228.65,228.62,228.65
07/01/2026,11:46,228.6,228.6,228.6,228.6,228.61,228.61,228.61,228.61
07/01/2026,11:47,228.65,228.65,228.64,228.65,228.67,228.67,228.66,228.67
07/01/2026,11:48,228.69,228.69,228.69,228.69,228.71,228.71,228.71,228.71
07/01/2026,11:51,228.72,228.72,228.72,228.72,228.74,228.74,228.74,228.74
07/01/2026,11:52,228.71,228.72,228.71,228.72,228.73,228.74,228.73,228.74
07/01/2026,11:53,228.8,228.8,228.8,228.8,228.82,228.82,228.81,228.81
07/01/2026,11:54,228.78,228.78,228.76,228.76,228.8,228.8,228.79,228.79
07/01/2026,11:55,228.77,228.77,228.77,228.77,228.79,228.79,228.79,228.79
07/01/2026,11:56,228.76,228.76,228.75,228.75,228.78,228.78,228.76,228.76
07/01/2026,11:57,228.74,228.74,228.73,228.73,228.76,228.76,228.76,228.76
07/01/2026,11:58,228.7,228.72,228.7,228.72,228.73,228.74,228.73,228.74
07/01/2026,11:59,228.74,228.74,228.74,228.74,228.76,228.76,228.76,228.76
07/01/2026,12:00,228.73,228.77,228.73,228.77,228.75,228.79,228.75,228.79
07/01/2026,12:01,228.77,228.77,228.77,228.77,228.78,228.8,228.78,228.79
07/01/2026,12:02,228.77,228.82,228.76,228.82,228.79,228.85,228.78,228.85
07/01/2026,12:03,228.88,228.88,228.84,228.84,228.9,228.9,228.87,228.87
07/01/2026,12:04,228.86,228.86,228.84,228.85,228.88,228.88,228.86,228.86
07/01/2026,12:05,228.85,228.85,228.85,228.85,228.86,228.86,228.86,228.86
07/01/2026,12:07,228.87,228.87,228.86,228.86,228.9,228.9,228.89,228.89
07/01/2026,12:08,228.88,228.89,228.88,228.89,228.9,228.92,228.9,228.92
07/01/2026,12:09,228.9,228.91,228.9,228.9,228.91,228.93,228.91,228.91
07/01/2026,12:10,228.85,228.85,228.85,228.85,228.88,228.88,228.88,228.88
07/01/2026,12:14,228.96,229.04,228.96,229.03,228.99,229.05,228.99,229.04
07/01/2026,12:15,229.04,229.05,229.04,229.05,229.06,229.07,229.06,229.07
07/01/2026,12:16,229.05,229.05,229.05,229.05,229.08,229.08,229.08,229.08
07/01/2026,12:17,229.02,229.03,229.02,229.03,229.04,229.06,229.04,229.06
07/01/2026,12:18,229,229,228.99,228.99,229.03,229.03,229.02,229.02
07/01/2026,12:19,229.04,229.04,229,229,229.06,229.06,229.02,229.02
07/01/2026,12:20,229,229,229,229,229.03,229.03,229.03,229.03
07/01/2026,12:21,229,229,228.96,228.96,229.02,229.02,228.99,228.99
07/01/2026,12:22,228.96,228.97,228.96,228.97,228.98,229,228.98,229
07/01/2026,12:23,229.01,229.02,229.01,229.02,229.04,229.04,229.04,229.04
07/01/2026,12:26,229,229,229,229,229.02,229.02,229.02,229.02
07/01/2026,12:27,229.03,229.05,229.03,229.05,229.05,229.07,229.05,229.07
07/01/2026,12:29,229.01,229.01,229.01,229.01,229.04,229.04,229.04,229.04
07/01/2026,12:30,229.08,229.08,229.08,229.08,229.1,229.1,229.1,229.1
07/01/2026,12:31,229.05,229.08,229.05,229.08,229.08,229.09,229.08,229.09
07/01/2026,12:32,229.07,229.07,229.07,229.07,229.09,229.09,229.09,229.09
07/01/2026,12:33,229.07,229.08,229.05,229.05,229.09,229.1,229.07,229.07
07/01/2026,12:34,229.06,229.06,229.06,229.06,229.09,229.09,229.09,229.09
07/01/2026,12:36,229,229,229,229,229.03,229.03,229.03,229.03
07/01/2026,12:37,229,229.01,228.99,229.01,229.02,229.02,229.01,229.02
07/01/2026,12:38,228.96,228.96,228.96,228.96,228.99,228.99,228.99,228.99
07/01/2026,12:39,228.97,228.97,228.96,228.96,228.99,228.99,228.97,228.97
07/01/2026,12:40,228.96,228.97,228.93,228.95,228.97,228.99,228.95,228.97
07/01/2026,12:42,228.9,228.91,228.9,228.9,228.92,228.93,228.92,228.92
07/01/2026,12:43,228.91,228.93,228.9,228.93,228.93,228.95,228.92,228.95
07/01/2026,12:44,228.93,228.94,228.92,228.94,228.94,228.96,228.94,228.96
07/01/2026,12:45,228.94,228.94,228.91,228.93,228.96,228.96,228.93,228.94
07/01/2026,12:46,228.92,228.92,228.91,228.91,228.94,228.94,228.93,228.93
07/01/2026,12:47,228.94,228.94,228.91,228.91,228.96,228.96,228.94,228.94
07/01/2026,12:49,228.85,228.85,228.83,228.83,228.86,228.87,228.85,228.85
07/01/2026,12:50,228.82,228.84,228.82,228.84,228.84,228.87,228.84,228.87
07/01/2026,12:51,228.84,228.85,228.76,228.76,228.87,228.87,228.79,228.79
07/01/2026,12:52,228.69,228.7,228.69,228.7,228.72,228.72,228.71,228.71
07/01/2026,12:53,228.66,228.68,228.66,228.68,228.68,228.7,228.68,228.7
07/01/2026,12:54,228.69,228.69,228.67,228.67,228.71,228.71,228.68,228.68
07/01/2026,12:55,228.67,228.67,228.64,228.64,228.69,228.69,228.66,228.66
07/01/2026,12:56,228.66,228.66,228.62,228.62,228.68,228.68,228.64,228.64
07/01/2026,12:57,228.64,228.64,228.64,228.64,228.66,228.66,228.66,228.66
07/01/2026,12:59,228.61,228.61,228.52,228.52,228.62,228.62,228.54,228.54
07/01/2026,13:00,228.54,228.54,228.53,228.53,228.57,228.57,228.54,228.54
07/01/2026,13:01,228.52,228.52,228.52,228.52,228.55,228.55,228.55,228.55
07/01/2026,13:03,228.51,228.51,228.48,228.48,228.52,228.52,228.51,228.51
07/01/2026,13:04,228.48,228.48,228.48,228.48,228.51,228.51,228.51,228.51
07/01/2026,13:06,228.46,228.46,228.38,228.41,228.48,228.48,228.41,228.42
07/01/2026,13:07,228.41,228.42,228.36,228.36,228.43,228.44,228.38,228.38
07/01/2026,13:09,228.39,228.4,228.39,228.4,228.41,228.42,228.41,228.42
07/01/2026,13:10,228.4,228.4,228.4,228.4,228.42,228.42,228.42,228.42
07/01/2026,13:11,228.42,228.42,228.42,228.42,228.43,228.43,228.43,228.43
07/01/2026,13:12,228.43,228.48,228.43,228.48,228.45,228.5,228.45,228.5
07/01/2026,13:13,228.49,228.5,228.49,228.5,228.51,228.51,228.51,228.51
07/01/2026,13:14,228.44,228.45,228.44,228.45,228.46,228.48,228.46,228.48
07/01/2026,13:15,228.52,228.52,228.51,228.51,228.53,228.53,228.52,228.52
07/01/2026,13:16,228.5,228.5,228.5,228.5,228.51,228.52,228.51,228.52
07/01/2026,13:17,228.5,228.51,228.49,228.51,228.52,228.53,228.52,228.53
07/01/2026,13:19,228.52,228.54,228.51,228.51,228.54,228.57,228.54,228.54
07/01/2026,13:20,228.5,228.53,228.5,228.5,228.52,228.54,228.52,228.52
07/01/2026,13:21,228.53,228.54,228.52,228.52,228.55,228.56,228.53,228.53
07/01/2026,13:22,228.49,228.49,228.49,228.49,228.51,228.51,228.51,228.51
07/01/2026,13:25,228.52,228.54,228.52,228.53,228.54,228.55,228.54,228.54
07/01/2026,13:26,228.53,228.53,228.53,228.53,228.55,228.55,228.55,228.55
07/01/2026,13:27,228.51,228.51,228.47,228.49,228.53,228.53,228.49,228.51
07/01/2026,13:28,228.52,228.52,228.52,228.52,228.53,228.53,228.53,228.53
07/01/2026,13:29,228.49,228.49,228.45,228.45,228.5,228.5,228.46,228.46
07/01/2026,13:30,228.49,228.49,228.49,228.49,228.5,228.5,228.5,228.5
07/01/2026,13:31,228.52,228.52,228.52,228.52,228.53,228.54,228.53,228.54
07/01/2026,13:32,228.53,228.53,228.48,228.48,228.55,228.55,228.49,228.49
07/01/2026,13:33,228.5,228.53,228.5,228.53,228.52,228.54,228.52,228.54
07/01/2026,13:34,228.52,228.52,228.52,228.52,228.53,228.53,228.53,228.53
07/01/2026,13:35,228.51,228.54,228.51,228.53,228.53,228.56,228.53,228.55
07/01/2026,13:37,228.52,228.56,228.52,228.56,228.54,228.58,228.54,228.58
07/01/2026,13:40,228.5,228.52,228.49,228.49,228.52,228.53,228.51,228.51
07/01/2026,13:41,228.49,228.49,228.48,228.48,228.5,228.5,228.5,228.5
07/01/2026,13:43,228.43,228.45,228.43,228.44,228.44,228.47,228.44,228.47
07/01/2026,13:44,228.43,228.43,228.42,228.42,228.45,228.45,228.44,228.44
07/01/2026,13:45,228.35,228.35,228.35,228.35,228.37,228.37,228.37,228.37
07/01/2026,13:46,228.37,228.38,228.34,228.34,228.38,228.39,228.36,228.36
07/01/2026,13:47,228.35,228.35,228.35,228.35,228.38,228.38,228.36,228.37
07/01/2026,13:48,228.33,228.33,228.33,228.33,228.34,228.34,228.34,228.34
07/01/2026,13:49,228.33,228.33,228.33,228.33,228.34,228.34,228.34,228.34
07/01/2026,13:50,228.29,228.29,228.29,228.29,228.3,228.3,228.3,228.3
07/01/2026,13:51,228.29,228.29,228.27,228.27,228.3,228.3,228.28,228.28
07/01/2026,13:52,228.25,228.25,228.24,228.24,228.26,228.27,228.25,228.25
07/01/2026,13:53,228.29,228.29,228.28,228.29,228.31,228.31,228.31,228.31
07/01/2026,13:55,228.25,228.3,228.23,228.3,228.26,228.31,228.24,228.31
07/01/2026,13:56,228.31,228.31,228.24,228.26,228.32,228.32,228.27,228.27
07/01/2026,13:57,228.26,228.26,228.24,228.24,228.27,228.27,228.26,228.26
07/01/2026,13:58,228.25,228.26,228.25,228.25,228.27,228.27,228.26,228.27
07/01/2026,13:59,228.26,228.28,228.26,228.27,228.27,228.29,228.27,228.29
07/01/2026,14:00,228.29,228.29,228.29,228.29,228.3,228.3,228.3,228.3
07/01/2026,14:01,228.34,228.35,228.33,228.35,228.36,228.36,228.35,228.36
07/01/2026,14:02,228.31,228.33,228.29,228.3,228.33,228.34,228.3,228.31
07/01/2026,14:03,228.29,228.29,228.29,228.29,228.3,228.3,228.3,228.3
07/01/2026,14:04,228.31,228.31,228.31,228.31,228.32,228.32,228.32,228.32
07/01/2026,14:05,228.33,228.33,228.33,228.33,228.34,228.34,228.34,228.34
07/01/2026,14:06,228.26,228.26,228.22,228.24,228.27,228.27,228.22,228.26
07/01/2026,14:07,228.28,228.28,228.28,228.28,228.29,228.29,228.29,228.29
07/01/2026,14:08,228.3,228.32,228.3,228.31,228.31,228.33,228.31,228.32
07/01/2026,14:09,228.27,228.29,228.27,228.28,228.28,228.3,228.28,228.3
07/01/2026,14:10,228.24,228.24,228.24,228.24,228.25,228.26,228.25,228.26
07/01/2026,14:11,228.27,228.27,228.26,228.26,228.28,228.28,228.28,228.28
07/01/2026,14:12,228.25,228.25,228.25,228.25,228.26,228.26,228.26,228.26
07/01/2026,14:13,228.27,228.27,228.24,228.27,228.29,228.29,228.25,228.28
07/01/2026,14:14,228.27,228.27,228.25,228.26,228.28,228.28,228.27,228.28
07/01/2026,14:15,228.21,228.21,228.2,228.2,228.22,228.22,228.21,228.22
07/01/2026,14:16,228.17,228.18,228.16,228.18,228.19,228.19,228.17,228.19
07/01/2026,14:17,228.17,228.19,228.17,228.19,228.19,228.2,228.18,228.2
07/01/2026,14:18,228.16,228.18,228.16,228.16,228.18,228.2,228.18,228.18
07/01/2026,14:19,228.19,228.26,228.19,228.26,228.2,228.28,228.2,228.28
07/01/2026,14:20,228.26,228.27,228.24,228.25,228.28,228.28,228.25,228.25
07/01/2026,14:21,228.28,228.3,228.25,228.29,228.29,228.32,228.28,228.31
07/01/2026,14:22,228.29,228.29,228.26,228.27,228.31,228.31,228.27,228.28
07/01/2026,14:23,228.26,228.29,228.24,228.24,228.27,228.31,228.25,228.26
07/01/2026,14:24,228.24,228.27,228.24,228.26,228.26,228.28,228.25,228.28
07/01/2026,14:25,228.26,228.27,228.24,228.24,228.28,228.28,228.25,228.25
07/01/2026,14:26,228.22,228.22,228.18,228.18,228.24,228.24,228.2,228.2
07/01/2026,14:27,228.18,228.19,228.16,228.19,228.2,228.21,228.17,228.21
07/01/2026,14:28,228.19,228.22,228.19,228.22,228.2,228.24,228.2,228.24
07/01/2026,14:29,228.2,228.22,228.2,228.22,228.22,228.24,228.22,228.24
07/01/2026,14:30,228.23,228.24,228.22,228.23,228.25,228.25,228.23,228.25
07/01/2026,14:31,228.24,228.24,228.19,228.21,228.26,228.26,228.21,228.22
07/01/2026,14:32,228.21,228.21,228.2,228.21,228.22,228.23,228.21,228.22
07/01/2026,14:33,228.2,228.21,228.19,228.19,228.22,228.23,228.21,228.21
07/01/2026,14:34,228.17,228.2,228.17,228.2,228.19,228.22,228.18,228.22
07/01/2026,14:35,228.19,228.2,228.19,228.2,228.21,228.22,228.2,228.22
07/01/2026,14:36,228.17,228.17,228.16,228.16,228.18,228.18,228.18,228.18
07/01/2026,14:37,228.17,228.18,228.16,228.16,228.18,228.19,228.17,228.17
07/01/2026,14:38,228.19,228.19,228.16,228.18,228.2,228.2,228.18,228.2
07/01/2026,14:39,228.18,228.22,228.18,228.21,228.2,228.24,228.2,228.23
07/01/2026,14:40,228.23,228.23,228.2,228.2,228.24,228.24,228.21,228.22
07/01/2026,14:41,228.19,228.23,228.19,228.22,228.2,228.25,228.2,228.24
07/01/2026,14:42,228.24,228.25,228.22,228.24,228.25,228.26,228.25,228.26
07/01/2026,14:43,228.24,228.27,228.24,228.26,228.25,228.28,228.25,228.27
07/01/2026,14:44,228.26,228.28,228.25,228.27,228.27,228.3,228.27,228.29
07/01/2026,14:45,228.27,228.27,228.26,228.27,228.28,228.29,228.28,228.28
07/01/2026,14:46,228.26,228.27,228.26,228.26,228.28,228.28,228.27,228.28
07/01/2026,14:47,228.24,228.24,228.2,228.2,228.26,228.26,228.22,228.22
07/01/2026,14:48,228.2,228.21,228.19,228.19,228.22,228.22,228.21,228.21
07/01/2026,14:49,228.21,228.21,228.19,228.2,228.23,228.23,228.21,228.22
07/01/2026,14:50,228.21,228.22,228.18,228.19,228.23,228.24,228.2,228.21
07/01/2026,14:51,228.21,228.21,228.16,228.16,228.23,228.23,228.18,228.18
07/01/2026,14:52,228.19,228.19,228.17,228.17,228.2,228.2,228.19,228.19
07/01/2026,14:53,228.17,228.2,228.14,228.16,228.19,228.23,228.16,228.17
07/01/2026,14:54,228.13,228.13,228.08,228.08,228.15,228.15,228.1,228.1
07/01/2026,14:55,228.1,228.1,228.06,228.08,228.12,228.12,228.07,228.09
07/01/2026,14:56,228.05,228.06,228.04,228.04,228.07,228.08,228.05,228.05
07/01/2026,14:57,228.04,228.07,228.03,228.07,228.06,228.09,228.05,228.09
07/01/2026,14:58,228.07,228.07,228.05,228.05,228.09,228.09,228.07,228.07
07/01/2026,14:59,228.1,228.1,228.1,228.1,228.12,228.12,228.12,228.12
07/01/2026,15:00,228.07,228.11,228.07,228.09,228.09,228.13,228.09,228.11
07/01/2026,15:01,228.08,228.11,228.08,228.11,228.1,228.14,228.1,228.14
07/01/2026,15:02,228.16,228.16,228.16,228.16,228.17,228.17,228.17,228.17
07/01/2026,15:03,228.14,228.14,228.14,228.14,228.16,228.16,228.15,228.15
07/01/2026,15:04,228.12,228.12,228.12,228.12,228.15,228.15,228.15,228.15
07/01/2026,15:05,228.09,228.09,228.06,228.06,228.11,228.11,228.08,228.08
07/01/2026,15:06,228.04,228.04,228.03,228.03,228.07,228.07,228.05,228.05
07/01/2026,15:10,228.04,228.04,228.01,228.01,228.06,228.06,228.03,228.03
07/01/2026,15:11,228,228,227.95,227.98,228.02,228.02,227.97,227.99
07/01/2026,15:12,227.99,228.01,227.99,228.01,228.01,228.03,228.01,228.03
07/01/2026,15:14,228.01,228.03,228.01,228.02,228.03,228.04,228.03,228.04
07/01/2026,15:15,228.03,228.05,228.02,228.05,228.05,228.06,228.03,228.06
07/01/2026,15:16,228.04,228.1,228.04,228.09,228.07,228.12,228.05,228.1
07/01/2026,15:17,228.08,228.08,228.02,228.03,228.09,228.09,228.04,228.05
07/01/2026,15:18,228.04,228.07,228.04,228.07,228.05,228.09,228.05,228.09
07/01/2026,15:19,228.06,228.06,228.01,228.01,228.07,228.07,228.04,228.04
07/01/2026,15:20,228.04,228.05,228.04,228.05,228.06,228.06,228.06,228.06
07/01/2026,15:21,228.03,228.03,228.03,228.03,228.04,228.05,228.04,228.05
07/01/2026,15:22,228.02,228.03,228.02,228.03,228.04,228.05,228.04,228.05
07/01/2026,15:23,228.02,228.02,227.99,228,228.04,228.04,228.01,228.02
07/01/2026,15:24,228,228.01,227.99,228.01,228.02,228.03,228.01,228.02
07/01/2026,15:25,227.97,227.97,227.97,227.97,227.99,227.99,227.99,227.99
07/01/2026,15:26,227.91,227.92,227.91,227.91,227.93,227.93,227.93,227.93
07/01/2026,15:27,227.88,227.89,227.88,227.88,227.91,227.91,227.89,227.89
07/01/2026,15:28,227.87,227.89,227.86,227.88,227.89,227.91,227.88,227.89
07/01/2026,15:29,227.87,227.89,227.84,227.84,227.89,227.9,227.86,227.86
07/01/2026,15:30,227.83,227.83,227.81,227.81,227.84,227.84,227.83,227.83
07/01/2026,15:31,227.84,227.86,227.81,227.86,227.86,227.88,227.82,227.88
07/01/2026,15:32,227.84,227.88,227.84,227.87,227.86,227.9,227.86,227.9
07/01/2026,15:33,227.86,227.88,227.85,227.87,227.89,227.9,227.87,227.89
07/01/2026,15:34,227.87,227.9,227.87,227.87,227.9,227.92,227.88,227.88
07/01/2026,15:35,227.88,227.9,227.87,227.89,227.89,227.92,227.89,227.91
07/01/2026,15:36,227.88,227.89,227.88,227.88,227.9,227.92,227.89,227.89
07/01/2026,15:37,227.87,227.87,227.86,227.87,227.89,227.9,227.88,227.9
07/01/2026,15:38,227.92,227.93,227.89,227.91,227.94,227.94,227.92,227.93
07/01/2026,15:39,227.9,227.91,227.88,227.88,227.91,227.92,227.9,227.9
07/01/2026,15:40,227.9,227.91,227.9,227.9,227.92,227.93,227.91,227.93
07/01/2026,15:41,227.92,227.93,227.87,227.87,227.93,227.95,227.89,227.89
07/01/2026,15:42,227.87,227.88,227.86,227.88,227.89,227.89,227.87,227.89
07/01/2026,15:43,227.89,227.89,227.86,227.86,227.92,227.92,227.88,227.88
07/01/2026,15:44,227.88,227.93,227.88,227.93,227.9,227.94,227.9,227.94
07/01/2026,15:45,227.91,227.92,227.89,227.91,227.93,227.94,227.9,227.92
07/01/2026,15:46,227.86,227.9,227.86,227.9,227.88,227.91,227.88,227.91
07/01/2026,15:47,227.89,227.91,227.89,227.89,227.91,227.93,227.91,227.91
07/01/2026,15:48,227.89,227.89,227.82,227.82,227.9,227.9,227.84,227.84
07/01/2026,15:49,227.86,227.88,227.85,227.88,227.87,227.9,227.86,227.9
07/01/2026,15:50,227.91,227.93,227.82,227.85,227.92,227.95,227.85,227.85
07/01/2026,15:51,227.85,227.88,227.82,227.88,227.86,227.9,227.84,227.89
07/01/2026,15:52,227.87,227.87,227.82,227.85,227.88,227.88,227.83,227.87
07/01/2026,15:53,227.86,227.87,227.85,227.87,227.87,227.89,227.87,227.89
07/01/2026,15:54,227.9,227.97,227.9,227.95,227.92,227.99,227.91,227.97
07/01/2026,15:55,227.92,227.94,227.82,227.93,227.95,227.95,227.84,227.95
07/01/2026,15:56,227.93,227.96,227.85,227.86,227.95,227.98,227.86,227.88
07/01/2026,15:57,227.85,227.85,227.7,227.72,227.87,227.87,227.72,227.73
07/01/2026,15:58,227.72,227.79,227.72,227.78,227.74,227.81,227.74,227.79
07/01/2026,15:59,227.78,227.89,227.77,227.79,227.79,227.91,227.78,227.85
07/02/2026,09:30,229.07,229.07,228.61,228.84,229.2,229.35,229.08,229.25
07/02/2026,09:31,229.37,229.37,229.31,229.31,229.46,229.46,229.43,229.43
07/02/2026,09:32,229.42,229.42,229.42,229.42,229.49,229.49,229.49,229.49
07/02/2026,09:34,229.26,229.35,229.26,229.35,229.38,229.42,229.38,229.42
07/02/2026,09:35,229.32,229.36,229.32,229.36,229.4,229.41,229.36,229.41
07/02/2026,09:36,229.42,229.53,229.42,229.5,229.46,229.56,229.46,229.54
07/02/2026,09:37,229.51,229.51,229.51,229.51,229.57,229.57,229.57,229.57
07/02/2026,09:38,229.56,229.6,229.54,229.56,229.61,229.62,229.58,229.61
07/02/2026,09:39,229.6,229.7,229.58,229.7,229.63,229.75,229.6,229.75
07/02/2026,09:40,229.68,229.68,229.64,229.68,229.74,229.74,229.65,229.74
07/02/2026,09:41,229.67,229.67,229.66,229.66,229.71,229.71,229.69,229.69
07/02/2026,09:42,229.71,229.82,229.71,229.82,229.74,229.87,229.74,229.87
07/02/2026,09:43,229.84,230,229.84,230,229.9,230.02,229.89,230.02
07/02/2026,09:44,229.97,230.02,229.96,230.02,229.99,230.07,229.99,230.06
07/02/2026,09:46,230.1,230.1,230.1,230.1,230.16,230.16,230.16,230.16
07/02/2026,09:47,230.09,230.09,229.99,230.01,230.12,230.12,230.05,230.05
07/02/2026,09:48,230.11,230.11,230.06,230.06,230.12,230.12,230.11,230.11
07/02/2026,09:49,230.14,230.14,230.04,230.04,230.16,230.16,230.08,230.08
07/02/2026,09:50,230.05,230.08,230.02,230.08,230.07,230.1,230.05,230.1
07/02/2026,09:51,230.09,230.09,230.06,230.06,230.13,230.13,230.07,230.07
07/02/2026,09:53,230.14,230.14,230.05,230.05,230.15,230.17,230.11,230.11
07/02/2026,09:54,229.88,229.89,229.81,229.81,229.93,229.94,229.86,229.86
07/02/2026,09:55,229.75,229.8,229.74,229.8,229.8,229.86,229.79,229.86
07/02/2026,09:56,229.77,229.77,229.77,229.77,229.83,229.83,229.83,229.83
07/02/2026,09:57,229.84,229.84,229.79,229.79,229.9,229.9,229.85,229.85
07/02/2026,09:58,229.83,229.85,229.83,229.85,229.87,229.88,229.87,229.88
07/02/2026,09:59,229.85,229.85,229.85,229.85,229.87,229.87,229.86,229.86
07/02/2026,10:01,229.81,229.81,229.72,229.72,229.87,229.87,229.75,229.75
07/02/2026,10:02,229.71,229.71,229.64,229.66,229.73,229.73,229.7,229.73
07/02/2026,10:03,229.72,229.72,229.64,229.64,229.79,229.79,229.67,229.67
07/02/2026,10:06,229.74,229.74,229.74,229.74,229.79,229.79,229.79,229.79
07/02/2026,10:07,229.73,229.73,229.7,229.7,229.76,229.76,229.73,229.73
07/02/2026,10:08,229.73,229.73,229.73,229.73,229.8,229.8,229.8,229.8
07/02/2026,10:09,229.71,229.71,229.7,229.7,229.76,229.76,229.75,229.75
07/02/2026,10:10,229.69,229.74,229.65,229.65,229.75,229.76,229.68,229.68
07/02/2026,10:11,229.78,229.81,229.77,229.81,229.82,229.87,229.81,229.87
07/02/2026,10:12,229.84,229.87,229.84,229.87,229.86,229.9,229.86,229.9
07/02/2026,10:13,229.9,229.9,229.88,229.88,229.95,229.95,229.93,229.94
07/02/2026,10:14,229.89,229.91,229.87,229.87,229.92,229.93,229.92,229.92
07/02/2026,10:15,229.88,229.88,229.87,229.87,229.9,229.92,229.9,229.92
07/02/2026,10:16,229.87,229.87,229.87,229.87,229.93,229.93,229.93,229.93
07/02/2026,10:17,229.89,229.89,229.87,229.87,229.91,229.92,229.91,229.92
07/02/2026,10:19,229.88,229.88,229.88,229.88,229.93,229.93,229.93,229.93
07/02/2026,10:20,229.88,229.88,229.82,229.83,229.9,229.9,229.87,229.88
07/02/2026,10:21,229.78,229.79,229.78,229.79,229.83,229.86,229.83,229.86
07/02/2026,10:23,229.75,229.75,229.75,229.75,229.81,229.81,229.81,229.81
07/02/2026,10:24,229.76,229.76,229.76,229.76,229.83,229.83,229.82,229.82
07/02/2026,10:25,229.78,229.78,229.78,229.78,229.84,229.84,229.84,229.84
07/02/2026,10:26,229.85,229.85,229.83,229.83,229.9,229.9,229.88,229.88
07/02/2026,10:28,229.55,229.55,229.55,229.55,229.59,229.59,229.59,229.59
07/02/2026,10:29,229.52,229.52,229.52,229.52,229.58,229.58,229.58,229.58
07/02/2026,10:30,229.54,229.66,229.54,229.63,229.6,229.71,229.6,229.65
07/02/2026,10:31,229.79,229.8,229.79,229.8,229.82,229.85,229.82,229.85
07/02/2026,10:32,229.78,229.8,229.78,229.78,229.83,229.86,229.82,229.82
07/02/2026,10:33,229.79,229.87,229.79,229.87,229.83,229.92,229.83,229.92
07/02/2026,10:34,229.76,229.76,229.76,229.76,229.78,229.78,229.78,229.78
07/02/2026,10:37,229.73,229.73,229.73,229.73,229.75,229.75,229.75,229.75
07/02/2026,10:38,229.69,229.69,229.67,229.67,229.73,229.73,229.73,229.73
07/02/2026,10:39,229.72,229.72,229.72,229.72,229.77,229.77,229.77,229.77
07/02/2026,10:40,229.74,229.78,229.74,229.78,229.76,229.84,229.76,229.84
07/02/2026,10:41,229.63,229.63,229.63,229.63,229.67,229.67,229.67,229.67
07/02/2026,10:42,229.54,229.6,229.5,229.6,229.57,229.63,229.54,229.63
07/02/2026,10:44,229.53,229.53,229.53,229.53,229.59,229.59,229.58,229.58
07/02/2026,10:45,229.57,229.66,229.57,229.66,229.6,229.69,229.6,229.69
07/02/2026,10:46,229.59,229.6,229.59,229.6,229.64,229.64,229.64,229.64
07/02/2026,10:47,229.67,229.74,229.67,229.7,229.7,229.76,229.7,229.73
07/02/2026,10:48,229.66,229.66,229.58,229.58,229.69,229.69,229.61,229.62
07/02/2026,10:49,229.63,229.66,229.63,229.64,229.64,229.67,229.64,229.67
07/02/2026,10:50,229.67,229.7,229.64,229.66,229.7,229.73,229.66,229.67
07/02/2026,10:51,229.66,229.76,229.66,229.76,229.68,229.78,229.68,229.77
07/02/2026,10:52,229.77,229.77,229.69,229.71,229.8,229.8,229.72,229.74
07/02/2026,10:53,229.67,229.67,229.61,229.61,229.7,229.7,229.64,229.64
07/02/2026,10:54,229.69,229.71,229.69,229.69,229.7,229.74,229.7,229.72
07/02/2026,10:55,229.7,229.76,229.7,229.76,229.73,229.78,229.73,229.78
07/02/2026,10:56,229.77,229.86,229.77,229.82,229.8,229.87,229.8,229.85
07/02/2026,10:57,229.75,229.8,229.75,229.8,229.8,229.81,229.8,229.81
07/02/2026,10:58,229.87,229.88,229.84,229.86,229.89,229.91,229.89,229.91
07/02/2026,10:59,229.91,229.93,229.86,229.93,229.92,229.95,229.89,229.95
07/02/2026,11:00,229.91,229.91,229.85,229.85,229.97,229.97,229.88,229.9
07/02/2026,11:01,229.93,229.95,229.91,229.95,229.94,229.98,229.93,229.98
07/02/2026,11:02,229.94,229.94,229.93,229.93,229.97,229.97,229.94,229.95
07/02/2026,11:03,229.92,229.92,229.92,229.92,229.96,229.96,229.96,229.96
07/02/2026,11:04,229.84,229.84,229.8,229.8,229.89,229.89,229.81,229.81
07/02/2026,11:05,229.79,229.79,229.73,229.73,229.84,229.84,229.78,229.78
07/02/2026,11:06,229.72,229.72,229.65,229.67,229.75,229.75,229.67,229.7
07/02/2026,11:07,229.54,229.54,229.47,229.47,229.58,229.58,229.48,229.49
07/02/2026,11:08,229.45,229.45,229.45,229.45,229.48,229.48,229.48,229.48
07/02/2026,11:09,229.5,229.5,229.5,229.5,229.57,229.57,229.57,229.57
07/02/2026,11:10,229.56,229.56,229.5,229.5,229.57,229.57,229.55,229.55
07/02/2026,11:11,229.59,229.76,229.59,229.76,229.64,229.8,229.64,229.8
07/02/2026,11:12,229.81,229.88,229.79,229.88,229.84,229.92,229.82,229.92
07/02/2026,11:13,229.88,229.88,229.84,229.84,229.91,229.91,229.87,229.87
07/02/2026,11:14,229.87,229.87,229.83,229.83,229.89,229.89,229.88,229.88
07/02/2026,11:15,229.83,229.85,229.78,229.78,229.89,229.89,229.79,229.79
07/02/2026,11:16,229.76,229.76,229.55,229.55,229.78,229.78,229.61,229.61
07/02/2026,11:17,229.56,229.56,229.53,229.54,229.63,229.63,229.58,229.6
07/02/2026,11:18,229.64,229.68,229.64,229.68,229.71,229.73,229.7,229.7
07/02/2026,11:20,229.55,229.59,229.53,229.59,229.58,229.61,229.56,229.61
07/02/2026,11:21,229.65,229.7,229.65,229.7,229.68,229.76,229.68,229.76
07/02/2026,11:22,229.7,229.7,229.69,229.7,229.75,229.75,229.73,229.73
07/02/2026,11:24,229.78,229.81,229.77,229.78,229.81,229.83,229.81,229.82
07/02/2026,11:25,229.78,229.78,229.7,229.74,229.82,229.84,229.73,229.79
07/02/2026,11:26,229.81,229.83,229.79,229.79,229.84,229.86,229.82,229.82
07/02/2026,11:27,229.73,229.73,229.71,229.71,229.8,229.8,229.74,229.74
07/02/2026,11:29,229.7,229.7,229.7,229.7,229.75,229.75,229.75,229.75
07/02/2026,11:30,229.59,229.65,229.59,229.65,229.61,229.7,229.61,229.7
07/02/2026,11:31,229.69,229.72,229.69,229.72,229.73,229.79,229.73,229.79
07/02/2026,11:32,229.81,229.82,229.81,229.82,229.82,229.85,229.82,229.85
07/02/2026,11:33,229.77,229.77,229.72,229.72,229.83,229.83,229.79,229.79
07/02/2026,11:34,229.77,229.77,229.7,229.7,229.82,229.82,229.73,229.73
07/02/2026,11:35,229.73,229.73,229.69,229.69,229.78,229.78,229.75,229.75
07/02/2026,11:36,229.8,229.8,229.8,229.8,229.83,229.83,229.83,229.83
07/02/2026,11:37,229.74,229.76,229.74,229.76,229.8,229.8,229.8,229.8
07/02/2026,11:38,229.73,229.74,229.73,229.74,229.77,229.79,229.77,229.79
07/02/2026,11:39,229.67,229.67,229.67,229.67,229.72,229.72,229.72,229.72
07/02/2026,11:41,229.65,229.68,229.62,229.62,229.69,229.69,229.65,229.65
07/02/2026,11:43,229.62,229.65,229.62,229.65,229.63,229.67,229.63,229.67
07/02/2026,11:45,229.61,229.61,229.61,229.61,229.64,229.64,229.64,229.64
07/02/2026,11:46,229.58,229.58,229.53,229.53,229.62,229.62,229.57,229.57
07/02/2026,11:47,229.48,229.48,229.48,229.48,229.52,229.52,229.52,229.52
07/02/2026,11:48,229.53,229.53,229.53,229.53,229.55,229.55,229.55,229.55
07/02/2026,11:49,229.51,229.51,229.51,229.51,229.55,229.55,229.55,229.55
07/02/2026,11:50,229.39,229.39,229.37,229.38,229.43,229.43,229.4,229.4
07/02/2026,11:51,229.36,229.36,229.36,229.36,229.39,229.39,229.39,229.39
07/02/2026,11:53,229.41,229.41,229.41,229.41,229.42,229.42,229.42,229.42
07/02/2026,11:54,229.43,229.45,229.42,229.45,229.44,229.49,229.44,229.49
07/02/2026,11:55,229.37,229.38,229.37,229.38,229.4,229.41,229.4,229.41
07/02/2026,11:56,229.37,229.37,229.37,229.37,229.41,229.41,229.41,229.41
07/02/2026,11:58,229.51,229.58,229.51,229.58,229.55,229.62,229.55,229.62
07/02/2026,11:59,229.53,229.53,229.53,229.53,229.57,229.57,229.57,229.57
07/02/2026,12:00,229.58,229.58,229.58,229.58,229.61,229.61,229.61,229.61
07/02/2026,12:02,229.47,229.47,229.47,229.47,229.51,229.51,229.51,229.51
07/02/2026,12:03,229.44,229.44,229.44,229.44,229.47,229.47,229.47,229.47
07/02/2026,12:04,229.53,229.53,229.53,229.53,229.57,229.57,229.57,229.57
07/02/2026,12:06,229.63,229.63,229.63,229.63,229.67,229.67,229.67,229.67
07/02/2026,12:07,229.63,229.63,229.62,229.62,229.65,229.65,229.63,229.63
07/02/2026,12:08,229.6,229.61,229.6,229.61,229.65,229.65,229.65,229.65
07/02/2026,12:10,229.63,229.67,229.63,229.67,229.67,229.7,229.67,229.7
07/02/2026,12:11,229.67,229.67,229.67,229.67,229.69,229.69,229.69,229.69
07/02/2026,12:12,229.65,229.71,229.65,229.69,229.68,229.74,229.68,229.73
07/02/2026,12:13,229.71,229.71,229.71,229.71,229.72,229.72,229.72,229.72
07/02/2026,12:14,229.61,229.61,229.55,229.59,229.64,229.64,229.58,229.62
07/02/2026,12:15,229.58,229.6,229.58,229.6,229.59,229.61,229.59,229.61
07/02/2026,12:16,229.63,229.64,229.6,229.63,229.64,229.66,229.63,229.65
07/02/2026,12:17,229.63,229.63,229.61,229.62,229.65,229.65,229.63,229.63
07/02/2026,12:18,229.54,229.54,229.54,229.54,229.55,229.57,229.55,229.57
07/02/2026,12:19,229.56,229.58,229.56,229.58,229.57,229.6,229.57,229.6
07/02/2026,12:20,229.54,229.54,229.5,229.51,229.57,229.57,229.51,229.53
07/02/2026,12:21,229.51,229.52,229.5,229.5,229.53,229.55,229.51,229.51
07/02/2026,12:22,229.5,229.53,229.5,229.53,229.52,229.54,229.52,229.54
07/02/2026,12:25,229.5,229.54,229.5,229.52,229.52,229.57,229.52,229.54
07/02/2026,12:26,229.51,229.51,229.51,229.51,229.54,229.54,229.54,229.54
07/02/2026,12:27,229.5,229.5,229.5,229.5,229.52,229.52,229.51,229.52
07/02/2026,12:28,229.51,229.51,229.51,229.51,229.53,229.53,229.53,229.53
07/02/2026,12:29,229.55,229.55,229.53,229.53,229.58,229.58,229.55,229.56
07/02/2026,12:30,229.48,229.48,229.48,229.48,229.52,229.52,229.52,229.52
07/02/2026,12:31,229.44,229.44,229.44,229.44,229.47,229.47,229.47,229.47
07/02/2026,12:32,229.43,229.45,229.43,229.45,229.46,229.48,229.46,229.48
07/02/2026,12:33,229.49,229.53,229.49,229.53,229.52,229.55,229.52,229.55
07/02/2026,12:34,229.44,229.44,229.44,229.44,229.46,229.46,229.46,229.46
07/02/2026,12:35,229.44,229.49,229.43,229.49,229.47,229.5,229.46,229.5
07/02/2026,12:36,229.49,229.53,229.49,229.53,229.52,229.55,229.52,229.55
07/02/2026,12:37,229.44,229.44,229.44,229.44,229.47,229.47,229.47,229.47
07/02/2026,12:38,229.36,229.38,229.36,229.38,229.4,229.41,229.4,229.4
07/02/2026,12:39,229.4,229.4,229.4,229.4,229.43,229.43,229.43,229.43
07/02/2026,12:40,229.41,229.42,229.39,229.42,229.43,229.44,229.4,229.44
07/02/2026,12:41,229.41,229.46,229.41,229.43,229.43,229.49,229.43,229.45
07/02/2026,12:42,229.41,229.41,229.41,229.41,229.44,229.44,229.42,229.44
07/02/2026,12:43,229.41,229.46,229.4,229.46,229.44,229.48,229.41,229.48
07/02/2026,12:44,229.43,229.47,229.43,229.47,229.46,229.48,229.46,229.48
07/02/2026,12:45,229.4,229.4,229.4,229.4,229.42,229.42,229.42,229.42
07/02/2026,12:47,229.4,229.44,229.37,229.44,229.42,229.48,229.4,229.48
07/02/2026,12:48,229.45,229.47,229.45,229.46,229.47,229.49,229.47,229.48
07/02/2026,12:49,229.47,229.47,229.47,229.47,229.5,229.5,229.5,229.5
07/02/2026,12:50,229.46,229.46,229.44,229.45,229.49,229.49,229.46,229.46
07/02/2026,12:51,229.5,229.5,229.46,229.46,229.51,229.51,229.48,229.48
07/02/2026,12:52,229.48,229.5,229.48,229.5,229.5,229.52,229.5,229.52
07/02/2026,12:54,229.45,229.47,229.45,229.47,229.48,229.49,229.48,229.49
07/02/2026,12:56,229.35,229.35,229.35,229.35,229.38,229.38,229.38,229.38
07/02/2026,12:57,229.33,229.33,229.27,229.27,229.35,229.35,229.29,229.29
07/02/2026,12:58,229.27,229.27,229.27,229.27,229.3,229.3,229.3,229.3
07/02/2026,12:59,229.31,229.31,229.29,229.31,229.33,229.33,229.31,229.33
07/02/2026,13:00,229.32,229.34,229.32,229.34,229.33,229.35,229.33,229.35
07/02/2026,13:01,229.25,229.25,229.25,229.25,229.26,229.26,229.26,229.26
07/02/2026,13:03,229.16,229.16,229.09,229.09,229.2,229.2,229.12,229.12
07/02/2026,13:04,228.97,228.98,228.97,228.98,228.99,229.01,228.98,229.01
07/02/2026,13:05,228.89,228.93,228.87,228.91,228.92,228.96,228.89,228.94
07/02/2026,13:07,229.1,229.1,229.08,229.08,229.12,229.12,229.12,229.12
07/02/2026,13:08,229.05,229.05,229.05,229.05,229.07,229.07,229.07,229.07
07/02/2026,13:09,229.09,229.09,229.09,229.09,229.11,229.11,229.11,229.11
07/02/2026,13:10,229.03,229.03,229.02,229.02,229.06,229.06,229.06,229.06
07/02/2026,13:11,229.06,229.06,229.03,229.06,229.08,229.08,229.05,229.08
07/02/2026,13:12,229.04,229.07,229.03,229.07,229.07,229.08,229.06,229.08
07/02/2026,13:13,229.06,229.08,229.06,229.08,229.08,229.1,229.08,229.1
07/02/2026,13:14,229.08,229.11,229.08,229.11,229.09,229.13,229.09,229.13
07/02/2026,13:15,229.13,229.13,229.13,229.13,229.15,229.15,229.15,229.15
07/02/2026,13:16,229.16,229.17,229.14,229.17,229.17,229.19,229.15,229.19
07/02/2026,13:17,229.11,229.12,229.1,229.1,229.13,229.13,229.12,229.12
07/02/2026,13:18,229.08,229.12,229.08,229.09,229.11,229.13,229.1,229.12
07/02/2026,13:19,229.1,229.1,228.99,228.99,229.12,229.12,229.05,229.05
07/02/2026,13:20,228.98,229.02,228.98,229.02,229.02,229.05,229.02,229.05
07/02/2026,13:21,228.97,228.97,228.97,228.97,229.01,229.01,229.01,229.01
07/02/2026,13:23,228.93,228.93,228.93,228.93,228.96,228.99,228.96,228.97
07/02/2026,13:25,228.94,228.98,228.94,228.98,228.97,229.01,228.97,229.01
07/02/2026,13:26,228.96,228.96,228.94,228.94,229.01,229.01,228.95,228.95
07/02/2026,13:28,228.97,228.97,228.97,228.97,229,229,229,229
07/02/2026,13:29,228.97,229,228.94,229,228.98,229.02,228.97,229.02
07/02/2026,13:30,228.97,228.97,228.97,228.97,228.99,229,228.99,229
07/02/2026,13:32,229.01,229.01,229.01,229.01,229.04,229.04,229.04,229.04
07/02/2026,13:33,229.03,229.07,229.03,229.07,229.08,229.1,229.08,229.08
07/02/2026,13:34,229.05,229.05,228.99,228.99,229.1,229.1,229,229
07/02/2026,13:35,228.98,228.98,228.95,228.95,229,229,228.97,228.97
07/02/2026,13:36,228.91,228.96,228.91,228.95,228.94,228.98,228.94,228.98
07/02/2026,13:37,228.9,228.92,228.88,228.92,228.93,228.94,228.92,228.94
07/02/2026,13:38,228.91,228.91,228.88,228.88,228.96,228.96,228.91,228.91
07/02/2026,13:39,228.89,228.89,228.84,228.84,228.92,228.94,228.88,228.88
07/02/2026,13:40,228.86,228.86,228.79,228.81,228.89,228.89,228.83,228.83
07/02/2026,13:41,228.86,228.86,228.82,228.82,228.87,228.87,228.87,228.87
07/02/2026,13:42,228.82,228.83,228.82,228.83,228.85,228.87,228.84,228.84
07/02/2026,13:43,228.83,228.83,228.83,228.83,228.85,228.85,228.85,228.85
07/02/2026,13:47,228.8,228.8,228.78,228.78,228.83,228.83,228.82,228.82
07/02/2026,13:49,228.79,228.79,228.79,228.79,228.83,228.83,228.83,228.83
07/02/2026,13:50,228.76,228.76,228.76,228.76,228.8,228.8,228.78,228.78
07/02/2026,13:51,228.74,228.8,228.74,228.79,228.75,228.83,228.75,228.83
07/02/2026,13:52,228.83,228.85,228.83,228.85,228.84,228.87,228.84,228.87
07/02/2026,13:53,228.85,228.86,228.85,228.85,228.86,228.87,228.86,228.86
07/02/2026,13:54,228.85,228.87,228.83,228.83,228.86,228.89,228.86,228.86
07/02/2026,13:55,228.84,228.84,228.79,228.79,228.85,228.85,228.81,228.81
07/02/2026,13:56,228.76,228.77,228.76,228.76,228.77,228.78,228.77,228.77
07/02/2026,13:57,228.75,228.75,228.73,228.73,228.76,228.76,228.75,228.75
07/02/2026,13:58,228.73,228.73,228.69,228.69,228.74,228.74,228.7,228.7
07/02/2026,13:59,228.66,228.7,228.66,228.7,228.67,228.71,228.67,228.71
07/02/2026,14:00,228.72,228.73,228.68,228.73,228.73,228.76,228.7,228.76
07/02/2026,14:01,228.73,228.77,228.73,228.77,228.76,228.78,228.76,228.78
07/02/2026,14:02,228.78,228.78,228.78,228.78,228.79,228.79,228.79,228.79
07/02/2026,14:03,228.78,228.81,228.78,228.81,228.79,228.83,228.79,228.83
07/02/2026,14:04,228.82,228.85,228.82,228.85,228.85,228.87,228.85,228.87
07/02/2026,14:05,228.9,228.94,228.9,228.93,228.93,228.96,228.93,228.95
07/02/2026,14:06,228.95,229.04,228.95,229.02,228.97,229.06,228.97,229.03
07/02/2026,14:07,228.98,228.98,228.98,228.98,229,229,229,229
07/02/2026,14:08,229.05,229.06,229.05,229.06,229.06,229.08,229.06,229.07
07/02/2026,14:09,229.07,229.09,229.07,229.09,229.09,229.1,229.08,229.1
07/02/2026,14:10,229.18,229.19,229.07,229.07,229.2,229.2,229.1,229.1
07/02/2026,14:11,229.1,229.12,229.1,229.11,229.11,229.14,229.11,229.12
07/02/2026,14:12,229.1,229.11,229.08,229.1,229.12,229.12,229.1,229.11
07/02/2026,14:13,229.11,229.11,229.09,229.11,229.12,229.13,229.12,229.13
07/02/2026,14:14,229.1,229.12,229.09,229.09,229.13,229.13,229.11,229.11
07/02/2026,14:15,229.12,229.13,229.11,229.12,229.13,229.15,229.12,229.14
07/02/2026,14:16,229.11,229.11,229.11,229.11,229.13,229.13,229.13,229.13
07/02/2026,14:17,229.14,229.14,229.1,229.1,229.15,229.15,229.11,229.11
07/02/2026,14:18,229.01,229.05,228.93,228.96,229.02,229.07,228.96,228.98
07/02/2026,14:19,229,229,228.97,229,229.01,229.01,228.99,229.01
07/02/2026,14:20,229.03,229.03,229.03,229.03,229.05,229.05,229.05,229.05
07/02/2026,14:21,229.08,229.11,229.08,229.11,229.1,229.12,229.1,229.12
07/02/2026,14:23,229.15,229.15,229.15,229.15,229.17,229.17,229.17,229.17
07/02/2026,14:24,229.1,229.1,229.1,229.1,229.12,229.12,229.12,229.12
07/02/2026,14:25,229.14,229.14,229.14,229.14,229.15,229.15,229.15,229.15
07/02/2026,14:26,229.15,229.15,229.15,229.15,229.17,229.17,229.17,229.17
07/02/2026,14:27,229.12,229.14,229.12,229.14,229.14,229.15,229.14,229.15
07/02/2026,14:29,229.15,229.15,229.15,229.15,229.16,229.16,229.16,229.16
07/02/2026,14:30,229.18,229.28,229.18,229.28,229.2,229.3,229.2,229.3
07/02/2026,14:31,229.35,229.35,229.35,229.35,229.38,229.38,229.38,229.38
07/02/2026,14:33,229.33,229.33,229.33,229.33,229.37,229.37,229.36,229.36
07/02/2026,14:34,229.31,229.31,229.31,229.31,229.33,229.33,229.33,229.33
07/02/2026,14:35,229.34,229.34,229.34,229.34,229.36,229.36,229.36,229.36
07/02/2026,14:38,229.42,229.45,229.42,229.43,229.44,229.48,229.44,229.45
07/02/2026,14:39,229.42,229.42,229.42,229.42,229.43,229.43,229.43,229.43
07/02/2026,14:40,229.45,229.45,229.42,229.45,229.46,229.47,229.45,229.46
07/02/2026,14:42,229.44,229.48,229.44,229.48,229.45,229.5,229.45,229.5
07/02/2026,14:43,229.47,229.48,229.47,229.48,229.49,229.5,229.49,229.5
07/02/2026,14:44,229.47,229.47,229.47,229.47,229.49,229.49,229.48,229.48
07/02/2026,14:45,229.44,229.44,229.41,229.41,229.46,229.46,229.42,229.42
07/02/2026,14:46,229.39,229.39,229.38,229.38,229.4,229.4,229.39,229.39
07/02/2026,14:47,229.38,229.38,229.38,229.38,229.41,229.41,229.41,229.41
07/02/2026,14:48,229.41,229.41,229.41,229.41,229.43,229.43,229.43,229.43
07/02/2026,14:51,229.43,229.43,229.43,229.43,229.44,229.45,229.44,229.45
07/02/2026,14:54,229.37,229.37,229.33,229.33,229.39,229.39,229.35,229.35
07/02/2026,14:55,229.38,229.38,229.38,229.38,229.4,229.4,229.39,229.4
07/02/2026,14:56,229.38,229.38,229.34,229.34,229.4,229.4,229.36,229.36
07/02/2026,14:57,229.33,229.34,229.33,229.34,229.35,229.36,229.34,229.34
07/02/2026,14:58,229.38,229.38,229.33,229.34,229.4,229.4,229.35,229.36
07/02/2026,14:59,229.34,229.34,229.33,229.33,229.35,229.35,229.35,229.35
07/02/2026,15:00,229.34,229.34,229.24,229.26,229.36,229.36,229.27,229.29
07/02/2026,15:01,229.26,229.29,229.26,229.29,229.29,229.3,229.29,229.3
07/02/2026,15:02,229.29,229.3,229.28,229.28,229.31,229.32,229.31,229.31
07/02/2026,15:03,229.29,229.3,229.29,229.3,229.31,229.32,229.31,229.32
07/02/2026,15:04,229.23,229.23,229.08,229.09,229.25,229.25,229.1,229.11
07/02/2026,15:05,229.1,229.13,229.1,229.11,229.11,229.13,229.11,229.12
07/02/2026,15:06,229.06,229.16,229.06,229.16,229.1,229.2,229.1,229.2
07/02/2026,15:07,229.17,229.17,229.08,229.12,229.2,229.2,229.11,229.16
07/02/2026,15:08,229.11,229.14,229.11,229.14,229.14,229.16,229.14,229.16
07/02/2026,15:09,229.14,229.14,229.14,229.14,229.16,229.16,229.16,229.16
07/02/2026,15:10,229.09,229.09,229.08,229.08,229.11,229.11,229.1,229.1
07/02/2026,15:11,229.13,229.15,229.13,229.15,229.15,229.17,229.15,229.17
07/02/2026,15:12,229.14,229.18,229.13,229.18,229.16,229.21,229.15,229.21
07/02/2026,15:13,229.2,229.2,229.2,229.2,229.22,229.23,229.22,229.23
07/02/2026,15:14,229.19,229.19,229.19,229.19,229.21,229.22,229.21,229.22
07/02/2026,15:15,229.15,229.15,229.15,229.15,229.18,229.18,229.18,229.18
07/02/2026,15:16,229.07,229.1,229.06,229.09,229.1,229.13,229.09,229.12
07/02/2026,15:19,229.14,229.18,229.14,229.18,229.16,229.21,229.16,229.21
07/02/2026,15:20,229.17,229.18,229.17,229.18,229.2,229.2,229.2,229.2
07/02/2026,15:21,229.18,229.24,229.18,229.22,229.21,229.27,229.21,229.24
07/02/2026,15:22,229.23,229.26,229.23,229.26,229.25,229.28,229.25,229.28
07/02/2026,15:23,229.26,229.29,229.26,229.29,229.29,229.32,229.29,229.32
07/02/2026,15:24,229.26,229.26,229.23,229.23,229.29,229.29,229.27,229.27
07/02/2026,15:25,229.25,229.26,229.25,229.26,229.27,229.28,229.27,229.28
07/02/2026,15:26,229.26,229.29,229.25,229.29,229.28,229.32,229.28,229.32
07/02/2026,15:27,229.3,229.3,229.3,229.3,229.31,229.31,229.31,229.31
07/02/2026,15:28,229.41,229.41,229.41,229.41,229.43,229.43,229.43,229.43
07/02/2026,15:29,229.43,229.43,229.37,229.37,229.44,229.46,229.4,229.4
07/02/2026,15:30,229.37,229.44,229.35,229.41,229.38,229.45,229.37,229.43
07/02/2026,15:31,229.43,229.44,229.41,229.42,229.45,229.46,229.43,229.45
07/02/2026,15:32,229.45,229.46,229.45,229.46,229.46,229.47,229.46,229.47
07/02/2026,15:33,229.44,229.44,229.44,229.44,229.46,229.46,229.46,229.46
07/02/2026,15:34,229.49,229.5,229.48,229.48,229.52,229.53,229.5,229.5
07/02/2026,15:35,229.47,229.55,229.47,229.55,229.5,229.58,229.5,229.58
07/02/2026,15:36,229.53,229.53,229.51,229.52,229.55,229.55,229.52,229.54
07/02/2026,15:37,229.51,229.55,229.51,229.55,229.53,229.57,229.53,229.57
07/02/2026,15:38,229.57,229.57,229.57,229.57,229.59,229.59,229.59,229.59
07/02/2026,15:39,229.58,229.59,229.56,229.59,229.59,229.62,229.58,229.62
07/02/2026,15:40,229.59,229.62,229.59,229.61,229.61,229.64,229.61,229.62
07/02/2026,15:41,229.58,229.6,229.58,229.6,229.61,229.61,229.61,229.61
07/02/2026,15:42,229.6,229.63,229.6,229.63,229.62,229.64,229.62,229.64
07/02/2026,15:43,229.64,229.68,229.64,229.68,229.65,229.7,229.65,229.7
07/02/2026,15:45,229.66,229.72,229.66,229.69,229.68,229.73,229.68,229.72
07/02/2026,15:46,229.68,229.73,229.68,229.72,229.71,229.74,229.69,229.73
07/02/2026,15:47,229.73,229.73,229.7,229.7,229.74,229.74,229.71,229.71
07/02/2026,15:49,229.72,229.72,229.72,229.72,229.75,229.75,229.75,229.75
07/02/2026,15:50,229.73,229.84,229.72,229.82,229.75,229.86,229.75,229.84
07/02/2026,15:51,229.81,229.84,229.78,229.84,229.83,229.86,229.81,229.86
07/02/2026,15:52,229.85,229.88,229.84,229.87,229.88,229.9,229.86,229.9
07/02/2026,15:53,229.91,229.91,229.86,229.86,229.95,229.95,229.89,229.89
07/02/2026,15:54,229.92,229.92,229.85,229.85,229.93,229.93,229.86,229.86
07/02/2026,15:55,229.91,229.98,229.88,229.97,229.93,230,229.9,230
07/02/2026,15:56,230.01,230.06,230.01,230.04,230.02,230.09,230.02,230.05
07/02/2026,15:57,230.05,230.19,230.05,230.13,230.09,230.21,230.09,230.15
07/02/2026,15:58,230.14,230.23,230.02,230.18,230.16,230.25,230.04,230.2
07/02/2026,15:59,230.18,230.24,230.06,230.15,230.21,230.28,230.09,230.16
07/06/2026,09:30,230.68,230.8,230.41,230.74,230.79,230.99,230.63,230.87
07/06/2026,09:31,230.74,230.74,230.5,230.5,230.84,230.88,230.53,230.53
07/06/2026,09:32,230.43,230.44,230.38,230.44,230.5,230.61,230.47,230.61
07/06/2026,09:33,230.47,230.47,230.45,230.45,230.55,230.6,230.55,230.6
07/06/2026,09:34,230.36,230.36,230.31,230.31,230.55,230.55,230.48,230.48
07/06/2026,09:35,230.17,230.17,230.11,230.14,230.3,230.3,230.18,230.26
07/06/2026,09:36,230.16,230.27,230.16,230.24,230.29,230.38,230.29,230.38
07/06/2026,09:37,230.26,230.26,230.25,230.25,230.37,230.37,230.31,230.34
07/06/2026,09:40,230.11,230.13,230.11,230.13,230.22,230.22,230.19,230.19
07/06/2026,09:41,230.11,230.12,230.07,230.12,230.19,230.22,230.13,230.22
07/06/2026,09:42,230.08,230.13,230.08,230.13,230.14,230.31,230.14,230.31
07/06/2026,09:43,230.12,230.24,230.12,230.24,230.23,230.32,230.23,230.32
07/06/2026,09:45,230.27,230.4,230.27,230.32,230.33,230.6,230.33,230.43
07/06/2026,09:46,230.25,230.33,230.25,230.33,230.37,230.44,230.37,230.43
07/06/2026,09:47,230.28,230.28,230.28,230.28,230.34,230.34,230.31,230.31
07/06/2026,09:48,230.48,230.48,230.47,230.47,230.52,230.55,230.52,230.55
07/06/2026,09:49,230.45,230.45,230.45,230.45,230.55,230.55,230.55,230.55
07/06/2026,09:50,230.5,230.5,230.4,230.44,230.58,230.58,230.49,230.53
07/06/2026,09:51,230.48,230.51,230.45,230.46,230.57,230.58,230.53,230.58
07/06/2026,09:52,230.5,230.5,230.46,230.46,230.57,230.57,230.55,230.55
07/06/2026,09:54,230.38,230.4,230.32,230.32,230.49,230.5,230.4,230.4
07/06/2026,09:55,230.11,230.11,230.11,230.11,230.23,230.23,230.23,230.23
07/06/2026,09:56,230.05,230.08,230.05,230.08,230.15,230.15,230.14,230.14
07/06/2026,09:59,230.06,230.06,230.06,230.06,230.14,230.14,230.14,230.14
07/06/2026,10:00,230,230.08,229.8,230.08,230.14,230.16,230.02,230.15
07/06/2026,10:02,230.2,230.21,230.15,230.17,230.29,230.29,230.24,230.24
07/06/2026,10:04,230.08,230.08,230.03,230.03,230.16,230.16,230.08,230.08
07/06/2026,10:05,230.06,230.06,229.96,229.96,230.13,230.13,230.02,230.02
07/06/2026,10:06,229.95,229.95,229.95,229.95,229.99,229.99,229.99,229.99
07/06/2026,10:08,229.87,229.87,229.86,229.87,229.93,229.95,229.93,229.95
07/06/2026,10:09,229.95,229.95,229.95,229.95,230.02,230.02,230.02,230.02
07/06/2026,10:10,229.9,229.99,229.9,229.99,229.96,230.05,229.93,230.01
07/06/2026,10:11,229.95,229.98,229.95,229.95,230.04,230.04,230.03,230.03
07/06/2026,10:12,229.84,229.84,229.84,229.84,229.93,229.93,229.93,229.93
07/06/2026,10:13,230,230,229.98,229.98,230.03,230.05,230.03,230.05
07/06/2026,10:14,230.01,230.01,229.99,229.99,230.05,230.05,230.05,230.05
07/06/2026,10:15,230.01,230.02,229.95,229.95,230.05,230.05,230.01,230.01
07/06/2026,10:16,229.93,229.98,229.91,229.96,229.98,230.04,229.96,230.03
07/06/2026,10:17,229.99,230.03,229.99,230.02,230.02,230.06,230.02,230.04
07/06/2026,10:18,230,230,229.96,229.97,230.08,230.08,230.01,230.02
07/06/2026,10:19,230,230.04,229.99,230.04,230.06,230.06,230.06,230.06
07/06/2026,10:21,230.15,230.15,230.15,230.15,230.21,230.21,230.21,230.21
07/06/2026,10:22,230.11,230.11,230.11,230.11,230.16,230.16,230.16,230.16
07/06/2026,10:23,230.16,230.17,230.16,230.17,230.22,230.24,230.22,230.24
07/06/2026,10:24,230.16,230.19,230.1,230.12,230.23,230.23,230.13,230.16
07/06/2026,10:25,230.17,230.17,230.17,230.17,230.22,230.23,230.22,230.23
07/06/2026,10:26,230.15,230.15,230.15,230.15,230.19,230.19,230.19,230.19
07/06/2026,10:27,230.17,230.17,230.13,230.16,230.19,230.2,230.17,230.19
07/06/2026,10:28,230.16,230.19,230.16,230.19,230.22,230.25,230.2,230.24
07/06/2026,10:30,230.22,230.22,230.2,230.2,230.25,230.25,230.21,230.21
07/06/2026,10:31,230.21,230.21,230.21,230.21,230.26,230.26,230.26,230.26
07/06/2026,10:32,230.2,230.2,230.19,230.19,230.22,230.24,230.22,230.24
07/06/2026,10:33,230.19,230.19,230.17,230.17,230.22,230.22,230.18,230.2
07/06/2026,10:34,230.09,230.09,230.07,230.07,230.14,230.14,230.09,230.09
07/06/2026,10:35,230.03,230.12,230.03,230.12,230.09,230.14,230.09,230.14
07/06/2026,10:36,230.06,230.06,230.06,230.06,230.09,230.09,230.09,230.09
07/06/2026,10:37,230.02,230.02,230.02,230.02,230.06,230.06,230.06,230.06
07/06/2026,10:38,230.06,230.06,230.06,230.06,230.09,230.09,230.09,230.09
07/06/2026,10:39,230.02,230.06,230.02,230.06,230.08,230.11,230.08,230.11
07/06/2026,10:40,230.11,230.11,230.11,230.11,230.17,230.17,230.17,230.17
07/06/2026,10:41,230.11,230.11,230.11,230.11,230.12,230.12,230.12,230.12
07/06/2026,10:42,230.01,230.01,230.01,230.01,230.02,230.02,230.02,230.02
07/06/2026,10:43,229.97,229.97,229.97,229.97,230,230,230,230
07/06/2026,10:44,229.97,230.01,229.97,230.01,230.02,230.05,230.02,230.05
07/06/2026,10:45,230.01,230.01,230.01,230.01,230.05,230.06,230.05,230.06
07/06/2026,10:46,230.01,230.01,230,230,230.03,230.03,230.03,230.03
07/06/2026,10:47,229.99,230,229.99,230,230.02,230.05,230.02,230.05
07/06/2026,10:48,230.03,230.03,230.02,230.02,230.06,230.06,230.04,230.04
07/06/2026,10:49,230.06,230.06,230.02,230.02,230.07,230.07,230.07,230.07
07/06/2026,10:51,230.08,230.08,230.06,230.07,230.12,230.12,230.09,230.1
07/06/2026,10:52,230.03,230.07,230.03,230.06,230.08,230.12,230.08,230.1
07/06/2026,10:53,230.2,230.2,230.2,230.2,230.23,230.23,230.23,230.23
07/06/2026,10:54,230.2,230.21,230.2,230.21,230.23,230.25,230.23,230.25
07/06/2026,10:55,230.21,230.25,230.21,230.25,230.24,230.29,230.24,230.29
07/06/2026,10:56,230.29,230.29,230.29,230.29,230.32,230.33,230.32,230.33
07/06/2026,10:57,230.28,230.28,230.28,230.28,230.3,230.3,230.3,230.3
07/06/2026,10:58,230.35,230.35,230.32,230.32,230.38,230.38,230.33,230.33
07/06/2026,10:59,230.39,230.39,230.39,230.39,230.44,230.44,230.44,230.44
07/06/2026,11:00,230.41,230.44,230.4,230.4,230.45,230.49,230.42,230.42
07/06/2026,11:01,230.4,230.45,230.38,230.45,230.41,230.48,230.41,230.48
07/06/2026,11:02,230.47,230.48,230.44,230.44,230.51,230.51,230.45,230.45
07/06/2026,11:03,230.42,230.42,230.42,230.42,230.45,230.45,230.43,230.45
07/06/2026,11:04,230.39,230.39,230.39,230.39,230.42,230.42,230.42,230.42
07/06/2026,11:05,230.4,230.4,230.4,230.4,230.41,230.41,230.41,230.41
07/06/2026,11:06,230.39,230.39,230.39,230.39,230.42,230.42,230.42,230.42
07/06/2026,11:07,230.31,230.39,230.31,230.38,230.34,230.42,230.34,230.42
07/06/2026,11:08,230.39,230.45,230.39,230.45,230.42,230.48,230.42,230.48
07/06/2026,11:09,230.44,230.44,230.44,230.44,230.46,230.46,230.46,230.46
07/06/2026,11:10,230.49,230.49,230.46,230.48,230.51,230.51,230.48,230.51
07/06/2026,11:11,230.5,230.5,230.5,230.5,230.53,230.53,230.53,230.53
07/06/2026,11:12,230.46,230.46,230.45,230.45,230.48,230.48,230.48,230.48
07/06/2026,11:13,230.46,230.47,230.46,230.47,230.48,230.48,230.48,230.48
07/06/2026,11:14,230.41,230.45,230.41,230.45,230.44,230.47,230.44,230.46
07/06/2026,11:15,230.46,230.46,230.46,230.46,230.47,230.49,230.47,230.49
07/06/2026,11:16,230.47,230.48,230.44,230.44,230.5,230.5,230.46,230.46
07/06/2026,11:17,230.42,230.44,230.42,230.44,230.43,230.47,230.43,230.47
07/06/2026,11:18,230.42,230.44,230.42,230.44,230.46,230.46,230.46,230.46
07/06/2026,11:19,230.38,230.38,230.38,230.38,230.42,230.42,230.42,230.42
07/06/2026,11:20,230.39,230.39,230.36,230.36,230.41,230.41,230.4,230.4
07/06/2026,11:21,230.4,230.4,230.4,230.4,230.43,230.43,230.43,230.43
07/06/2026,11:22,230.36,230.36,230.36,230.36,230.39,230.39,230.39,230.39
07/06/2026,11:23,230.4,230.4,230.38,230.4,230.41,230.42,230.4,230.42
07/06/2026,11:24,230.42,230.42,230.42,230.42,230.45,230.45,230.45,230.45
07/06/2026,11:25,230.44,230.44,230.44,230.44,230.45,230.45,230.45,230.45
07/06/2026,11:26,230.38,230.39,230.38,230.39,230.42,230.43,230.42,230.43
07/06/2026,11:27,230.39,230.39,230.37,230.37,230.41,230.41,230.4,230.4
07/06/2026,11:29,230.4,230.4,230.4,230.4,230.44,230.44,230.42,230.42
07/06/2026,11:30,230.38,230.46,230.38,230.41,230.41,230.48,230.41,230.44
07/06/2026,11:31,230.46,230.46,230.46,230.46,230.49,230.49,230.49,230.49
07/06/2026,11:32,230.38,230.38,230.38,230.38,230.4,230.4,230.4,230.4
07/06/2026,11:33,230.35,230.35,230.35,230.35,230.37,230.37,230.37,230.37
07/06/2026,11:34,230.4,230.41,230.4,230.41,230.43,230.44,230.43,230.44
07/06/2026,11:35,230.41,230.41,230.37,230.37,230.43,230.43,230.38,230.4
07/06/2026,11:36,230.38,230.38,230.38,230.38,230.41,230.41,230.39,230.39
07/06/2026,11:37,230.33,230.34,230.33,230.34,230.35,230.37,230.35,230.35
07/06/2026,11:38,230.34,230.35,230.34,230.35,230.37,230.38,230.37,230.38
07/06/2026,11:41,230.42,230.42,230.42,230.42,230.45,230.45,230.45,230.45
07/06/2026,11:42,230.4,230.4,230.4,230.4,230.43,230.43,230.43,230.43
07/06/2026,11:43,230.39,230.39,230.38,230.38,230.43,230.43,230.41,230.41
07/06/2026,11:44,230.41,230.43,230.41,230.43,230.44,230.46,230.44,230.46
07/06/2026,11:45,230.47,230.47,230.46,230.46,230.5,230.5,230.47,230.47
07/06/2026,11:46,230.42,230.42,230.42,230.42,230.44,230.45,230.44,230.45
07/06/2026,11:47,230.42,230.42,230.41,230.41,230.44,230.44,230.43,230.43
07/06/2026,11:48,230.39,230.41,230.38,230.38,230.42,230.43,230.4,230.4
07/06/2026,11:49,230.43,230.43,230.43,230.43,230.45,230.45,230.45,230.45
07/06/2026,11:50,230.39,230.39,230.39,230.39,230.43,230.43,230.43,230.43
07/06/2026,11:52,230.43,230.43,230.39,230.39,230.44,230.44,230.42,230.42
07/06/2026,11:54,230.41,230.44,230.41,230.43,230.45,230.46,230.45,230.45
07/06/2026,11:55,230.43,230.45,230.43,230.45,230.45,230.47,230.45,230.47
07/06/2026,11:56,230.47,230.47,230.47,230.47,230.49,230.49,230.49,230.49
07/06/2026,11:57,230.45,230.45,230.45,230.45,230.48,230.48,230.47,230.47
07/06/2026,11:58,230.45,230.47,230.45,230.47,230.48,230.48,230.48,230.48
07/06/2026,11:59,230.45,230.45,230.45,230.45,230.48,230.48,230.48,230.48
07/06/2026,12:00,230.43,230.43,230.4,230.4,230.44,230.44,230.43,230.43
07/06/2026,12:01,230.4,230.4,230.4,230.4,230.42,230.42,230.42,230.42
07/06/2026,12:06,230.43,230.43,230.41,230.41,230.45,230.45,230.44,230.44
07/06/2026,12:07,230.44,230.47,230.44,230.47,230.47,230.5,230.47,230.5
07/06/2026,12:08,230.45,230.45,230.45,230.45,230.47,230.47,230.47,230.47
07/06/2026,12:09,230.44,230.44,230.4,230.4,230.45,230.45,230.41,230.41
07/06/2026,12:10,230.4,230.4,230.4,230.4,230.43,230.43,230.43,230.43
07/06/2026,12:11,230.4,230.4,230.4,230.4,230.42,230.42,230.41,230.41
07/06/2026,12:12,230.41,230.41,230.38,230.38,230.44,230.44,230.4,230.4
07/06/2026,12:13,230.36,230.39,230.36,230.39,230.39,230.41,230.39,230.41
07/06/2026,12:14,230.4,230.4,230.4,230.4,230.42,230.42,230.42,230.42
07/06/2026,12:15,230.38,230.38,230.38,230.38,230.41,230.41,230.41,230.41
07/06/2026,12:16,230.38,230.38,230.38,230.38,230.39,230.39,230.39,230.39
07/06/2026,12:17,230.34,230.37,230.34,230.37,230.37,230.4,230.37,230.4
07/06/2026,12:18,230.4,230.4,230.4,230.4,230.43,230.43,230.43,230.43
07/06/2026,12:19,230.41,230.45,230.41,230.45,230.43,230.48,230.43,230.48
07/06/2026,12:20,230.46,230.46,230.46,230.46,230.49,230.49,230.49,230.49
07/06/2026,12:21,230.46,230.46,230.46,230.46,230.48,230.48,230.48,230.48
07/06/2026,12:22,230.49,230.49,230.49,230.49,230.51,230.51,230.51,230.51
07/06/2026,12:25,230.54,230.54,230.54,230.54,230.57,230.57,230.57,230.57
07/06/2026,12:27,230.54,230.54,230.54,230.54,230.55,230.55,230.55,230.55
07/06/2026,12:29,230.52,230.53,230.52,230.53,230.54,230.55,230.54,230.55
07/06/2026,12:30,230.5,230.5,230.48,230.48,230.52,230.52,230.51,230.51
07/06/2026,12:31,230.46,230.46,230.44,230.44,230.47,230.47,230.46,230.46
07/06/2026,12:32,230.46,230.46,230.46,230.46,230.47,230.47,230.47,230.47
07/06/2026,12:33,230.48,230.48,230.48,230.48,230.51,230.51,230.51,230.51
07/06/2026,12:34,230.51,230.51,230.51,230.51,230.53,230.53,230.53,230.53
07/06/2026,12:35,230.49,230.49,230.49,230.49,230.5,230.5,230.5,230.5
07/06/2026,12:36,230.49,230.49,230.49,230.49,230.51,230.51,230.51,230.51
07/06/2026,12:37,230.49,230.49,230.49,230.49,230.51,230.51,230.51,230.51
07/06/2026,12:38,230.49,230.54,230.49,230.54,230.52,230.55,230.52,230.55
07/06/2026,12:39,230.55,230.55,230.55,230.55,230.56,230.56,230.56,230.56
07/06/2026,12:40,230.54,230.54,230.54,230.54,230.56,230.56,230.56,230.56
07/06/2026,12:41,230.53,230.53,230.53,230.53,230.56,230.56,230.56,230.56
07/06/2026,12:43,230.58,230.58,230.58,230.58,230.61,230.61,230.61,230.61
07/06/2026,12:44,230.59,230.6,230.59,230.6,230.62,230.62,230.62,230.62
07/06/2026,12:45,230.6,230.62,230.6,230.62,230.63,230.64,230.63,230.64
07/06/2026,12:46,230.62,230.62,230.62,230.62,230.65,230.65,230.65,230.65
07/06/2026,12:47,230.65,230.65,230.65,230.65,230.68,230.68,230.68,230.68
07/06/2026,12:49,230.7,230.7,230.7,230.7,230.73,230.73,230.72,230.72
07/06/2026,12:50,230.7,230.7,230.69,230.69,230.72,230.72,230.7,230.7
07/06/2026,12:51,230.65,230.65,230.65,230.65,230.67,230.67,230.67,230.67
07/06/2026,12:53,230.67,230.68,230.67,230.68,230.7,230.7,230.7,230.7
07/06/2026,12:54,230.67,230.67,230.67,230.67,230.68,230.68,230.68,230.68
07/06/2026,12:55,230.64,230.64,230.64,230.64,230.66,230.66,230.66,230.66
07/06/2026,12:56,230.63,230.65,230.63,230.65,230.65,230.67,230.65,230.67
07/06/2026,12:57,230.65,230.66,230.63,230.64,230.67,230.68,230.65,230.66
07/06/2026,12:58,230.64,230.66,230.64,230.64,230.66,230.68,230.65,230.65
07/06/2026,12:59,230.64,230.64,230.6,230.6,230.65,230.65,230.63,230.63
07/06/2026,13:00,230.6,230.63,230.6,230.63,230.62,230.64,230.62,230.64
07/06/2026,13:01,230.62,230.66,230.62,230.66,230.65,230.68,230.65,230.68
07/06/2026,13:04,230.71,230.71,230.7,230.7,230.72,230.72,230.71,230.71
07/06/2026,13:05,230.73,230.74,230.73,230.74,230.75,230.75,230.75,230.75
07/06/2026,13:07,230.85,230.85,230.85,230.85,230.87,230.87,230.87,230.87
07/06/2026,13:08,230.84,230.84,230.84,230.84,230.85,230.85,230.85,230.85
07/06/2026,13:10,230.81,230.81,230.76,230.76,230.82,230.82,230.79,230.79
07/06/2026,13:12,230.76,230.76,230.76,230.76,230.79,230.79,230.79,230.79
07/06/2026,13:13,230.78,230.78,230.77,230.77,230.81,230.81,230.78,230.78
07/06/2026,13:14,230.77,230.77,230.77,230.77,230.81,230.81,230.81,230.81
07/06/2026,13:18,230.81,230.81,230.81,230.81,230.83,230.83,230.83,230.83
07/06/2026,13:20,230.83,230.83,230.83,230.83,230.85,230.85,230.85,230.85
07/06/2026,13:21,230.81,230.81,230.81,230.81,230.83,230.83,230.83,230.83
07/06/2026,13:22,230.84,230.84,230.84,230.84,230.87,230.87,230.87,230.87
07/06/2026,13:24,230.85,230.85,230.85,230.85,230.88,230.88,230.87,230.87
07/06/2026,13:25,230.83,230.83,230.83,230.83,230.86,230.86,230.84,230.85
07/06/2026,13:27,230.81,230.81,230.81,230.81,230.84,230.84,230.84,230.84
07/06/2026,13:29,230.82,230.82,230.82,230.82,230.84,230.84,230.83,230.83
07/06/2026,13:30,230.8,230.8,230.78,230.78,230.81,230.82,230.79,230.79
07/06/2026,13:31,230.78,230.8,230.78,230.8,230.81,230.81,230.8,230.81
07/06/2026,13:32,230.8,230.8,230.8,230.8,230.82,230.82,230.81,230.82
07/06/2026,13:33,230.73,230.73,230.71,230.72,230.76,230.76,230.74,230.75
07/06/2026,13:35,230.7,230.74,230.69,230.73,230.72,230.76,230.7,230.76
07/06/2026,13:37,230.7,230.7,230.69,230.69,230.73,230.73,230.71,230.71
07/06/2026,13:39,230.71,230.71,230.7,230.7,230.73,230.73,230.72,230.72
07/06/2026,13:40,230.71,230.71,230.69,230.7,230.72,230.72,230.71,230.72
07/06/2026,13:42,230.7,230.7,230.64,230.64,230.72,230.72,230.65,230.65
07/06/2026,13:44,230.64,230.7,230.64,230.67,230.66,230.72,230.66,230.7
07/06/2026,13:45,230.63,230.63,230.63,230.63,230.66,230.66,230.66,230.66
07/06/2026,13:46,230.68,230.68,230.68,230.68,230.7,230.7,230.7,230.7
07/06/2026,13:49,230.71,230.71,230.71,230.71,230.74,230.74,230.74,230.74
07/06/2026,13:50,230.73,230.74,230.73,230.74,230.76,230.76,230.76,230.76
07/06/2026,13:51,230.73,230.73,230.73,230.73,230.75,230.75,230.75,230.75
07/06/2026,13:52,230.75,230.75,230.75,230.75,230.77,230.77,230.77,230.77
07/06/2026,13:53,230.72,230.72,230.69,230.71,230.74,230.74,230.73,230.74
07/06/2026,13:54,230.69,230.69,230.69,230.69,230.72,230.72,230.72,230.72
07/06/2026,13:56,230.71,230.71,230.71,230.71,230.75,230.75,230.75,230.75
07/06/2026,13:57,230.71,230.71,230.71,230.71,230.75,230.75,230.75,230.75
07/06/2026,13:58,230.75,230.75,230.75,230.75,230.77,230.77,230.77,230.77
07/06/2026,13:59,230.77,230.78,230.77,230.78,230.8,230.8,230.8,230.8
07/06/2026,14:00,230.8,230.86,230.8,230.83,230.82,230.88,230.82,230.86
07/06/2026,14:01,230.82,230.85,230.82,230.85,230.86,230.86,230.86,230.86
07/06/2026,14:02,230.94,230.95,230.94,230.95,230.97,230.97,230.97,230.97
07/06/2026,14:03,230.94,230.94,230.94,230.94,230.96,230.96,230.96,230.96
07/06/2026,14:04,230.94,230.97,230.94,230.97,230.96,230.99,230.96,230.99
07/06/2026,14:05,230.97,230.97,230.95,230.96,230.98,230.98,230.97,230.98
07/06/2026,14:06,230.95,230.95,230.95,230.95,230.98,230.98,230.98,230.98
07/06/2026,14:07,230.97,230.99,230.97,230.98,231,231,231,231
07/06/2026,14:08,230.95,230.95,230.95,230.95,230.97,230.97,230.97,230.97
07/06/2026,14:09,230.95,230.95,230.91,230.91,230.96,230.96,230.93,230.94
07/06/2026,14:10,230.9,230.9,230.89,230.9,230.92,230.92,230.91,230.91
07/06/2026,14:11,230.87,230.9,230.87,230.89,230.9,230.92,230.9,230.91
07/06/2026,14:12,230.87,230.92,230.87,230.92,230.91,230.95,230.91,230.95
07/06/2026,14:13,230.9,230.9,230.88,230.9,230.91,230.92,230.91,230.92
07/06/2026,14:14,230.9,230.93,230.9,230.93,230.93,230.95,230.93,230.95
07/06/2026,14:16,230.98,231,230.98,230.99,231,231.02,231,231.01
07/06/2026,14:17,230.98,230.98,230.98,230.98,230.99,230.99,230.99,230.99
07/06/2026,14:18,230.97,230.98,230.94,230.94,230.99,230.99,230.96,230.96
07/06/2026,14:19,231.01,231.01,230.98,230.99,231.02,231.02,231.01,231.01
07/06/2026,14:20,230.99,230.99,230.99,230.99,231.01,231.01,231.01,231.01
07/06/2026,14:21,231,231,230.98,230.98,231.02,231.02,231.02,231.02
07/06/2026,14:22,230.98,230.99,230.98,230.99,231,231,231,231
07/06/2026,14:24,230.96,230.96,230.96,230.96,230.97,230.97,230.97,230.97
07/06/2026,14:25,230.96,230.96,230.96,230.96,230.97,230.97,230.97,230.97
07/06/2026,14:26,230.95,230.96,230.94,230.94,230.97,230.97,230.96,230.97
07/06/2026,14:27,230.96,230.96,230.95,230.96,230.97,230.98,230.96,230.98
07/06/2026,14:28,230.97,230.97,230.93,230.93,230.99,230.99,230.97,230.97
07/06/2026,14:30,230.96,230.98,230.96,230.98,230.98,230.99,230.98,230.99
07/06/2026,14:31,230.96,230.97,230.95,230.95,230.98,230.99,230.96,230.96
07/06/2026,14:32,230.94,230.97,230.94,230.97,230.97,230.99,230.97,230.99
07/06/2026,14:33,230.96,230.96,230.96,230.96,230.98,230.98,230.98,230.98
07/06/2026,14:34,230.93,230.93,230.92,230.92,230.95,230.95,230.94,230.94
07/06/2026,14:36,230.9,230.92,230.9,230.92,230.92,230.94,230.92,230.94
07/06/2026,14:37,230.91,230.93,230.9,230.9,230.92,230.95,230.92,230.92
07/06/2026,14:38,230.92,230.93,230.92,230.93,230.94,230.95,230.94,230.95
07/06/2026,14:39,230.91,230.91,230.9,230.91,230.93,230.93,230.92,230.93
07/06/2026,14:40,230.92,230.92,230.92,230.92,230.94,230.94,230.94,230.94
07/06/2026,14:43,230.91,230.91,230.91,230.91,230.92,230.92,230.92,230.92
07/06/2026,14:44,230.92,230.93,230.9,230.9,230.94,230.94,230.92,230.92
07/06/2026,14:45,230.9,230.9,230.9,230.9,230.92,230.92,230.91,230.91
07/06/2026,14:46,230.92,230.92,230.92,230.92,230.94,230.94,230.94,230.94
07/06/2026,14:47,230.95,230.97,230.95,230.97,230.96,231,230.96,230.99
07/06/2026,14:48,230.99,230.99,230.95,230.95,231.01,231.01,230.98,230.98
07/06/2026,14:49,230.96,231,230.96,231,230.97,231.01,230.97,231.01
07/06/2026,14:50,231.01,231.03,231.01,231.02,231.03,231.05,231.03,231.05
07/06/2026,14:51,231.06,231.06,231.05,231.05,231.07,231.08,231.06,231.06
07/06/2026,14:54,231.09,231.09,231.08,231.08,231.11,231.11,231.1,231.1
07/06/2026,14:55,231.11,231.11,231.09,231.09,231.13,231.13,231.11,231.11
07/06/2026,14:56,231.1,231.13,231.1,231.13,231.12,231.16,231.12,231.16
07/06/2026,14:57,231.13,231.13,231.11,231.11,231.15,231.15,231.14,231.14
07/06/2026,14:58,231.12,231.13,231.12,231.13,231.15,231.16,231.15,231.16
07/06/2026,14:59,231.12,231.12,231.12,231.12,231.14,231.14,231.14,231.14
07/06/2026,15:00,231.13,231.13,231.08,231.08,231.15,231.15,231.1,231.1
07/06/2026,15:01,231.06,231.1,231.03,231.1,231.07,231.11,231.05,231.11
07/06/2026,15:02,231.12,231.12,231.11,231.11,231.14,231.14,231.14,231.14
07/06/2026,15:03,231.12,231.12,231.1,231.1,231.14,231.14,231.11,231.11
07/06/2026,15:04,231.08,231.08,231.08,231.08,231.11,231.11,231.1,231.1
07/06/2026,15:05,231.08,231.1,231.08,231.09,231.12,231.12,231.1,231.1
07/06/2026,15:06,231.07,231.07,231.05,231.05,231.09,231.09,231.06,231.07
07/06/2026,15:07,231.05,231.05,231.03,231.04,231.06,231.07,231.05,231.06
07/06/2026,15:08,231.03,231.03,231.01,231.01,231.05,231.05,231.02,231.02
07/06/2026,15:09,230.97,230.98,230.97,230.98,230.99,231,230.99,231
07/06/2026,15:10,230.96,230.96,230.94,230.94,230.98,230.98,230.96,230.97
07/06/2026,15:11,230.93,230.94,230.93,230.94,230.96,230.96,230.95,230.95
07/06/2026,15:12,230.93,230.93,230.91,230.91,230.94,230.94,230.94,230.94
07/06/2026,15:13,230.89,230.92,230.89,230.92,230.92,230.93,230.91,230.93
07/06/2026,15:14,230.9,230.95,230.9,230.95,230.92,230.96,230.92,230.96
07/06/2026,15:15,230.94,230.94,230.91,230.92,230.95,230.95,230.93,230.93
07/06/2026,15:16,230.89,230.91,230.89,230.91,230.91,230.93,230.91,230.93
07/06/2026,15:17,230.92,230.94,230.92,230.94,230.93,230.96,230.93,230.96
07/06/2026,15:18,230.99,230.99,230.98,230.99,231.01,231.01,231,231.01
07/06/2026,15:20,230.99,231.02,230.99,231.02,231.01,231.03,231.01,231.03
07/06/2026,15:21,231.01,231.01,230.98,230.98,231.03,231.03,231.01,231.01
07/06/2026,15:22,231,231,230.99,231,231.02,231.03,231.01,231.03
07/06/2026,15:23,231.01,231.03,231.01,231.03,231.03,231.05,231.03,231.05
07/06/2026,15:24,231.04,231.05,231.04,231.05,231.06,231.07,231.06,231.07
07/06/2026,15:25,231.04,231.04,231.02,231.03,231.05,231.05,231.05,231.05
07/06/2026,15:26,231.03,231.04,231.03,231.03,231.06,231.06,231.05,231.06
07/06/2026,15:27,231.02,231.02,231.01,231.01,231.04,231.05,231.02,231.02
07/06/2026,15:28,231,231.04,230.99,231.04,231.01,231.05,231.01,231.05
07/06/2026,15:29,231.02,231.02,230.99,230.99,231.03,231.03,231.01,231.01
07/06/2026,15:30,231,231,231,231,231.02,231.02,231.02,231.02
07/06/2026,15:31,231.02,231.04,231.02,231.04,231.04,231.05,231.04,231.05
07/06/2026,15:32,231.03,231.04,231.01,231.02,231.06,231.06,231.03,231.03
07/06/2026,15:33,230.97,230.98,230.97,230.98,230.99,231,230.99,231
07/06/2026,15:34,230.9,230.9,230.89,230.89,230.92,230.93,230.91,230.91
07/06/2026,15:35,230.92,230.92,230.89,230.91,230.94,230.95,230.92,230.92
07/06/2026,15:36,230.89,230.9,230.88,230.88,230.91,230.91,230.9,230.9
07/06/2026,15:37,230.9,230.93,230.9,230.9,230.91,230.94,230.91,230.92
07/06/2026,15:38,230.92,230.96,230.92,230.96,230.94,230.98,230.94,230.98
07/06/2026,15:39,230.93,230.94,230.93,230.94,230.95,230.96,230.95,230.96
07/06/2026,15:40,230.94,230.94,230.88,230.91,230.96,230.96,230.92,230.93
07/06/2026,15:41,230.89,230.94,230.89,230.94,230.92,230.95,230.91,230.95
07/06/2026,15:42,230.91,230.92,230.9,230.9,230.94,230.94,230.92,230.92
07/06/2026,15:43,230.89,230.89,230.89,230.89,230.9,230.91,230.9,230.91
07/06/2026,15:44,230.88,230.91,230.88,230.91,230.9,230.93,230.9,230.93
07/06/2026,15:45,230.92,230.95,230.92,230.95,230.93,230.97,230.93,230.97
07/06/2026,15:46,230.97,230.97,230.94,230.97,230.98,230.98,230.97,230.98
07/06/2026,15:47,230.97,230.99,230.96,230.96,230.98,231.01,230.98,230.98
07/06/2026,15:48,230.9,230.92,230.9,230.92,230.92,230.93,230.92,230.93
07/06/2026,15:49,230.89,230.89,230.89,230.89,230.9,230.91,230.9,230.91
07/06/2026,15:50,230.82,231.03,230.82,231.03,230.84,231.04,230.84,231.04
07/06/2026,15:51,231.01,231.01,231.01,231.01,231.02,231.02,231.02,231.02
07/06/2026,15:52,230.98,230.98,230.92,230.93,230.99,230.99,230.95,230.95
07/06/2026,15:53,230.93,230.95,230.93,230.93,230.95,230.96,230.95,230.95
07/06/2026,15:54,230.91,230.91,230.86,230.86,230.92,230.93,230.89,230.89
07/06/2026,15:55,230.87,230.87,230.83,230.86,230.89,230.89,230.85,230.87
07/06/2026,15:56,230.84,230.84,230.81,230.82,230.86,230.86,230.82,230.83
07/06/2026,15:57,230.82,230.92,230.78,230.92,230.83,230.94,230.79,230.93
07/06/2026,15:58,230.9,230.92,230.86,230.9,230.91,230.94,230.87,230.92
07/06/2026,15:59,230.91,230.96,230.89,230.93,230.93,230.98,230.92,230.96
07/07/2026,09:30,232.2,232.2,231.77,232.04,232.4,232.4,231.99,232.19
07/07/2026,09:31,232.13,232.13,232.06,232.11,232.19,232.24,232.15,232.19
07/07/2026,09:32,232.14,232.14,232.14,232.14,232.28,232.28,232.19,232.24
07/07/2026,09:33,232.2,232.2,232.16,232.16,232.21,232.29,232.21,232.29
07/07/2026,09:34,232.14,232.14,232.06,232.06,232.24,232.24,232.17,232.17
07/07/2026,09:36,232,232.02,232,232.02,232.06,232.08,232.06,232.08
07/07/2026,09:37,232.08,232.08,232.08,232.08,232.14,232.14,232.14,232.14
07/07/2026,09:39,232.07,232.07,231.97,231.97,232.13,232.13,232.05,232.06
07/07/2026,09:40,231.98,232,231.97,232,232.05,232.08,232.02,232.08
07/07/2026,09:41,231.92,231.92,231.92,231.92,231.97,231.97,231.97,231.97
07/07/2026,09:42,231.98,231.98,231.98,231.98,232.03,232.03,232.03,232.03
07/07/2026,09:44,232.03,232.03,232.03,232.03,232.16,232.16,232.16,232.16
07/07/2026,09:45,232.01,232.03,232,232,232.08,232.12,232.05,232.09
07/07/2026,09:47,231.9,231.92,231.9,231.92,231.98,231.98,231.97,231.97
07/07/2026,09:48,231.87,231.87,231.85,231.85,231.95,231.95,231.94,231.94
07/07/2026,09:49,231.93,231.93,231.89,231.89,231.99,232,231.94,231.94
07/07/2026,09:50,231.88,231.93,231.88,231.92,231.98,231.99,231.96,231.99
07/07/2026,09:52,231.89,231.89,231.87,231.87,231.96,231.96,231.96,231.96
07/07/2026,09:53,231.86,231.86,231.86,231.86,231.93,231.93,231.93,231.93
07/07/2026,09:56,231.69,231.74,231.69,231.74,231.78,231.81,231.78,231.81
07/07/2026,09:57,231.74,231.74,231.74,231.74,231.82,231.82,231.82,231.82
07/07/2026,09:58,231.68,231.68,231.68,231.68,231.75,231.75,231.75,231.75
07/07/2026,10:00,231.57,231.57,231.53,231.53,231.64,231.64,231.61,231.61
07/07/2026,10:01,231.56,231.56,231.52,231.52,231.63,231.63,231.59,231.59
07/07/2026,10:02,231.55,231.55,231.55,231.55,231.63,231.63,231.63,231.63
07/07/2026,10:03,231.56,231.56,231.48,231.48,231.65,231.65,231.55,231.55
07/07/2026,10:04,231.5,231.53,231.5,231.53,231.57,231.6,231.57,231.6
07/07/2026,10:06,231.62,231.62,231.61,231.61,231.68,231.68,231.68,231.68
07/07/2026,10:07,231.52,231.52,231.52,231.52,231.6,231.6,231.6,231.6
07/07/2026,10:11,231.38,231.38,231.38,231.38,231.46,231.46,231.46,231.46
07/07/2026,10:12,231.33,231.37,231.32,231.35,231.4,231.43,231.39,231.42
07/07/2026,10:13,231.35,231.38,231.35,231.38,231.42,231.44,231.42,231.44
07/07/2026,10:15,231.16,231.25,231.16,231.25,231.24,231.33,231.24,231.33
07/07/2026,10:16,231.24,231.29,231.24,231.29,231.31,231.33,231.31,231.33
07/07/2026,10:17,231.32,231.32,231.22,231.22,231.35,231.35,231.29,231.29
07/07/2026,10:18,231.27,231.27,231.24,231.24,231.3,231.3,231.3,231.3
07/07/2026,10:19,231.23,231.24,231.23,231.24,231.29,231.29,231.29,231.29
07/07/2026,10:20,231.35,231.35,231.35,231.35,231.41,231.41,231.41,231.41
07/07/2026,10:21,231.39,231.41,231.39,231.41,231.46,231.46,231.46,231.46
07/07/2026,10:23,231.35,231.35,231.34,231.34,231.43,231.43,231.43,231.43
07/07/2026,10:25,231.34,231.34,231.34,231.34,231.37,231.37,231.37,231.37
07/07/2026,10:26,231.28,231.28,231.28,231.28,231.34,231.34,231.34,231.34
07/07/2026,10:27,231.39,231.39,231.31,231.31,231.4,231.4,231.35,231.35
07/07/2026,10:28,231.25,231.25,231.25,231.25,231.28,231.32,231.28,231.32
07/07/2026,10:29,231.25,231.25,231.25,231.25,231.3,231.3,231.3,231.3
07/07/2026,10:30,231.26,231.29,231.26,231.29,231.32,231.35,231.32,231.35
07/07/2026,10:31,231.28,231.28,231.28,231.28,231.33,231.33,231.33,231.33
07/07/2026,10:32,231.26,231.34,231.26,231.34,231.32,231.38,231.32,231.38
07/07/2026,10:33,231.3,231.3,231.3,231.3,231.33,231.33,231.33,231.33
07/07/2026,10:34,231.22,231.24,231.22,231.24,231.28,231.3,231.26,231.3
07/07/2026,10:35,231.29,231.3,231.29,231.3,231.32,231.33,231.32,231.33
07/07/2026,10:36,231.31,231.33,231.31,231.33,231.34,231.38,231.34,231.38
07/07/2026,10:37,231.31,231.36,231.31,231.34,231.36,231.41,231.36,231.38
07/07/2026,10:38,231.36,231.36,231.34,231.34,231.4,231.4,231.38,231.38
07/07/2026,10:39,231.31,231.31,231.31,231.31,231.35,231.39,231.35,231.36
07/07/2026,10:40,231.3,231.3,231.26,231.26,231.34,231.34,231.32,231.32
07/07/2026,10:42,231.29,231.29,231.29,231.29,231.34,231.34,231.34,231.34
07/07/2026,10:43,231.34,231.38,231.29,231.36,231.39,231.43,231.34,231.37
07/07/2026,10:44,231.34,231.34,231.3,231.3,231.38,231.38,231.35,231.35
07/07/2026,10:45,231.35,231.41,231.35,231.41,231.41,231.43,231.41,231.43
07/07/2026,10:46,231.46,231.46,231.4,231.4,231.49,231.49,231.45,231.47
07/07/2026,10:47,231.38,231.46,231.38,231.44,231.43,231.52,231.43,231.52
07/07/2026,10:48,231.44,231.44,231.39,231.41,231.49,231.49,231.45,231.45
07/07/2026,10:49,231.41,231.42,231.41,231.42,231.48,231.48,231.46,231.46
07/07/2026,10:50,231.39,231.41,231.39,231.4,231.43,231.43,231.42,231.42
07/07/2026,10:51,231.38,231.44,231.38,231.43,231.42,231.47,231.42,231.47
07/07/2026,10:52,231.44,231.46,231.41,231.43,231.45,231.5,231.45,231.49
07/07/2026,10:53,231.43,231.44,231.43,231.44,231.47,231.48,231.47,231.48
07/07/2026,10:54,231.41,231.41,231.41,231.41,231.48,231.48,231.48,231.48
07/07/2026,10:55,231.42,231.42,231.42,231.42,231.48,231.48,231.48,231.48
07/07/2026,10:58,231.36,231.36,231.36,231.36,231.4,231.4,231.4,231.4
07/07/2026,10:59,231.36,231.36,231.36,231.36,231.4,231.4,231.4,231.4
07/07/2026,11:00,231.37,231.37,231.27,231.29,231.42,231.42,231.31,231.31
07/07/2026,11:03,231.24,231.24,231.24,231.24,231.26,231.27,231.26,231.27
07/07/2026,11:04,231.24,231.24,231.18,231.18,231.29,231.29,231.24,231.24
07/07/2026,11:05,231.23,231.23,231.21,231.21,231.24,231.24,231.24,231.24
07/07/2026,11:06,231.21,231.21,231.21,231.21,231.25,231.25,231.24,231.24
07/07/2026,11:07,231.21,231.21,231.19,231.19,231.22,231.22,231.22,231.22
07/07/2026,11:08,231.24,231.24,231.22,231.22,231.26,231.26,231.25,231.25
07/07/2026,11:09,231.22,231.22,231.21,231.22,231.24,231.24,231.24,231.24
07/07/2026,11:10,231.2,231.2,231.2,231.2,231.24,231.24,231.24,231.24
07/07/2026,11:11,231.16,231.16,231.16,231.16,231.2,231.2,231.2,231.2
07/07/2026,11:13,231.1,231.1,231.1,231.1,231.15,231.15,231.15,231.15
07/07/2026,11:15,230.98,231,230.98,231,231,231.02,231,231.02
07/07/2026,11:16,230.96,231,230.96,230.99,230.99,231.02,230.99,231.02
07/07/2026,11:17,231.02,231.02,231.02,231.02,231.07,231.07,231.05,231.05
07/07/2026,11:18,231.02,231.03,231.02,231.03,231.04,231.06,231.04,231.06
07/07/2026,11:19,231.04,231.04,231.04,231.04,231.06,231.06,231.06,231.06
07/07/2026,11:20,231.05,231.08,231.05,231.08,231.08,231.11,231.08,231.11
07/07/2026,11:21,231.08,231.08,231.07,231.07,231.1,231.1,231.1,231.1
07/07/2026,11:22,231.04,231.04,231.04,231.04,231.08,231.08,231.08,231.08
07/07/2026,11:23,231.03,231.03,231.03,231.03,231.06,231.06,231.06,231.06
07/07/2026,11:25,230.97,230.97,230.93,230.93,230.99,230.99,230.96,230.96
07/07/2026,11:26,230.87,230.87,230.87,230.87,230.9,230.9,230.9,230.9
07/07/2026,11:28,230.9,230.9,230.89,230.89,230.93,230.93,230.92,230.92
07/07/2026,11:29,230.94,230.98,230.94,230.98,230.95,231,230.95,231
07/07/2026,11:30,230.9,230.9,230.9,230.9,230.93,230.93,230.93,230.93
07/07/2026,11:32,230.9,230.9,230.9,230.9,230.92,230.92,230.92,230.92
07/07/2026,11:33,230.92,230.92,230.86,230.86,230.95,230.95,230.91,230.91
07/07/2026,11:35,230.9,230.9,230.86,230.89,230.92,230.93,230.88,230.92
07/07/2026,11:36,230.86,230.86,230.86,230.86,230.87,230.87,230.87,230.87
07/07/2026,11:38,230.83,230.84,230.83,230.84,230.85,230.88,230.85,230.88
07/07/2026,11:39,230.82,230.85,230.82,230.85,230.86,230.87,230.86,230.87
07/07/2026,11:40,230.88,230.89,230.88,230.89,230.89,230.91,230.89,230.91
07/07/2026,11:41,230.92,230.92,230.92,230.92,230.95,230.95,230.95,230.95
07/07/2026,11:42,230.92,230.93,230.92,230.92,230.94,230.95,230.94,230.95
07/07/2026,11:43,230.88,230.88,230.88,230.88,230.9,230.9,230.9,230.9
07/07/2026,11:44,230.93,230.93,230.91,230.92,230.96,230.96,230.95,230.96
07/07/2026,11:45,230.99,231.03,230.99,231.03,231.01,231.05,231.01,231.05
07/07/2026,11:47,231.02,231.06,231,231.06,231.04,231.08,231.04,231.08
07/07/2026,11:49,231.02,231.03,231.01,231.01,231.05,231.06,231.03,231.03
07/07/2026,11:50,231.08,231.08,231.08,231.08,231.09,231.09,231.09,231.09
07/07/2026,11:51,231.12,231.12,231.12,231.12,231.15,231.15,231.14,231.14
07/07/2026,11:52,231.13,231.15,231.13,231.14,231.15,231.17,231.15,231.15
07/07/2026,11:53,231.07,231.07,231.07,231.07,231.09,231.09,231.09,231.09
07/07/2026,11:56,230.97,230.97,230.94,230.94,231,231,230.99,230.99
07/07/2026,11:58,230.99,230.99,230.99,230.99,231.04,231.04,231.04,231.04
07/07/2026,12:00,231,231,231,231,231.02,231.02,231.02,231.02
07/07/2026,12:01,231.04,231.04,231.04,231.04,231.06,231.06,231.06,231.06
07/07/2026,12:03,230.99,230.99,230.99,230.99,231.01,231.01,231.01,231.01
07/07/2026,12:06,231.01,231.01,231.01,231.01,231.04,231.04,231.04,231.04
07/07/2026,12:07,230.97,230.97,230.97,230.97,231,231,231,231
07/07/2026,12:08,230.9,230.9,230.88,230.89,230.93,230.93,230.92,230.93
07/07/2026,12:09,230.89,230.89,230.89,230.89,230.93,230.93,230.93,230.93
07/07/2026,12:10,230.9,230.9,230.9,230.9,230.92,230.92,230.92,230.92
07/07/2026,12:11,230.9,230.93,230.9,230.93,230.93,230.97,230.93,230.97
07/07/2026,12:12,230.96,230.97,230.96,230.97,230.98,230.99,230.98,230.99
07/07/2026,12:13,230.95,230.98,230.95,230.98,230.99,231.01,230.99,231.01
07/07/2026,12:14,230.93,230.93,230.93,230.93,230.95,230.95,230.95,230.95
07/07/2026,12:15,230.9,230.91,230.9,230.91,230.94,230.94,230.93,230.93
07/07/2026,12:16,230.89,230.89,230.89,230.89,230.91,230.91,230.91,230.91
07/07/2026,12:19,230.88,230.88,230.85,230.87,230.91,230.91,230.88,230.89
07/07/2026,12:20,230.9,230.9,230.85,230.85,230.92,230.92,230.88,230.88
07/07/2026,12:21,230.86,230.86,230.86,230.86,230.89,230.89,230.89,230.89
07/07/2026,12:22,230.85,230.88,230.85,230.88,230.87,230.9,230.87,230.89
07/07/2026,12:23,230.86,230.91,230.86,230.91,230.88,230.93,230.88,230.93
07/07/2026,12:24,230.93,230.94,230.93,230.94,230.95,230.95,230.95,230.95
07/07/2026,12:25,230.96,230.99,230.96,230.97,230.97,231.01,230.97,230.99
07/07/2026,12:26,230.95,230.95,230.95,230.95,230.97,230.97,230.97,230.97
07/07/2026,12:27,230.94,230.94,230.93,230.93,230.97,230.97,230.95,230.95
07/07/2026,12:30,230.93,230.94,230.89,230.89,230.95,230.95,230.91,230.91
07/07/2026,12:31,230.88,230.89,230.86,230.86,230.91,230.91,230.89,230.89
07/07/2026,12:32,230.84,230.87,230.83,230.85,230.87,230.89,230.86,230.89
07/07/2026,12:33,230.83,230.83,230.83,230.83,230.87,230.87,230.87,230.87
07/07/2026,12:34,230.84,230.85,230.84,230.85,230.86,230.88,230.86,230.87
07/07/2026,12:36,230.83,230.83,230.83,230.83,230.86,230.86,230.86,230.86
07/07/2026,12:37,230.9,230.9,230.9,230.9,230.92,230.92,230.92,230.92
07/07/2026,12:38,230.89,230.9,230.89,230.9,230.91,230.93,230.91,230.93
07/07/2026,12:39,230.91,230.91,230.91,230.91,230.93,230.93,230.93,230.93
07/07/2026,12:40,230.92,230.93,230.92,230.93,230.95,230.95,230.95,230.95
07/07/2026,12:41,230.92,230.92,230.92,230.92,230.95,230.95,230.95,230.95
07/07/2026,12:43,230.9,230.9,230.89,230.9,230.93,230.93,230.92,230.93
07/07/2026,12:44,230.89,230.89,230.89,230.89,230.91,230.91,230.91,230.91
07/07/2026,12:45,230.91,230.91,230.91,230.91,230.94,230.94,230.94,230.94
07/07/2026,12:46,230.92,230.92,230.92,230.92,230.94,230.94,230.94,230.94
07/07/2026,12:47,230.91,230.91,230.91,230.91,230.94,230.94,230.94,230.94
07/07/2026,12:49,230.91,230.91,230.91,230.91,230.95,230.95,230.95,230.95
07/07/2026,12:50,230.92,230.92,230.92,230.92,230.94,230.94,230.94,230.94
07/07/2026,12:51,230.88,230.88,230.85,230.86,230.89,230.89,230.87,230.88
07/07/2026,12:53,230.86,230.86,230.85,230.85,230.88,230.88,230.86,230.86
07/07/2026,12:54,230.84,230.85,230.84,230.85,230.86,230.87,230.86,230.87
07/07/2026,12:55,230.85,230.85,230.85,230.85,230.86,230.86,230.86,230.86
07/07/2026,12:56,230.86,230.86,230.86,230.86,230.89,230.89,230.89,230.89
07/07/2026,12:57,230.91,230.91,230.91,230.91,230.92,230.92,230.92,230.92
07/07/2026,12:58,230.9,230.9,230.9,230.9,230.91,230.92,230.91,230.91
07/07/2026,12:59,230.9,230.92,230.87,230.92,230.92,230.94,230.91,230.94
07/07/2026,13:00,230.95,230.95,230.95,230.95,230.96,230.96,230.96,230.96
07/07/2026,13:01,230.93,230.93,230.93,230.93,230.95,230.95,230.95,230.95
07/07/2026,13:02,230.94,230.94,230.94,230.94,230.95,230.95,230.95,230.95
07/07/2026,13:03,230.95,230.95,230.93,230.93,230.96,230.96,230.94,230.94
07/07/2026,13:04,230.92,230.92,230.92,230.92,230.95,230.95,230.95,230.95
07/07/2026,13:06,230.94,230.96,230.94,230.96,230.95,230.98,230.95,230.97
07/07/2026,13:08,230.94,230.94,230.94,230.94,230.95,230.95,230.95,230.95
07/07/2026,13:10,230.9,230.9,230.9,230.9,230.92,230.92,230.92,230.92
07/07/2026,13:11,230.96,230.96,230.95,230.95,230.98,230.98,230.98,230.98
07/07/2026,13:12,230.95,230.95,230.95,230.95,230.97,230.98,230.97,230.98
07/07/2026,13:13,230.96,230.97,230.96,230.97,230.98,230.99,230.98,230.98
07/07/2026,13:14,230.92,230.92,230.92,230.92,230.95,230.95,230.95,230.95
07/07/2026,13:16,230.87,230.87,230.83,230.83,230.88,230.88,230.86,230.86
07/07/2026,13:17,230.84,230.84,230.84,230.84,230.86,230.86,230.86,230.86
07/07/2026,13:18,230.81,230.84,230.81,230.82,230.84,230.85,230.84,230.85
07/07/2026,13:19,230.83,230.83,230.83,230.83,230.86,230.86,230.86,230.86
07/07/2026,13:20,230.87,230.87,230.87,230.87,230.88,230.88,230.88,230.88
07/07/2026,13:22,230.82,230.82,230.79,230.8,230.83,230.83,230.81,230.81
07/07/2026,13:23,230.79,230.79,230.79,230.79,230.81,230.81,230.8,230.8
07/07/2026,13:24,230.79,230.79,230.78,230.78,230.8,230.8,230.8,230.8
07/07/2026,13:26,230.82,230.82,230.82,230.82,230.84,230.84,230.84,230.84
07/07/2026,13:27,230.85,230.85,230.85,230.85,230.88,230.88,230.87,230.87
07/07/2026,13:28,230.87,230.87,230.84,230.84,230.88,230.88,230.85,230.85
07/07/2026,13:29,230.82,230.82,230.82,230.82,230.85,230.85,230.85,230.85
07/07/2026,13:31,230.87,230.87,230.87,230.87,230.88,230.88,230.88,230.88
07/07/2026,13:32,230.9,230.92,230.9,230.92,230.92,230.93,230.91,230.93
07/07/2026,13:33,230.87,230.87,230.85,230.85,230.88,230.88,230.87,230.87
07/07/2026,13:34,230.86,230.88,230.86,230.88,230.88,230.9,230.88,230.9
07/07/2026,13:35,230.86,230.87,230.84,230.84,230.89,230.89,230.86,230.86
07/07/2026,13:36,230.84,230.85,230.84,230.85,230.87,230.87,230.86,230.87
07/07/2026,13:38,230.82,230.82,230.82,230.82,230.83,230.83,230.83,230.83
07/07/2026,13:39,230.82,230.82,230.81,230.81,230.83,230.84,230.83,230.84
07/07/2026,13:40,230.8,230.81,230.8,230.81,230.83,230.83,230.82,230.82
07/07/2026,13:41,230.79,230.8,230.79,230.8,230.8,230.82,230.8,230.82
07/07/2026,13:42,230.79,230.79,230.76,230.76,230.82,230.82,230.78,230.78
07/07/2026,13:43,230.79,230.79,230.79,230.79,230.81,230.81,230.81,230.81
07/07/2026,13:45,230.76,230.8,230.76,230.8,230.79,230.81,230.79,230.81
07/07/2026,13:46,230.78,230.8,230.77,230.78,230.8,230.81,230.79,230.8
07/07/2026,13:47,230.81,230.81,230.8,230.8,230.83,230.83,230.82,230.82
07/07/2026,13:49,230.79,230.79,230.78,230.78,230.8,230.8,230.8,230.8
07/07/2026,13:51,230.76,230.76,230.72,230.73,230.77,230.77,230.75,230.75
07/07/2026,13:52,230.77,230.77,230.77,230.77,230.79,230.79,230.79,230.79
07/07/2026,13:53,230.76,230.76,230.71,230.72,230.77,230.77,230.74,230.74
07/07/2026,13:55,230.72,230.72,230.72,230.72,230.73,230.73,230.73,230.73
07/07/2026,13:56,230.74,230.75,230.73,230.73,230.76,230.77,230.76,230.76
07/07/2026,13:57,230.73,230.73,230.73,230.73,230.75,230.75,230.74,230.74
07/07/2026,13:58,230.73,230.73,230.7,230.72,230.75,230.75,230.72,230.74
07/07/2026,13:59,230.72,230.73,230.72,230.73,230.74,230.74,230.74,230.74
07/07/2026,14:00,230.7,230.7,230.7,230.7,230.72,230.73,230.72,230.73
07/07/2026,14:01,230.69,230.69,230.67,230.67,230.7,230.71,230.67,230.67
07/07/2026,14:02,230.69,230.69,230.63,230.63,230.7,230.7,230.66,230.66
07/07/2026,14:03,230.72,230.72,230.72,230.72,230.74,230.74,230.74,230.74
07/07/2026,14:04,230.75,230.75,230.74,230.74,230.77,230.77,230.76,230.76
07/07/2026,14:05,230.74,230.74,230.71,230.71,230.77,230.77,230.74,230.74
07/07/2026,14:06,230.71,230.71,230.7,230.7,230.74,230.74,230.73,230.73
07/07/2026,14:07,230.71,230.71,230.71,230.71,230.72,230.72,230.72,230.72
07/07/2026,14:08,230.7,230.7,230.7,230.7,230.73,230.73,230.73,230.73
07/07/2026,14:09,230.67,230.67,230.67,230.67,230.68,230.7,230.68,230.7
07/07/2026,14:10,230.71,230.71,230.7,230.7,230.73,230.73,230.72,230.72
07/07/2026,14:11,230.68,230.69,230.68,230.68,230.71,230.71,230.7,230.7
07/07/2026,14:12,230.72,230.72,230.72,230.72,230.74,230.74,230.74,230.74
07/07/2026,14:14,230.7,230.7,230.7,230.7,230.72,230.72,230.72,230.72
07/07/2026,14:15,230.7,230.71,230.7,230.71,230.71,230.72,230.71,230.72
07/07/2026,14:16,230.69,230.73,230.69,230.73,230.7,230.75,230.7,230.75
07/07/2026,14:17,230.74,230.74,230.71,230.71,230.75,230.75,230.73,230.73
07/07/2026,14:18,230.73,230.74,230.73,230.74,230.74,230.75,230.74,230.75
07/07/2026,14:19,230.74,230.75,230.68,230.68,230.76,230.77,230.71,230.71
07/07/2026,14:21,230.68,230.68,230.68,230.68,230.71,230.71,230.71,230.71
07/07/2026,14:23,230.72,230.74,230.72,230.74,230.75,230.75,230.75,230.75
07/07/2026,14:24,230.69,230.69,230.69,230.69,230.71,230.71,230.71,230.71
07/07/2026,14:26,230.76,230.76,230.74,230.75,230.79,230.79,230.77,230.77
07/07/2026,14:27,230.77,230.77,230.77,230.77,230.79,230.79,230.79,230.79
07/07/2026,14:28,230.77,230.77,230.76,230.76,230.78,230.78,230.78,230.78
07/07/2026,14:29,230.8,230.8,230.78,230.78,230.82,230.82,230.8,230.8
07/07/2026,14:30,230.79,230.79,230.72,230.72,230.81,230.81,230.75,230.75
07/07/2026,14:31,230.76,230.76,230.74,230.74,230.77,230.77,230.76,230.77
07/07/2026,14:32,230.74,230.74,230.74,230.74,230.75,230.75,230.75,230.75
07/07/2026,14:33,230.74,230.74,230.69,230.69,230.76,230.76,230.73,230.73
07/07/2026,14:34,230.73,230.73,230.73,230.73,230.76,230.76,230.76,230.76
07/07/2026,14:35,230.78,230.83,230.78,230.83,230.79,230.85,230.79,230.85
07/07/2026,14:37,230.92,230.92,230.91,230.91,230.93,230.93,230.92,230.92
07/07/2026,14:38,230.92,230.92,230.92,230.92,230.93,230.93,230.93,230.93
07/07/2026,14:39,230.89,230.89,230.89,230.89,230.91,230.91,230.91,230.91
07/07/2026,14:40,230.84,230.84,230.84,230.84,230.86,230.86,230.86,230.86
07/07/2026,14:42,230.84,230.84,230.82,230.82,230.85,230.85,230.84,230.84
07/07/2026,14:43,230.84,230.87,230.83,230.87,230.87,230.88,230.85,230.88
07/07/2026,14:45,230.93,230.93,230.91,230.91,230.95,230.95,230.93,230.93
07/07/2026,14:46,230.89,230.89,230.89,230.89,230.92,230.92,230.9,230.9
07/07/2026,14:47,230.9,230.9,230.89,230.89,230.92,230.93,230.91,230.91
07/07/2026,14:48,230.88,230.9,230.88,230.88,230.91,230.91,230.89,230.89
07/07/2026,14:49,230.82,230.82,230.65,230.65,230.83,230.83,230.68,230.68
07/07/2026,14:50,230.73,230.74,230.73,230.74,230.78,230.78,230.75,230.75
07/07/2026,14:51,230.67,230.68,230.67,230.68,230.7,230.71,230.7,230.71
07/07/2026,14:52,230.72,230.72,230.72,230.72,230.73,230.73,230.73,230.73
07/07/2026,14:53,230.69,230.69,230.69,230.69,230.71,230.71,230.71,230.71
07/07/2026,14:54,230.71,230.71,230.71,230.71,230.73,230.73,230.73,230.73
07/07/2026,14:55,230.71,230.71,230.69,230.69,230.72,230.72,230.71,230.71
07/07/2026,14:56,230.75,230.75,230.75,230.75,230.78,230.78,230.78,230.78
07/07/2026,14:57,230.8,230.8,230.79,230.79,230.82,230.82,230.81,230.81
07/07/2026,14:58,230.8,230.81,230.8,230.81,230.81,230.83,230.81,230.83
07/07/2026,14:59,230.79,230.8,230.79,230.79,230.81,230.82,230.8,230.8
07/07/2026,15:00,230.78,230.79,230.68,230.68,230.79,230.8,230.7,230.7
07/07/2026,15:01,230.66,230.66,230.6,230.64,230.69,230.69,230.63,230.66
07/07/2026,15:02,230.67,230.67,230.67,230.67,230.7,230.7,230.7,230.7
07/07/2026,15:03,230.68,230.69,230.67,230.67,230.69,230.72,230.68,230.68
07/07/2026,15:04,230.6,230.6,230.6,230.6,230.65,230.65,230.65,230.65
07/07/2026,15:05,230.57,230.6,230.57,230.6,230.61,230.64,230.61,230.63
07/07/2026,15:06,230.58,230.63,230.58,230.63,230.6,230.65,230.6,230.65
07/07/2026,15:07,230.59,230.59,230.56,230.56,230.6,230.6,230.58,230.58
07/07/2026,15:08,230.56,230.56,230.56,230.56,230.59,230.59,230.59,230.59
07/07/2026,15:09,230.54,230.56,230.54,230.55,230.56,230.58,230.56,230.58
07/07/2026,15:10,230.51,230.54,230.51,230.52,230.53,230.56,230.53,230.54
07/07/2026,15:11,230.52,230.52,230.51,230.51,230.54,230.54,230.53,230.53
07/07/2026,15:12,230.51,230.52,230.51,230.52,230.54,230.54,230.54,230.54
07/07/2026,15:13,230.55,230.59,230.55,230.57,230.57,230.6,230.57,230.6
07/07/2026,15:14,230.57,230.57,230.52,230.54,230.59,230.59,230.54,230.56
07/07/2026,15:15,230.55,230.56,230.54,230.56,230.56,230.59,230.55,230.59
07/07/2026,15:16,230.54,230.58,230.53,230.58,230.55,230.61,230.55,230.61
07/07/2026,15:17,230.61,230.61,230.61,230.61,230.63,230.63,230.63,230.63
07/07/2026,15:18,230.65,230.65,230.55,230.6,230.66,230.67,230.58,230.62
07/07/2026,15:19,230.62,230.64,230.62,230.64,230.64,230.65,230.64,230.65
07/07/2026,15:20,230.73,230.73,230.71,230.71,230.76,230.76,230.72,230.72
07/07/2026,15:21,230.74,230.78,230.74,230.78,230.77,230.81,230.77,230.81
07/07/2026,15:22,230.77,230.82,230.77,230.81,230.8,230.84,230.8,230.84
07/07/2026,15:23,230.82,230.82,230.82,230.82,230.85,230.85,230.85,230.85
07/07/2026,15:24,230.86,230.91,230.84,230.91,230.87,230.92,230.86,230.92
07/07/2026,15:25,230.91,230.91,230.85,230.86,230.93,230.93,230.86,230.87
07/07/2026,15:26,230.84,230.86,230.81,230.81,230.85,230.88,230.85,230.85
07/07/2026,15:27,230.83,230.85,230.83,230.85,230.85,230.87,230.85,230.87
07/07/2026,15:28,230.83,230.83,230.78,230.78,230.84,230.84,230.82,230.82
07/07/2026,15:29,230.78,230.78,230.72,230.75,230.79,230.79,230.76,230.78
07/07/2026,15:30,230.73,230.75,230.71,230.75,230.74,230.76,230.74,230.76
07/07/2026,15:31,230.72,230.73,230.67,230.67,230.73,230.75,230.71,230.71
07/07/2026,15:32,230.73,230.73,230.69,230.69,230.75,230.75,230.72,230.72
07/07/2026,15:33,230.67,230.67,230.66,230.66,230.7,230.71,230.69,230.71
07/07/2026,15:34,230.7,230.75,230.7,230.75,230.72,230.76,230.72,230.76
07/07/2026,15:35,230.71,230.74,230.71,230.73,230.73,230.76,230.73,230.76
07/07/2026,15:36,230.71,230.73,230.7,230.71,230.73,230.75,230.73,230.73
07/07/2026,15:37,230.71,230.71,230.71,230.71,230.74,230.74,230.74,230.74
07/07/2026,15:38,230.73,230.77,230.73,230.75,230.74,230.78,230.74,230.77
07/07/2026,15:39,230.75,230.77,230.75,230.77,230.77,230.79,230.77,230.79
07/07/2026,15:40,230.75,230.75,230.75,230.75,230.76,230.76,230.76,230.76
07/07/2026,15:41,230.76,230.76,230.76,230.76,230.78,230.78,230.78,230.78
07/07/2026,15:42,230.79,230.79,230.76,230.77,230.8,230.8,230.78,230.79
07/07/2026,15:43,230.79,230.79,230.74,230.74,230.81,230.81,230.77,230.77
07/07/2026,15:44,230.75,230.76,230.75,230.76,230.76,230.78,230.76,230.78
07/07/2026,15:45,230.81,230.84,230.81,230.84,230.83,230.86,230.83,230.86
07/07/2026,15:46,230.88,230.91,230.84,230.84,230.9,230.91,230.87,230.87
07/07/2026,15:47,230.85,230.85,230.8,230.81,230.86,230.86,230.83,230.83
07/07/2026,15:48,230.8,230.86,230.8,230.85,230.83,230.88,230.83,230.87
07/07/2026,15:49,230.86,230.9,230.86,230.87,230.87,230.91,230.87,230.9
07/07/2026,15:50,230.88,230.89,230.87,230.89,230.91,230.93,230.88,230.93
07/07/2026,15:51,230.91,230.91,230.87,230.89,230.93,230.93,230.88,230.91
07/07/2026,15:52,230.9,230.9,230.84,230.89,230.91,230.91,230.87,230.91
07/07/2026,15:53,230.9,230.99,230.9,230.99,230.92,231.01,230.92,231.01
07/07/2026,15:54,231,231,230.96,230.96,231.01,231.01,230.98,230.98
07/07/2026,15:55,230.98,230.98,230.9,230.94,231,231,230.92,230.96
07/07/2026,15:56,230.91,230.91,230.86,230.86,230.93,230.93,230.88,230.88
07/07/2026,15:57,230.84,230.84,230.83,230.83,230.87,230.87,230.84,230.84
07/07/2026,15:58,230.83,230.85,230.81,230.85,230.84,230.87,230.82,230.86
07/07/2026,15:59,230.83,230.83,230.61,230.63,230.84,230.84,230.63,230.69
07/08/2026,09:30,229.67,229.73,229.35,229.35,230.05,230.05,229.79,229.79
07/08/2026,09:31,229.23,229.24,229.11,229.24,229.38,229.38,229.26,229.38
07/08/2026,09:32,229.27,229.27,229.27,229.27,229.41,229.41,229.41,229.41
07/08/2026,09:33,229.12,229.15,229.12,229.15,229.25,229.25,229.21,229.21
07/08/2026,09:35,229.14,229.17,228.99,228.99,229.21,229.21,229.03,229.03
07/08/2026,09:36,229.11,229.11,229.1,229.1,229.15,229.15,229.15,229.15
07/08/2026,09:37,229.08,229.23,229.08,229.23,229.13,229.26,229.13,229.26
07/08/2026,09:38,229.16,229.16,229.1,229.1,229.21,229.21,229.13,229.13
07/08/2026,09:39,229.19,229.23,229.19,229.23,229.21,229.3,229.21,229.3
07/08/2026,09:40,229.3,229.34,229.3,229.34,229.34,229.38,229.34,229.38
07/08/2026,09:41,229.27,229.27,229.22,229.22,229.31,229.31,229.27,229.27
07/08/2026,09:42,229.25,229.25,229.16,229.16,229.27,229.27,229.2,229.2
07/08/2026,09:43,229.04,229.09,229.04,229.06,229.09,229.13,229.09,229.09
07/08/2026,09:44,229,229.08,229,229.08,229.05,229.14,229.04,229.14
07/08/2026,09:45,229.08,229.08,228.94,228.94,229.13,229.13,228.98,228.99
07/08/2026,09:46,228.97,229.01,228.97,229.01,229.02,229.04,229.02,229.04
07/08/2026,09:47,228.98,229.05,228.98,229,229.01,229.07,229.01,229.05
07/08/2026,09:48,229.03,229.14,229.03,229.14,229.08,229.19,229.08,229.19
07/08/2026,09:49,229.09,229.1,229.09,229.1,229.16,229.16,229.14,229.15
07/08/2026,09:50,229.11,229.14,229.11,229.14,229.16,229.18,229.15,229.15
07/08/2026,09:51,229.19,229.19,229.19,229.19,229.26,229.26,229.26,229.26
07/08/2026,09:52,228.99,229.06,228.99,229.06,229.05,229.09,229.05,229.09
07/08/2026,09:53,229.09,229.09,229.09,229.09,229.14,229.14,229.14,229.14
07/08/2026,09:54,229.15,229.15,229.15,229.15,229.2,229.2,229.2,229.2
07/08/2026,09:55,229.09,229.09,229.06,229.06,229.16,229.16,229.16,229.16
07/08/2026,09:58,229.15,229.15,229.15,229.15,229.22,229.22,229.22,229.22
07/08/2026,09:59,229.07,229.07,229.07,229.07,229.13,229.13,229.13,229.13
07/08/2026,10:00,229.05,229.13,228.97,229.13,229.11,229.21,229.05,229.21
07/08/2026,10:01,229.16,229.16,229.14,229.14,229.25,229.25,229.21,229.21
07/08/2026,10:02,229.17,229.17,229.17,229.17,229.23,229.23,229.23,229.23
07/08/2026,10:03,229.15,229.15,229.15,229.15,229.22,229.22,229.22,229.22
07/08/2026,10:04,229.16,229.16,229.15,229.15,229.2,229.2,229.2,229.2
07/08/2026,10:05,229.17,229.17,229.17,229.17,229.29,229.29,229.29,229.29
07/08/2026,10:06,229.35,229.39,229.33,229.35,229.41,229.45,229.35,229.38
07/08/2026,10:07,229.29,229.29,229.29,229.29,229.34,229.34,229.34,229.34
07/08/2026,10:08,229.32,229.32,229.32,229.32,229.34,229.34,229.34,229.34
07/08/2026,10:09,229.26,229.26,229.19,229.26,229.32,229.32,229.23,229.31
07/08/2026,10:10,229.27,229.27,229.19,229.19,229.32,229.32,229.22,229.24
07/08/2026,10:11,229.21,229.28,229.21,229.28,229.26,229.32,229.26,229.32
07/08/2026,10:12,229.11,229.11,229.11,229.11,229.16,229.16,229.16,229.16
07/08/2026,10:13,229.09,229.1,229.09,229.1,229.11,229.11,229.11,229.11
07/08/2026,10:14,229.05,229.05,229.01,229.01,229.12,229.12,229.05,229.05
07/08/2026,10:15,229.02,229.02,228.92,228.96,229.07,229.07,228.95,229
07/08/2026,10:16,228.89,228.89,228.89,228.89,228.92,228.95,228.91,228.95
07/08/2026,10:17,228.9,228.9,228.9,228.9,228.94,228.97,228.94,228.97
07/08/2026,10:18,229.01,229.02,229.01,229.02,229.06,229.06,229.06,229.06
07/08/2026,10:19,229.01,229.01,229.01,229.01,229.05,229.05,229.05,229.05
07/08/2026,10:20,229.06,229.06,229.06,229.06,229.08,229.08,229.08,229.08
07/08/2026,10:21,229.24,229.27,229.2,229.27,229.28,229.33,229.24,229.33
07/08/2026,10:22,229.27,229.27,229.21,229.25,229.32,229.32,229.25,229.3
07/08/2026,10:23,229.28,229.28,229.21,229.21,229.32,229.32,229.24,229.24
07/08/2026,10:24,229.17,229.17,229.17,229.17,229.19,229.19,229.19,229.19
07/08/2026,10:26,229.11,229.11,229.11,229.11,229.15,229.15,229.15,229.15
07/08/2026,10:27,229.01,229.12,229,229.11,229.05,229.17,229.03,229.16
07/08/2026,10:28,229.13,229.13,229.04,229.04,229.14,229.14,229.06,229.06
07/08/2026,10:29,228.97,229.03,228.97,228.99,229.01,229.05,229,229.04
07/08/2026,10:30,228.92,228.92,228.92,228.92,228.98,228.98,228.98,228.98
07/08/2026,10:31,228.89,228.92,228.89,228.91,228.92,228.93,228.92,228.93
07/08/2026,10:32,228.98,228.98,228.98,228.98,228.99,228.99,228.99,228.99
07/08/2026,10:33,228.93,228.93,228.93,228.93,228.95,228.95,228.95,228.95
07/08/2026,10:34,228.98,229.03,228.98,229.03,228.99,229.05,228.99,229.05
07/08/2026,10:35,228.79,228.79,228.79,228.79,228.82,228.82,228.82,228.82
07/08/2026,10:36,228.88,228.88,228.88,228.88,228.91,228.91,228.91,228.91
07/08/2026,10:37,228.9,228.91,228.85,228.85,228.92,228.95,228.88,228.89
07/08/2026,10:38,228.81,228.86,228.81,228.86,228.86,228.88,228.86,228.88
07/08/2026,10:39,228.87,228.87,228.87,228.87,228.89,228.89,228.89,228.89
07/08/2026,10:40,228.85,228.91,228.85,228.91,228.89,228.94,228.89,228.94
07/08/2026,10:41,228.9,228.91,228.9,228.91,228.93,228.94,228.92,228.92
07/08/2026,10:42,228.87,228.87,228.84,228.84,228.9,228.9,228.86,228.87
07/08/2026,10:43,228.8,228.84,228.8,228.84,228.84,228.86,228.84,228.86
07/08/2026,10:44,228.86,228.86,228.86,228.86,228.87,228.87,228.87,228.87
07/08/2026,10:45,228.77,228.77,228.77,228.77,228.8,228.8,228.8,228.8
07/08/2026,10:46,228.76,228.76,228.73,228.75,228.77,228.77,228.76,228.77
07/08/2026,10:47,228.77,228.78,228.77,228.78,228.78,228.82,228.78,228.82
07/08/2026,10:48,228.75,228.75,228.74,228.74,228.78,228.78,228.78,228.78
07/08/2026,10:49,228.7,228.7,228.7,228.7,228.74,228.74,228.74,228.74
07/08/2026,10:50,228.68,228.68,228.68,228.68,228.71,228.71,228.71,228.71
07/08/2026,10:51,228.7,228.71,228.7,228.71,228.74,228.74,228.74,228.74
07/08/2026,10:52,228.73,228.76,228.73,228.75,228.76,228.79,228.76,228.77
07/08/2026,10:53,228.75,228.75,228.67,228.67,228.78,228.78,228.71,228.71
07/08/2026,10:54,228.67,228.7,228.67,228.69,228.71,228.73,228.7,228.72
07/08/2026,10:55,228.66,228.72,228.62,228.62,228.7,228.73,228.64,228.64
07/08/2026,10:56,228.54,228.54,228.54,228.54,228.58,228.58,228.58,228.58
07/08/2026,10:57,228.48,228.52,228.48,228.51,228.51,228.54,228.51,228.54
07/08/2026,10:58,228.5,228.53,228.5,228.52,228.53,228.56,228.53,228.55
07/08/2026,10:59,228.49,228.49,228.49,228.49,228.51,228.51,228.51,228.51
07/08/2026,11:00,228.48,228.48,228.41,228.43,228.5,228.5,228.43,228.44
07/08/2026,11:01,228.47,228.47,228.44,228.44,228.5,228.5,228.48,228.48
07/08/2026,11:02,228.36,228.37,228.36,228.37,228.39,228.4,228.39,228.4
07/08/2026,11:04,228.44,228.46,228.44,228.46,228.45,228.47,228.45,228.47
07/08/2026,11:05,228.46,228.51,228.46,228.5,228.48,228.52,228.48,228.52
07/08/2026,11:06,228.51,228.54,228.49,228.51,228.54,228.55,228.51,228.53
07/08/2026,11:07,228.47,228.49,228.46,228.46,228.5,228.51,228.49,228.49
07/08/2026,11:08,228.46,228.47,228.46,228.47,228.48,228.49,228.48,228.49
07/08/2026,11:09,228.48,228.48,228.45,228.45,228.5,228.5,228.47,228.47
07/08/2026,11:10,228.46,228.46,228.45,228.45,228.47,228.47,228.47,228.47
07/08/2026,11:11,228.49,228.55,228.49,228.53,228.51,228.56,228.51,228.56
07/08/2026,11:12,228.52,228.58,228.52,228.58,228.54,228.61,228.54,228.61
07/08/2026,11:13,228.62,228.62,228.59,228.59,228.64,228.64,228.64,228.64
07/08/2026,11:14,228.55,228.56,228.54,228.56,228.58,228.58,228.55,228.57
07/08/2026,11:16,228.53,228.53,228.53,228.53,228.55,228.55,228.55,228.55
07/08/2026,11:17,228.44,228.49,228.44,228.49,228.49,228.5,228.49,228.5
07/08/2026,11:18,228.56,228.56,228.56,228.56,228.59,228.59,228.59,228.59
07/08/2026,11:19,228.58,228.62,228.58,228.62,228.6,228.65,228.6,228.64
07/08/2026,11:20,228.57,228.68,228.57,228.68,228.61,228.7,228.61,228.7
07/08/2026,11:21,228.63,228.63,228.62,228.62,228.65,228.65,228.65,228.65
07/08/2026,11:22,228.56,228.56,228.56,228.56,228.59,228.6,228.59,228.6
07/08/2026,11:23,228.57,228.59,228.57,228.59,228.6,228.61,228.6,228.61
07/08/2026,11:24,228.53,228.53,228.5,228.5,228.55,228.55,228.51,228.51
07/08/2026,11:26,228.43,228.43,228.43,228.43,228.44,228.44,228.44,228.44
07/08/2026,11:27,228.41,228.42,228.41,228.42,228.44,228.44,228.44,228.44
07/08/2026,11:28,228.42,228.43,228.42,228.43,228.45,228.46,228.45,228.46
07/08/2026,11:29,228.47,228.47,228.43,228.43,228.49,228.49,228.46,228.46
07/08/2026,11:30,228.33,228.33,228.33,228.33,228.37,228.37,228.37,228.37
07/08/2026,11:31,228.38,228.38,228.38,228.38,228.39,228.39,228.39,228.39
07/08/2026,11:33,228.47,228.53,228.45,228.53,228.49,228.55,228.48,228.55
07/08/2026,11:34,228.49,228.56,228.49,228.56,228.52,228.6,228.52,228.6
07/08/2026,11:36,228.51,228.53,228.51,228.53,228.53,228.54,228.53,228.54
07/08/2026,11:37,228.58,228.6,228.58,228.59,228.61,228.64,228.61,228.62
07/08/2026,11:38,228.57,228.57,228.54,228.54,228.59,228.59,228.57,228.57
07/08/2026,11:39,228.51,228.51,228.51,228.51,228.55,228.55,228.55,228.55
07/08/2026,11:40,228.53,228.58,228.53,228.58,228.57,228.6,228.57,228.6
07/08/2026,11:41,228.57,228.57,228.56,228.56,228.59,228.59,228.59,228.59
07/08/2026,11:42,228.53,228.53,228.53,228.53,228.56,228.56,228.56,228.56
07/08/2026,11:43,228.54,228.54,228.54,228.54,228.58,228.58,228.58,228.58
07/08/2026,11:44,228.52,228.52,228.51,228.52,228.55,228.56,228.55,228.55
07/08/2026,11:45,228.51,228.51,228.51,228.51,228.55,228.55,228.53,228.53
07/08/2026,11:48,228.58,228.59,228.56,228.56,228.59,228.61,228.59,228.59
07/08/2026,11:49,228.53,228.53,228.53,228.53,228.56,228.56,228.56,228.56
07/08/2026,11:51,228.52,228.52,228.52,228.52,228.55,228.55,228.55,228.55
07/08/2026,11:52,228.51,228.51,228.51,228.51,228.54,228.54,228.54,228.54
07/08/2026,11:54,228.6,228.6,228.6,228.6,228.63,228.63,228.63,228.63
07/08/2026,11:56,228.65,228.65,228.65,228.65,228.68,228.68,228.68,228.68
07/08/2026,11:57,228.56,228.56,228.56,228.56,228.6,228.6,228.6,228.6
07/08/2026,11:58,228.65,228.65,228.63,228.65,228.66,228.67,228.65,228.67
07/08/2026,11:59,228.61,228.62,228.61,228.62,228.64,228.65,228.64,228.65
07/08/2026,12:00,228.62,228.66,228.6,228.66,228.63,228.68,228.62,228.68
07/08/2026,12:01,228.66,228.67,228.62,228.62,228.69,228.69,228.65,228.65
07/08/2026,12:03,228.61,228.63,228.61,228.63,228.63,228.65,228.63,228.65
07/08/2026,12:04,228.65,228.65,228.65,228.65,228.68,228.68,228.68,228.68
07/08/2026,12:05,228.66,228.71,228.66,228.71,228.69,228.73,228.69,228.73
07/08/2026,12:06,228.75,228.75,228.74,228.74,228.78,228.78,228.76,228.76
07/08/2026,12:07,228.74,228.74,228.69,228.69,228.75,228.76,228.71,228.71
07/08/2026,12:08,228.67,228.67,228.67,228.67,228.7,228.7,228.7,228.7
07/08/2026,12:10,228.78,228.78,228.78,228.78,228.79,228.79,228.79,228.79
07/08/2026,12:11,228.79,228.79,228.79,228.79,228.82,228.82,228.82,228.82
07/08/2026,12:12,228.76,228.76,228.76,228.76,228.78,228.78,228.78,228.78
07/08/2026,12:13,228.74,228.74,228.74,228.74,228.75,228.75,228.75,228.75
07/08/2026,12:15,228.72,228.73,228.72,228.73,228.73,228.74,228.73,228.74
07/08/2026,12:16,228.71,228.72,228.67,228.72,228.73,228.74,228.69,228.74
07/08/2026,12:17,228.75,228.75,228.75,228.75,228.78,228.78,228.78,228.78
07/08/2026,12:18,228.74,228.74,228.72,228.72,228.76,228.76,228.74,228.74
07/08/2026,12:20,228.72,228.74,228.71,228.74,228.73,228.75,228.73,228.75
07/08/2026,12:21,228.77,228.77,228.76,228.76,228.79,228.79,228.78,228.78
07/08/2026,12:22,228.72,228.72,228.67,228.67,228.75,228.75,228.7,228.7
07/08/2026,12:23,228.68,228.74,228.68,228.74,228.71,228.75,228.71,228.75
07/08/2026,12:24,228.66,228.68,228.65,228.65,228.68,228.69,228.68,228.68
07/08/2026,12:25,228.68,228.7,228.68,228.7,228.69,228.73,228.69,228.73
07/08/2026,12:26,228.66,228.67,228.65,228.66,228.69,228.7,228.68,228.69
07/08/2026,12:27,228.66,228.71,228.66,228.71,228.69,228.73,228.69,228.73
07/08/2026,12:28,228.72,228.72,228.72,228.72,228.74,228.74,228.74,228.74
07/08/2026,12:31,228.73,228.77,228.73,228.77,228.75,228.8,228.75,228.8
07/08/2026,12:32,228.71,228.72,228.7,228.72,228.73,228.75,228.72,228.75
07/08/2026,12:33,228.72,228.74,228.72,228.74,228.75,228.76,228.75,228.76
07/08/2026,12:34,228.73,228.73,228.66,228.67,228.77,228.77,228.68,228.69
07/08/2026,12:35,228.68,228.74,228.68,228.71,228.7,228.77,228.7,228.74
07/08/2026,12:36,228.61,228.63,228.61,228.63,228.63,228.66,228.63,228.66
07/08/2026,12:37,228.62,228.62,228.6,228.6,228.63,228.63,228.63,228.63
07/08/2026,12:39,228.6,228.73,228.6,228.73,228.61,228.76,228.61,228.76
07/08/2026,12:40,228.71,228.9,228.68,228.9,228.73,228.93,228.71,228.93
07/08/2026,12:41,228.85,228.85,228.85,228.85,228.88,228.88,228.88,228.88
07/08/2026,12:42,228.88,228.93,228.88,228.93,228.91,228.96,228.91,228.96
07/08/2026,12:43,228.93,228.93,228.93,228.93,228.95,228.95,228.95,228.95
07/08/2026,12:45,228.92,228.92,228.92,228.92,228.96,228.96,228.96,228.96
07/08/2026,12:46,228.92,228.92,228.9,228.9,228.94,228.94,228.93,228.93
07/08/2026,12:49,228.92,228.92,228.92,228.92,228.95,228.95,228.95,228.95
07/08/2026,12:50,228.94,228.94,228.94,228.94,228.96,228.96,228.96,228.96
07/08/2026,12:52,229.01,229.01,229.01,229.01,229.03,229.03,229.03,229.03
07/08/2026,12:53,228.99,229.01,228.96,229,229.03,229.03,228.98,229.01
07/08/2026,12:55,229,229,228.97,228.97,229.02,229.02,229,229
07/08/2026,12:56,228.97,228.97,228.97,228.97,228.99,228.99,228.99,228.99
07/08/2026,12:57,228.97,229,228.97,229,229,229.03,229,229.03
07/08/2026,12:58,228.99,229,228.99,229,229.02,229.03,229.02,229.03
07/08/2026,12:59,229.02,229.03,229.02,229.03,229.05,229.07,229.05,229.07
07/08/2026,13:00,229.04,229.04,229.04,229.04,229.05,229.05,229.05,229.05
07/08/2026,13:02,229.01,229.05,229,229.01,229.04,229.07,229.04,229.04
07/08/2026,13:03,229.02,229.02,229.02,229.02,229.06,229.06,229.06,229.06
07/08/2026,13:04,229.05,229.05,229.05,229.05,229.07,229.07,229.07,229.07
07/08/2026,13:05,229.02,229.02,229.02,229.02,229.06,229.06,229.05,229.05
07/08/2026,13:06,229.05,229.05,229.05,229.05,229.07,229.07,229.07,229.07
07/08/2026,13:07,229.05,229.05,229.05,229.05,229.07,229.07,229.07,229.07
07/08/2026,13:08,229.04,229.04,229,229,229.06,229.06,229.02,229.02
07/08/2026,13:09,228.92,228.92,228.92,228.92,228.93,228.93,228.93,228.93
07/08/2026,13:10,228.89,228.89,228.89,228.89,228.91,228.91,228.91,228.91
07/08/2026,13:11,228.9,228.92,228.9,228.92,228.91,228.94,228.91,228.94
07/08/2026,13:13,229,229,229,229,229.01,229.01,229.01,229.01
07/08/2026,13:14,229.07,229.09,229.06,229.06,229.09,229.11,229.09,229.1
07/08/2026,13:15,229.07,229.07,229.07,229.07,229.09,229.09,229.09,229.09
07/08/2026,13:16,229.03,229.03,229.03,229.03,229.07,229.07,229.07,229.07
07/08/2026,13:17,229.02,229.02,229.02,229.02,229.04,229.04,229.04,229.04
07/08/2026,13:18,228.96,228.96,228.96,228.96,229,229,228.99,228.99
07/08/2026,13:19,228.99,229.06,228.99,229.06,229,229.07,229,229.07
07/08/2026,13:20,229.08,229.1,229.08,229.1,229.09,229.13,229.09,229.13
07/08/2026,13:25,229.07,229.07,229.07,229.07,229.08,229.08,229.08,229.08
07/08/2026,13:26,229.04,229.04,229.04,229.04,229.06,229.06,229.06,229.06
07/08/2026,13:27,229.02,229.02,229,229,229.05,229.05,229.03,229.03
07/08/2026,13:28,229.01,229.01,229.01,229.01,229.04,229.04,229.04,229.04
07/08/2026,13:30,229.09,229.11,229.09,229.11,229.1,229.14,229.1,229.14
07/08/2026,13:32,229.15,229.15,229.15,229.15,229.18,229.18,229.18,229.18
07/08/2026,13:33,229.14,229.14,229.07,229.07,229.16,229.16,229.1,229.1
07/08/2026,13:34,229.09,229.09,229.09,229.09,229.12,229.12,229.12,229.12
07/08/2026,13:35,229.06,229.06,229.06,229.06,229.09,229.09,229.09,229.09
07/08/2026,13:39,228.98,228.98,228.98,228.98,229.02,229.02,229.02,229.02
07/08/2026,13:40,228.95,228.95,228.95,228.95,228.98,228.98,228.96,228.96
07/08/2026,13:42,228.99,229.01,228.99,229.01,229.02,229.03,229,229.03
07/08/2026,13:44,228.99,229.03,228.99,229.03,229.02,229.05,229.01,229.04
07/08/2026,13:45,229.03,229.03,228.97,228.99,229.04,229.04,228.98,229
07/08/2026,13:47,228.97,228.97,228.95,228.95,229,229,228.98,228.98
07/08/2026,13:48,228.93,228.93,228.91,228.91,228.95,228.95,228.94,228.94
07/08/2026,13:49,228.93,228.93,228.91,228.91,228.96,228.96,228.92,228.92
07/08/2026,13:50,228.91,228.95,228.91,228.95,228.93,228.97,228.93,228.97
07/08/2026,13:51,228.95,228.95,228.95,228.95,228.97,228.98,228.97,228.98
07/08/2026,13:54,228.95,228.95,228.95,228.95,228.98,228.98,228.98,228.98
07/08/2026,13:55,228.87,228.88,228.87,228.88,228.89,228.89,228.89,228.89
07/08/2026,13:57,228.87,228.88,228.87,228.88,228.9,228.9,228.9,228.9
07/08/2026,13:58,228.9,228.92,228.9,228.92,228.92,228.93,228.92,228.93
07/08/2026,14:00,228.92,228.95,228.86,228.95,228.96,228.97,228.92,228.97
07/08/2026,14:01,229.06,229.08,229.06,229.08,229.08,229.11,229.08,229.11
07/08/2026,14:02,229.11,229.11,229.09,229.09,229.13,229.13,229.12,229.12
07/08/2026,14:03,229.12,229.16,229.11,229.16,229.13,229.18,229.13,229.18
07/08/2026,14:04,229.14,229.19,229.14,229.15,229.17,229.21,229.17,229.18
07/08/2026,14:06,229.12,229.12,229.12,229.12,229.15,229.15,229.15,229.15
07/08/2026,14:07,229.13,229.13,229.13,229.13,229.15,229.15,229.15,229.15
07/08/2026,14:08,229.14,229.15,229.14,229.15,229.15,229.16,229.15,229.16
07/08/2026,14:09,229.16,229.16,229.16,229.16,229.18,229.18,229.18,229.18
07/08/2026,14:10,229.12,229.12,229.12,229.12,229.13,229.13,229.13,229.13
07/08/2026,14:11,229.12,229.12,229.12,229.12,229.15,229.15,229.15,229.15
07/08/2026,14:13,229.2,229.2,229.2,229.2,229.21,229.21,229.21,229.21
07/08/2026,14:14,229.21,229.21,229.2,229.2,229.23,229.23,229.22,229.22
07/08/2026,14:15,229.19,229.2,229.19,229.2,229.22,229.22,229.22,229.22
07/08/2026,14:16,229.11,229.11,229.11,229.11,229.12,229.12,229.12,229.12
07/08/2026,14:17,229.09,229.09,229.07,229.07,229.12,229.12,229.1,229.1
07/08/2026,14:18,229.07,229.09,229.07,229.09,229.1,229.1,229.1,229.1
07/08/2026,14:19,229.11,229.12,229.11,229.12,229.14,229.15,229.14,229.15
07/08/2026,14:20,229.11,229.11,229.11,229.11,229.14,229.14,229.14,229.14
07/08/2026,14:21,229.13,229.13,229.13,229.13,229.15,229.15,229.15,229.15
07/08/2026,14:22,229.15,229.16,229.15,229.16,229.16,229.17,229.16,229.17
07/08/2026,14:23,229.16,229.16,229.16,229.16,229.19,229.19,229.19,229.19
07/08/2026,14:24,229.17,229.17,229.17,229.17,229.19,229.19,229.19,229.19
07/08/2026,14:25,229.1,229.1,229.1,229.1,229.12,229.12,229.12,229.12
07/08/2026,14:26,229.14,229.14,229.14,229.14,229.16,229.17,229.16,229.17
07/08/2026,14:28,229.12,229.12,229.12,229.12,229.14,229.15,229.14,229.15
07/08/2026,14:30,229.02,229.02,229.02,229.02,229.04,229.04,229.04,229.04
07/08/2026,14:31,228.98,228.98,228.98,228.98,229,229,229,229
07/08/2026,14:32,229.02,229.06,229.01,229.06,229.04,229.07,229.03,229.07
07/08/2026,14:34,228.96,228.97,228.96,228.97,228.98,229,228.98,229
07/08/2026,14:36,228.98,228.99,228.98,228.99,229.01,229.01,229.01,229.01
07/08/2026,14:37,229.03,229.03,229.03,229.03,229.04,229.04,229.04,229.04
07/08/2026,14:38,229.02,229.02,229.02,229.02,229.05,229.05,229.05,229.05
07/08/2026,14:39,229,229.01,228.99,228.99,229.03,229.03,229.01,229.01
07/08/2026,14:40,228.96,228.96,228.96,228.96,228.98,228.98,228.98,228.98
07/08/2026,14:41,228.93,228.93,228.93,228.93,228.95,228.96,228.95,228.96
07/08/2026,14:42,228.9,228.9,228.9,228.9,228.92,228.92,228.91,228.91
07/08/2026,14:43,228.88,228.88,228.88,228.88,228.91,228.91,228.91,228.91
07/08/2026,14:46,228.91,228.94,228.91,228.94,228.93,228.95,228.93,228.95
07/08/2026,14:47,228.87,228.87,228.87,228.87,228.92,228.92,228.92,228.92
07/08/2026,14:48,228.9,228.94,228.9,228.94,228.93,228.96,228.93,228.96
07/08/2026,14:49,228.98,228.98,228.98,228.98,228.99,228.99,228.99,228.99
07/08/2026,14:51,228.99,228.99,228.98,228.98,229.01,229.01,229.01,229.01
07/08/2026,14:52,228.97,228.97,228.97,228.97,228.99,228.99,228.99,228.99
07/08/2026,14:55,228.86,228.86,228.86,228.86,228.89,228.89,228.89,228.89
07/08/2026,14:56,228.85,228.85,228.84,228.84,228.87,228.87,228.87,228.87
07/08/2026,14:57,228.88,228.88,228.88,228.88,228.91,228.91,228.91,228.91
07/08/2026,14:58,228.86,228.86,228.86,228.86,228.89,228.89,228.89,228.89
07/08/2026,14:59,228.87,228.9,228.87,228.9,228.9,228.92,228.9,228.92
07/08/2026,15:00,228.9,228.9,228.9,228.9,228.92,228.92,228.92,228.92
07/08/2026,15:01,228.94,228.94,228.94,228.94,228.97,228.97,228.97,228.97
07/08/2026,15:03,228.85,228.88,228.85,228.88,228.88,228.91,228.88,228.91
07/08/2026,15:04,228.85,228.85,228.84,228.84,228.87,228.87,228.87,228.87
07/08/2026,15:05,228.86,228.86,228.86,228.86,228.88,228.88,228.88,228.88
07/08/2026,15:06,228.9,228.9,228.9,228.9,228.93,228.93,228.93,228.93
07/08/2026,15:07,228.89,228.89,228.86,228.87,228.91,228.92,228.89,228.89
07/08/2026,15:08,228.88,228.88,228.88,228.88,228.91,228.91,228.91,228.91
07/08/2026,15:09,228.88,228.9,228.88,228.9,228.91,228.93,228.91,228.93
07/08/2026,15:10,228.91,228.91,228.87,228.89,228.93,228.93,228.91,228.92
07/08/2026,15:11,228.85,228.85,228.79,228.79,228.88,228.88,228.81,228.81
07/08/2026,15:12,228.79,228.8,228.78,228.8,228.81,228.82,228.8,228.82
07/08/2026,15:13,228.78,228.78,228.77,228.77,228.81,228.81,228.8,228.8
07/08/2026,15:14,228.78,228.81,228.78,228.8,228.81,228.83,228.79,228.81
07/08/2026,15:15,228.81,228.82,228.81,228.82,228.83,228.83,228.83,228.83
07/08/2026,15:16,228.81,228.83,228.81,228.81,228.82,228.85,228.82,228.83
07/08/2026,15:17,228.8,228.83,228.8,228.83,228.81,228.84,228.81,228.84
07/08/2026,15:18,228.87,228.89,228.87,228.88,228.88,228.91,228.88,228.9
07/08/2026,15:19,228.86,228.86,228.79,228.79,228.88,228.88,228.82,228.82
07/08/2026,15:20,228.8,228.83,228.8,228.83,228.82,228.85,228.82,228.85
07/08/2026,15:21,228.82,228.87,228.82,228.87,228.83,228.88,228.83,228.88
07/08/2026,15:22,228.84,228.84,228.8,228.81,228.86,228.87,228.83,228.83
07/08/2026,15:23,228.8,228.83,228.8,228.81,228.82,228.85,228.82,228.84
07/08/2026,15:24,228.8,228.8,228.79,228.79,228.81,228.81,228.81,228.81
07/08/2026,15:25,228.83,228.83,228.83,228.83,228.84,228.84,228.84,228.84
07/08/2026,15:26,228.79,228.83,228.79,228.83,228.83,228.84,228.83,228.84
07/08/2026,15:27,228.81,228.83,228.81,228.83,228.83,228.84,228.83,228.84
07/08/2026,15:28,228.79,228.79,228.79,228.79,228.8,228.8,228.8,228.8
07/08/2026,15:29,228.78,228.81,228.78,228.81,228.79,228.83,228.79,228.82
07/08/2026,15:30,228.81,228.82,228.81,228.81,228.82,228.84,228.82,228.84
07/08/2026,15:31,228.81,228.84,228.81,228.84,228.82,228.86,228.82,228.85
07/08/2026,15:32,228.83,228.84,228.79,228.79,228.86,228.86,228.8,228.8
07/08/2026,15:33,228.79,228.79,228.73,228.73,228.8,228.8,228.75,228.75
07/08/2026,15:34,228.76,228.77,228.75,228.77,228.77,228.78,228.76,228.78
07/08/2026,15:35,228.75,228.77,228.75,228.77,228.77,228.78,228.77,228.78
07/08/2026,15:36,228.77,228.84,228.76,228.84,228.78,228.85,228.78,228.85
07/08/2026,15:37,228.82,228.82,228.78,228.79,228.84,228.84,228.8,228.8
07/08/2026,15:38,228.79,228.82,228.79,228.82,228.81,228.83,228.8,228.83
07/08/2026,15:39,228.81,228.85,228.81,228.83,228.82,228.86,228.82,228.84
07/08/2026,15:40,228.83,228.86,228.8,228.82,228.84,228.88,228.83,228.84
07/08/2026,15:41,228.81,228.85,228.79,228.84,228.82,228.87,228.81,228.86
07/08/2026,15:42,228.85,228.87,228.85,228.86,228.86,228.88,228.86,228.87
07/08/2026,15:43,228.86,228.88,228.84,228.88,228.88,228.9,228.85,228.9
07/08/2026,15:44,228.87,228.93,228.87,228.93,228.88,228.95,228.88,228.95
07/08/2026,15:45,228.92,228.92,228.75,228.77,228.93,228.94,228.77,228.78
07/08/2026,15:46,228.79,228.79,228.74,228.75,228.8,228.8,228.75,228.77
07/08/2026,15:47,228.73,228.73,228.68,228.68,228.75,228.75,228.71,228.71
07/08/2026,15:48,228.67,228.73,228.67,228.73,228.68,228.74,228.68,228.74
07/08/2026,15:49,228.74,228.74,228.72,228.74,228.75,228.76,228.74,228.76
07/08/2026,15:50,228.73,228.85,228.73,228.82,228.75,228.86,228.75,228.83
07/08/2026,15:51,228.82,228.85,228.8,228.84,228.84,228.87,228.82,228.86
07/08/2026,15:52,228.83,228.87,228.83,228.86,228.85,228.89,228.85,228.89
07/08/2026,15:53,228.87,228.9,228.86,228.86,228.88,228.92,228.87,228.87
07/08/2026,15:54,228.85,228.94,228.84,228.94,228.86,228.96,228.85,228.96
07/08/2026,15:55,228.98,229,228.87,228.9,229,229.01,228.88,228.91
07/08/2026,15:56,228.89,228.92,228.86,228.91,228.9,228.94,228.88,228.92
07/08/2026,15:57,228.93,229.01,228.93,228.98,228.94,229.03,228.94,229
07/08/2026,15:58,228.98,228.98,228.92,228.98,229,229,228.93,228.99
07/08/2026,15:59,228.98,229.02,228.85,228.85,229.01,229.03,228.87,228.87
07/09/2026,09:30,228.76,228.76,228.63,228.63,229.06,229.06,228.99,228.99
07/09/2026,09:31,228.59,228.61,228.59,228.61,228.7,228.72,228.7,228.72
07/09/2026,09:33,228.77,228.77,228.73,228.73,228.84,228.84,228.8,228.8
07/09/2026,09:35,228.74,228.81,228.74,228.81,228.81,228.87,228.8,228.87
07/09/2026,09:36,228.82,228.82,228.82,228.82,228.9,228.9,228.9,228.9
07/09/2026,09:37,228.83,228.83,228.77,228.77,228.86,228.86,228.83,228.83
07/09/2026,09:42,228.96,228.96,228.96,228.96,229.04,229.04,229.04,229.04
07/09/2026,09:46,229.3,229.3,229.3,229.3,229.37,229.37,229.37,229.37
07/09/2026,09:47,229.31,229.36,229.31,229.34,229.38,229.43,229.38,229.43
07/09/2026,09:48,229.29,229.29,229.29,229.29,229.35,229.35,229.35,229.35
07/09/2026,09:50,229.18,229.19,229.18,229.19,229.23,229.23,229.22,229.22
07/09/2026,09:51,229.19,229.19,229.19,229.19,229.24,229.24,229.23,229.23
07/09/2026,09:52,229.32,229.32,229.32,229.32,229.36,229.36,229.36,229.36
07/09/2026,09:55,229.27,229.27,229.27,229.27,229.33,229.33,229.33,229.33
07/09/2026,09:56,229.31,229.31,229.26,229.26,229.35,229.35,229.29,229.29
07/09/2026,09:57,229.22,229.28,229.2,229.2,229.28,229.34,229.24,229.24
07/09/2026,09:59,229.23,229.23,229.23,229.23,229.26,229.26,229.26,229.26
07/09/2026,10:00,229.22,229.22,229.22,229.22,229.28,229.28,229.28,229.28
07/09/2026,10:01,229.29,229.29,229.29,229.29,229.31,229.32,229.31,229.32
07/09/2026,10:03,229.34,229.37,229.34,229.37,229.4,229.42,229.38,229.42
07/09/2026,10:04,229.33,229.33,229.31,229.31,229.37,229.37,229.36,229.36
07/09/2026,10:05,229.34,229.34,229.34,229.34,229.37,229.37,229.37,229.37
07/09/2026,10:07,229.39,229.39,229.31,229.31,229.44,229.44,229.33,229.33
07/09/2026,10:10,229.39,229.4,229.39,229.4,229.45,229.46,229.45,229.46
07/09/2026,10:11,229.42,229.44,229.42,229.42,229.45,229.5,229.45,229.45
07/09/2026,10:12,229.42,229.42,229.42,229.42,229.44,229.44,229.44,229.44
07/09/2026,10:13,229.44,229.44,229.44,229.44,229.49,229.49,229.49,229.49
07/09/2026,10:14,229.51,229.52,229.48,229.48,229.57,229.57,229.49,229.49
07/09/2026,10:15,229.45,229.45,229.3,229.3,229.48,229.48,229.34,229.34
07/09/2026,10:16,229.23,229.28,229.23,229.28,229.25,229.31,229.25,229.31
07/09/2026,10:17,229.33,229.33,229.32,229.32,229.36,229.36,229.34,229.34
07/09/2026,10:19,229.31,229.31,229.31,229.31,229.35,229.35,229.35,229.35
07/09/2026,10:20,229.33,229.38,229.33,229.37,229.38,229.43,229.38,229.42
07/09/2026,10:23,229.58,229.58,229.58,229.58,229.61,229.61,229.61,229.61
07/09/2026,10:24,229.55,229.57,229.55,229.57,229.61,229.63,229.61,229.63
07/09/2026,10:25,229.6,229.67,229.6,229.67,229.63,229.71,229.63,229.7
07/09/2026,10:26,229.66,229.66,229.62,229.62,229.7,229.7,229.66,229.68
07/09/2026,10:27,229.67,229.67,229.67,229.67,229.71,229.74,229.71,229.74
07/09/2026,10:28,229.8,229.8,229.8,229.8,229.83,229.84,229.83,229.84
07/09/2026,10:29,229.78,229.78,229.72,229.73,229.83,229.83,229.76,229.77
07/09/2026,10:30,229.68,229.7,229.68,229.7,229.72,229.73,229.72,229.73
07/09/2026,10:31,229.72,229.72,229.62,229.62,229.75,229.75,229.65,229.65
07/09/2026,10:32,229.68,229.68,229.65,229.65,229.7,229.7,229.68,229.69
07/09/2026,10:33,229.67,229.67,229.67,229.67,229.68,229.69,229.68,229.69
07/09/2026,10:34,229.56,229.56,229.56,229.56,229.61,229.61,229.61,229.61
07/09/2026,10:35,229.7,229.7,229.7,229.7,229.74,229.74,229.74,229.74
07/09/2026,10:37,229.68,229.69,229.68,229.69,229.72,229.73,229.72,229.73
07/09/2026,10:38,229.71,229.71,229.69,229.69,229.75,229.75,229.72,229.72
07/09/2026,10:39,229.68,229.68,229.68,229.68,229.72,229.72,229.72,229.72
07/09/2026,10:40,229.78,229.8,229.77,229.79,229.82,229.82,229.8,229.8
07/09/2026,10:41,229.76,229.77,229.75,229.77,229.78,229.81,229.77,229.8
07/09/2026,10:42,229.78,229.78,229.78,229.78,229.82,229.82,229.82,229.82
07/09/2026,10:43,229.8,229.8,229.79,229.79,229.84,229.84,229.8,229.8
07/09/2026,10:44,229.75,229.75,229.7,229.7,229.77,229.77,229.74,229.74
07/09/2026,10:45,229.69,229.69,229.69,229.69,229.72,229.72,229.72,229.72
07/09/2026,10:46,229.72,229.72,229.71,229.72,229.75,229.75,229.74,229.75
07/09/2026,10:48,229.62,229.63,229.62,229.63,229.65,229.66,229.64,229.64
07/09/2026,10:49,229.64,229.64,229.64,229.64,229.65,229.65,229.65,229.65
07/09/2026,10:51,229.53,229.53,229.53,229.53,229.56,229.56,229.56,229.56
07/09/2026,10:52,229.61,229.61,229.53,229.53,229.63,229.64,229.57,229.57
07/09/2026,10:55,229.66,229.7,229.66,229.7,229.69,229.74,229.69,229.74
07/09/2026,10:56,229.72,229.72,229.72,229.72,229.76,229.76,229.76,229.76
07/09/2026,10:57,229.7,229.7,229.7,229.7,229.73,229.73,229.73,229.73
07/09/2026,10:58,229.76,229.76,229.76,229.76,229.79,229.79,229.79,229.79
07/09/2026,10:59,229.85,229.85,229.85,229.85,229.89,229.89,229.89,229.89
07/09/2026,11:00,229.89,229.89,229.89,229.89,229.93,229.93,229.91,229.91
07/09/2026,11:01,229.86,229.86,229.81,229.81,229.87,229.87,229.85,229.85
07/09/2026,11:02,229.85,229.85,229.84,229.84,229.89,229.89,229.88,229.88
07/09/2026,11:03,229.86,229.86,229.86,229.86,229.9,229.9,229.9,229.9
07/09/2026,11:04,229.87,229.87,229.87,229.87,229.91,229.91,229.91,229.91
07/09/2026,11:05,229.86,229.86,229.86,229.86,229.87,229.87,229.87,229.87
07/09/2026,11:06,229.85,229.85,229.85,229.85,229.87,229.87,229.87,229.87
07/09/2026,11:09,229.89,229.89,229.89,229.89,229.93,229.93,229.92,229.92
07/09/2026,11:10,229.87,229.9,229.87,229.89,229.89,229.92,229.89,229.92
07/09/2026,11:11,229.86,229.86,229.8,229.8,229.88,229.88,229.82,229.82
07/09/2026,11:12,229.8,229.8,229.8,229.8,229.83,229.83,229.83,229.83
07/09/2026,11:14,229.82,229.84,229.82,229.84,229.85,229.87,229.85,229.87
07/09/2026,11:15,229.88,229.94,229.87,229.92,229.91,229.97,229.91,229.95
07/09/2026,11:16,229.87,229.87,229.87,229.87,229.9,229.9,229.9,229.9
07/09/2026,11:17,229.84,229.84,229.84,229.84,229.86,229.86,229.86,229.86
07/09/2026,11:18,229.84,229.84,229.84,229.84,229.86,229.86,229.86,229.86
07/09/2026,11:19,229.82,229.87,229.82,229.87,229.86,229.89,229.86,229.89
07/09/2026,11:20,229.88,229.88,229.88,229.88,229.9,229.92,229.9,229.92
07/09/2026,11:21,229.91,229.91,229.91,229.91,229.94,229.94,229.94,229.94
07/09/2026,11:22,229.89,229.95,229.89,229.95,229.91,229.98,229.91,229.98
07/09/2026,11:23,229.95,229.95,229.95,229.95,229.97,229.97,229.97,229.97
07/09/2026,11:24,229.94,229.97,229.93,229.97,229.95,230,229.94,230
07/09/2026,11:25,229.95,229.95,229.92,229.92,229.97,229.97,229.93,229.93
07/09/2026,11:26,229.89,229.9,229.89,229.89,229.92,229.93,229.91,229.91
07/09/2026,11:27,229.88,229.88,229.88,229.88,229.91,229.91,229.91,229.91
07/09/2026,11:28,229.91,229.91,229.91,229.91,229.94,229.94,229.94,229.94
07/09/2026,11:30,229.88,229.89,229.87,229.87,229.91,229.91,229.88,229.88
07/09/2026,11:31,229.87,229.88,229.87,229.87,229.89,229.9,229.88,229.89
07/09/2026,11:32,229.85,229.86,229.84,229.86,229.87,229.88,229.87,229.88
07/09/2026,11:34,229.87,229.88,229.87,229.88,229.9,229.91,229.9,229.91
07/09/2026,11:35,229.88,229.88,229.86,229.86,229.9,229.9,229.89,229.89
07/09/2026,11:36,229.86,229.86,229.83,229.83,229.87,229.87,229.86,229.86
07/09/2026,11:38,229.89,229.91,229.89,229.91,229.92,229.92,229.91,229.92
07/09/2026,11:39,229.89,229.91,229.86,229.86,229.91,229.93,229.89,229.89
07/09/2026,11:40,229.87,229.87,229.87,229.87,229.89,229.89,229.88,229.88
07/09/2026,11:41,229.87,229.89,229.86,229.89,229.88,229.9,229.87,229.9
07/09/2026,11:42,229.95,229.95,229.94,229.94,229.97,229.97,229.96,229.96
07/09/2026,11:43,229.97,229.97,229.95,229.95,229.99,229.99,229.97,229.97
07/09/2026,11:44,229.97,230,229.96,229.98,229.98,230.02,229.98,230
07/09/2026,11:45,230.04,230.05,230.04,230.05,230.06,230.08,230.06,230.07
07/09/2026,11:46,230.02,230.02,230.01,230.01,230.05,230.05,230.04,230.04
07/09/2026,11:47,230.01,230.01,229.95,229.95,230.02,230.02,229.98,229.98
07/09/2026,11:49,230.03,230.03,230.01,230.01,230.05,230.05,230.04,230.04
07/09/2026,11:51,229.96,229.97,229.96,229.97,230,230,230,230
07/09/2026,11:54,229.96,229.96,229.96,229.96,229.99,229.99,229.99,229.99
07/09/2026,11:55,230,230,230,230,230.03,230.03,230.03,230.03
07/09/2026,11:56,229.98,229.98,229.98,229.98,230.01,230.01,230.01,230.01
07/09/2026,11:57,229.98,229.98,229.93,229.93,230,230,229.96,229.96
07/09/2026,11:58,229.95,229.95,229.95,229.95,229.98,229.98,229.98,229.98
07/09/2026,12:00,229.99,230,229.99,229.99,230.02,230.03,230.02,230.02
07/09/2026,12:01,230.01,230.03,230.01,230.03,230.04,230.06,230.04,230.06
07/09/2026,12:05,230.09,230.09,230.04,230.04,230.11,230.11,230.07,230.07
07/09/2026,12:06,230.01,230.01,229.99,229.99,230.03,230.03,230,230
07/09/2026,12:07,230.03,230.03,230.03,230.03,230.06,230.06,230.06,230.06
07/09/2026,12:08,230.07,230.07,230.07,230.07,230.08,230.08,230.08,230.08
07/09/2026,12:09,230.07,230.07,230.04,230.04,230.1,230.1,230.08,230.08
07/09/2026,12:11,230.01,230.01,230.01,230.01,230.02,230.02,230.02,230.02
07/09/2026,12:12,230.02,230.02,230.02,230.02,230.05,230.05,230.05,230.05
07/09/2026,12:13,230.06,230.06,230.06,230.06,230.09,230.09,230.09,230.09
07/09/2026,12:16,230.09,230.09,230.09,230.09,230.11,230.11,230.11,230.11
07/09/2026,12:17,230.07,230.07,230.06,230.07,230.09,230.09,230.09,230.09
07/09/2026,12:18,230.05,230.05,230.05,230.05,230.09,230.09,230.09,230.09
07/09/2026,12:21,230.01,230.03,230.01,230.03,230.03,230.07,230.03,230.07
07/09/2026,12:23,230.09,230.09,230.09,230.09,230.11,230.11,230.11,230.11
07/09/2026,12:24,230.08,230.08,230.08,230.08,230.11,230.11,230.11,230.11
07/09/2026,12:25,230.08,230.09,230.08,230.08,230.11,230.11,230.11,230.11
07/09/2026,12:27,230.09,230.09,230.09,230.09,230.11,230.11,230.11,230.11
07/09/2026,12:28,230.08,230.09,230.08,230.09,230.11,230.12,230.11,230.11
07/09/2026,12:31,230.11,230.11,230.08,230.08,230.12,230.12,230.1,230.1
07/09/2026,12:32,230.11,230.11,230.11,230.11,230.13,230.13,230.12,230.12
07/09/2026,12:33,230.11,230.11,230.11,230.11,230.12,230.12,230.12,230.12
07/09/2026,12:34,230.09,230.09,230.09,230.09,230.12,230.12,230.12,230.12
07/09/2026,12:36,230.08,230.1,230.08,230.1,230.11,230.11,230.11,230.11
07/09/2026,12:37,230.12,230.12,230.09,230.09,230.14,230.14,230.1,230.1
07/09/2026,12:38,230.06,230.06,230.05,230.05,230.08,230.08,230.08,230.08
07/09/2026,12:39,230.07,230.07,230.07,230.07,230.09,230.09,230.09,230.09
07/09/2026,12:40,230.06,230.06,230.06,230.06,230.08,230.08,230.07,230.07
07/09/2026,12:41,230.07,230.07,230.06,230.06,230.09,230.09,230.07,230.07
07/09/2026,12:42,230.05,230.05,230.03,230.03,230.06,230.06,230.05,230.05
07/09/2026,12:43,230,230.01,230,230.01,230.03,230.04,230.03,230.04
07/09/2026,12:44,230.02,230.02,230.01,230.01,230.04,230.04,230.03,230.03
07/09/2026,12:46,230.04,230.04,230.04,230.04,230.07,230.07,230.07,230.07
07/09/2026,12:47,230.04,230.04,230,230,230.05,230.05,230.02,230.02
07/09/2026,12:48,230.01,230.01,230.01,230.01,230.02,230.02,230.02,230.02
07/09/2026,12:52,229.94,229.94,229.94,229.94,229.96,229.96,229.96,229.96
07/09/2026,12:54,229.91,229.91,229.88,229.88,229.94,229.94,229.91,229.91
07/09/2026,12:57,229.92,229.92,229.92,229.92,229.95,229.95,229.95,229.95
07/09/2026,12:58,229.92,229.92,229.91,229.91,229.94,229.94,229.94,229.94
07/09/2026,12:59,229.94,229.98,229.94,229.97,229.97,229.99,229.97,229.99
07/09/2026,13:00,229.96,229.96,229.96,229.96,229.98,229.98,229.98,229.98
07/09/2026,13:01,230.01,230.01,229.98,229.99,230.04,230.04,230.02,230.03
07/09/2026,13:02,229.97,229.97,229.96,229.96,230,230,229.99,229.99
07/09/2026,13:03,229.96,229.96,229.96,229.96,229.98,229.98,229.98,229.98
07/09/2026,13:06,229.98,230,229.98,230,230.01,230.03,230.01,230.03
07/09/2026,13:07,230.05,230.05,230.05,230.05,230.07,230.07,230.07,230.07
07/09/2026,13:09,230.06,230.06,230.04,230.04,230.08,230.08,230.05,230.05
07/09/2026,13:10,230.05,230.07,230.05,230.07,230.07,230.1,230.07,230.08
07/09/2026,13:11,230.06,230.06,230.06,230.06,230.09,230.09,230.09,230.09
07/09/2026,13:12,230.06,230.06,230.04,230.04,230.08,230.08,230.07,230.07
07/09/2026,13:14,230.03,230.03,230.03,230.03,230.06,230.06,230.06,230.06
07/09/2026,13:16,230.04,230.04,230.04,230.04,230.06,230.06,230.06,230.06
07/09/2026,13:17,230.04,230.04,230.04,230.04,230.07,230.07,230.07,230.07
07/09/2026,13:18,230.06,230.06,230.06,230.06,230.09,230.09,230.09,230.09
07/09/2026,13:19,230.08,230.08,230.08,230.08,230.11,230.11,230.11,230.11
07/09/2026,13:21,230.05,230.05,230.05,230.05,230.08,230.08,230.08,230.08
07/09/2026,13:22,230.06,230.06,230.06,230.06,230.08,230.08,230.08,230.08
07/09/2026,13:23,230.05,230.05,230.02,230.03,230.07,230.07,230.04,230.05
07/09/2026,13:24,230.01,230.01,230.01,230.01,230.04,230.04,230.04,230.04
07/09/2026,13:25,230.08,230.08,230.08,230.08,230.1,230.1,230.1,230.1
07/09/2026,13:26,230.07,230.07,230.07,230.07,230.1,230.1,230.1,230.1
07/09/2026,13:27,230.08,230.1,230.08,230.1,230.1,230.13,230.1,230.13
07/09/2026,13:28,230.07,230.07,230.07,230.07,230.1,230.1,230.1,230.1
07/09/2026,13:30,230.1,230.1,230.1,230.1,230.14,230.14,230.14,230.14
07/09/2026,13:34,230.14,230.14,230.14,230.14,230.17,230.17,230.17,230.17
07/09/2026,13:35,230.13,230.15,230.13,230.15,230.17,230.18,230.17,230.18
07/09/2026,13:36,230.12,230.13,230.12,230.13,230.15,230.15,230.14,230.15
07/09/2026,13:37,230.14,230.14,230.14,230.14,230.16,230.17,230.16,230.17
07/09/2026,13:39,230.14,230.14,230.14,230.14,230.17,230.17,230.17,230.17
07/09/2026,13:40,230.11,230.11,230.05,230.05,230.12,230.12,230.07,230.07
07/09/2026,13:42,230.15,230.15,230.15,230.15,230.17,230.17,230.17,230.17
07/09/2026,13:43,230.18,230.18,230.15,230.15,230.19,230.19,230.16,230.16
07/09/2026,13:44,230.13,230.13,230.13,230.13,230.16,230.16,230.16,230.16
07/09/2026,13:45,230.13,230.13,230.13,230.13,230.15,230.15,230.15,230.15
07/09/2026,13:46,230.14,230.14,230.14,230.14,230.17,230.17,230.17,230.17
07/09/2026,13:47,230.14,230.14,230.14,230.14,230.16,230.16,230.16,230.16
07/09/2026,13:48,230.14,230.14,230.14,230.14,230.17,230.17,230.16,230.16
07/09/2026,13:49,230.13,230.13,230.13,230.13,230.16,230.16,230.15,230.15
07/09/2026,13:51,230.13,230.15,230.13,230.13,230.16,230.17,230.16,230.16
07/09/2026,13:52,230.14,230.14,230.14,230.14,230.16,230.16,230.16,230.16
07/09/2026,13:53,230.13,230.13,230.13,230.13,230.16,230.16,230.16,230.16
07/09/2026,13:54,230.1,230.1,230.09,230.1,230.12,230.12,230.12,230.12
07/09/2026,13:55,230.08,230.08,230.08,230.08,230.1,230.1,230.1,230.1
07/09/2026,13:56,230.08,230.08,230.05,230.05,230.1,230.1,230.07,230.07
07/09/2026,13:58,230.05,230.07,230,230.02,230.07,230.1,230.02,230.05
07/09/2026,13:59,230,230,230,230,230.03,230.03,230.03,230.03
07/09/2026,14:00,230.04,230.04,230.03,230.03,230.05,230.05,230.05,230.05
07/09/2026,14:01,230.04,230.04,230.04,230.04,230.07,230.07,230.07,230.07
07/09/2026,14:02,230.02,230.02,230.02,230.02,230.04,230.05,230.04,230.05
07/09/2026,14:08,230.02,230.02,229.99,229.99,230.04,230.04,230.02,230.02
07/09/2026,14:09,229.99,229.99,229.99,229.99,230.02,230.02,230.02,230.02
07/09/2026,14:10,229.96,229.96,229.96,229.96,229.97,229.98,229.97,229.98
07/09/2026,14:11,230,230.01,230,230.01,230.02,230.03,230.02,230.03
07/09/2026,14:12,230.04,230.04,230.04,230.04,230.07,230.07,230.07,230.07
07/09/2026,14:13,230.06,230.06,230.06,230.06,230.08,230.08,230.08,230.08
07/09/2026,14:15,230.06,230.08,230.06,230.07,230.09,230.1,230.09,230.1
07/09/2026,14:16,230.05,230.05,230.05,230.05,230.08,230.08,230.08,230.08
07/09/2026,14:18,230.04,230.04,230.03,230.03,230.05,230.05,230.05,230.05
07/09/2026,14:19,230.03,230.03,230.03,230.03,230.06,230.06,230.06,230.06
07/09/2026,14:20,230.03,230.04,230,230.02,230.06,230.06,230.03,230.05
07/09/2026,14:21,230.02,230.03,230.02,230.03,230.05,230.06,230.05,230.06
07/09/2026,14:22,230.04,230.05,230.04,230.05,230.05,230.07,230.05,230.07
07/09/2026,14:24,230.02,230.02,230.01,230.01,230.04,230.04,230.03,230.03
07/09/2026,14:25,229.98,229.98,229.98,229.98,230.01,230.01,230.01,230.01
07/09/2026,14:26,229.95,229.95,229.95,229.95,229.98,229.98,229.98,229.98
07/09/2026,14:27,229.96,229.96,229.96,229.96,229.98,229.98,229.98,229.98
07/09/2026,14:28,229.95,229.95,229.95,229.95,229.98,229.98,229.98,229.98
07/09/2026,14:29,229.92,229.92,229.92,229.92,229.94,229.94,229.94,229.94
07/09/2026,14:30,229.92,229.92,229.9,229.9,229.95,229.95,229.91,229.91
07/09/2026,14:31,229.89,229.89,229.89,229.89,229.9,229.91,229.9,229.91
07/09/2026,14:33,229.82,229.82,229.8,229.8,229.84,229.84,229.83,229.84
07/09/2026,14:34,229.85,229.86,229.85,229.85,229.87,229.87,229.87,229.87
07/09/2026,14:36,229.81,229.82,229.81,229.82,229.83,229.85,229.83,229.85
07/09/2026,14:38,229.82,229.82,229.82,229.82,229.84,229.84,229.84,229.84
07/09/2026,14:39,229.82,229.82,229.82,229.82,229.84,229.84,229.84,229.84
07/09/2026,14:40,229.82,229.82,229.82,229.82,229.84,229.84,229.84,229.84
07/09/2026,14:41,229.85,229.85,229.81,229.81,229.87,229.87,229.83,229.83
07/09/2026,14:44,229.81,229.82,229.81,229.82,229.84,229.85,229.84,229.85
07/09/2026,14:45,229.8,229.8,229.8,229.8,229.82,229.83,229.82,229.82
07/09/2026,14:46,229.79,229.79,229.79,229.79,229.81,229.81,229.81,229.81
07/09/2026,14:47,229.82,229.82,229.82,229.82,229.84,229.84,229.84,229.84
07/09/2026,14:49,229.84,229.84,229.84,229.84,229.87,229.87,229.87,229.87
07/09/2026,14:50,229.85,229.85,229.85,229.85,229.87,229.87,229.87,229.87
07/09/2026,14:51,229.84,229.84,229.84,229.84,229.86,229.86,229.86,229.86
07/09/2026,14:52,229.83,229.83,229.83,229.83,229.85,229.85,229.85,229.85
07/09/2026,14:53,229.84,229.84,229.84,229.84,229.86,229.86,229.86,229.86
07/09/2026,14:54,229.8,229.8,229.8,229.8,229.83,229.83,229.83,229.83
07/09/2026,14:55,229.77,229.77,229.75,229.75,229.79,229.79,229.77,229.77
07/09/2026,14:56,229.77,229.79,229.77,229.79,229.79,229.81,229.79,229.81
07/09/2026,14:57,229.78,229.79,229.78,229.79,229.81,229.81,229.81,229.81
07/09/2026,14:58,229.81,229.81,229.81,229.81,229.84,229.84,229.84,229.84
07/09/2026,14:59,229.82,229.85,229.82,229.85,229.85,229.87,229.85,229.87
07/09/2026,15:00,229.84,229.88,229.84,229.88,229.85,229.91,229.85,229.91
07/09/2026,15:01,229.85,229.85,229.85,229.85,229.88,229.88,229.87,229.88
07/09/2026,15:02,229.87,229.87,229.84,229.84,229.89,229.89,229.86,229.86
07/09/2026,15:03,229.83,229.83,229.83,229.83,229.86,229.86,229.86,229.86
07/09/2026,15:04,229.82,229.83,229.82,229.83,229.85,229.86,229.85,229.86
07/09/2026,15:05,229.85,229.85,229.83,229.83,229.88,229.88,229.85,229.86
07/09/2026,15:06,229.85,229.85,229.81,229.82,229.86,229.86,229.84,229.85
07/09/2026,15:07,229.8,229.83,229.8,229.83,229.82,229.84,229.82,229.84
07/09/2026,15:08,229.83,229.83,229.81,229.81,229.84,229.84,229.82,229.82
07/09/2026,15:09,229.78,229.78,229.76,229.76,229.8,229.8,229.79,229.79
07/09/2026,15:10,229.76,229.76,229.76,229.76,229.78,229.78,229.78,229.78
07/09/2026,15:11,229.76,229.78,229.76,229.78,229.78,229.8,229.78,229.8
07/09/2026,15:12,229.8,229.8,229.8,229.8,229.82,229.83,229.82,229.83
07/09/2026,15:13,229.85,229.85,229.84,229.84,229.86,229.86,229.86,229.86
07/09/2026,15:15,229.85,229.91,229.85,229.91,229.86,229.92,229.86,229.92
07/09/2026,15:17,229.89,229.89,229.87,229.87,229.91,229.91,229.9,229.9
07/09/2026,15:18,229.88,229.9,229.86,229.86,229.9,229.91,229.87,229.87
07/09/2026,15:19,229.87,229.87,229.85,229.85,229.89,229.89,229.86,229.86
07/09/2026,15:20,229.87,229.88,229.86,229.87,229.88,229.89,229.88,229.88
07/09/2026,15:21,229.86,229.88,229.84,229.84,229.88,229.9,229.85,229.86
07/09/2026,15:22,229.83,229.83,229.81,229.81,229.84,229.85,229.83,229.83
07/09/2026,15:23,229.8,229.8,229.78,229.78,229.81,229.81,229.81,229.81
07/09/2026,15:24,229.79,229.81,229.79,229.8,229.81,229.82,229.8,229.82
07/09/2026,15:25,229.84,229.84,229.84,229.84,229.85,229.86,229.85,229.86
07/09/2026,15:26,229.83,229.83,229.81,229.81,229.84,229.84,229.84,229.84
07/09/2026,15:27,229.84,229.84,229.82,229.82,229.86,229.86,229.84,229.84
07/09/2026,15:28,229.81,229.81,229.81,229.81,229.83,229.83,229.83,229.83
07/09/2026,15:29,229.77,229.77,229.77,229.77,229.79,229.79,229.79,229.79
07/09/2026,15:30,229.75,229.81,229.75,229.79,229.77,229.82,229.77,229.81
07/09/2026,15:31,229.8,229.8,229.76,229.76,229.82,229.82,229.77,229.77
07/09/2026,15:32,229.76,229.76,229.75,229.75,229.78,229.78,229.76,229.76
07/09/2026,15:33,229.76,229.79,229.76,229.78,229.78,229.8,229.78,229.8
07/09/2026,15:34,229.77,229.79,229.77,229.79,229.79,229.8,229.79,229.8
07/09/2026,15:35,229.79,229.79,229.78,229.78,229.81,229.81,229.79,229.79
07/09/2026,15:36,229.78,229.79,229.78,229.79,229.79,229.81,229.79,229.81
07/09/2026,15:37,229.78,229.78,229.76,229.76,229.79,229.79,229.77,229.77
07/09/2026,15:38,229.77,229.77,229.77,229.77,229.78,229.79,229.78,229.79
07/09/2026,15:39,229.77,229.78,229.77,229.77,229.79,229.79,229.78,229.79
07/09/2026,15:40,229.79,229.8,229.79,229.8,229.81,229.82,229.81,229.82
07/09/2026,15:41,229.82,229.82,229.8,229.8,229.84,229.84,229.82,229.82
07/09/2026,15:42,229.78,229.78,229.78,229.78,229.8,229.8,229.8,229.8
07/09/2026,15:43,229.82,229.85,229.82,229.85,229.84,229.87,229.84,229.87
07/09/2026,15:44,229.85,229.87,229.85,229.85,229.87,229.9,229.87,229.87
07/09/2026,15:45,229.83,229.83,229.83,229.83,229.85,229.85,229.85,229.85
07/09/2026,15:46,229.82,229.82,229.82,229.82,229.84,229.84,229.84,229.84
07/09/2026,15:47,229.78,229.79,229.77,229.78,229.8,229.8,229.79,229.8
07/09/2026,15:50,229.73,229.77,229.71,229.72,229.76,229.78,229.74,229.75
07/09/2026,15:51,229.68,229.7,229.65,229.69,229.7,229.71,229.69,229.71
07/09/2026,15:52,229.7,229.72,229.68,229.72,229.72,229.74,229.7,229.74
07/09/2026,15:53,229.71,229.71,229.7,229.7,229.72,229.72,229.72,229.72
07/09/2026,15:54,229.66,229.71,229.66,229.71,229.69,229.72,229.69,229.72
07/09/2026,15:55,229.71,229.77,229.7,229.77,229.73,229.78,229.72,229.78
07/09/2026,15:56,229.77,229.78,229.77,229.77,229.78,229.79,229.78,229.79
07/09/2026,15:57,229.79,229.8,229.78,229.78,229.8,229.82,229.79,229.8
07/09/2026,15:58,229.8,229.84,229.8,229.84,229.82,229.86,229.81,229.86
07/09/2026,15:59,229.84,229.93,229.83,229.93,229.86,229.98,229.86,229.98
07/10/2026,09:30,230.24,230.26,230.24,230.26,230.54,230.79,230.5,230.5
07/10/2026,09:31,230.29,230.29,230.29,230.29,230.44,230.44,230.44,230.44
07/10/2026,09:32,230.27,230.27,230.27,230.27,230.4,230.4,230.4,230.4
07/10/2026,09:33,230.13,230.16,230.13,230.15,230.26,230.28,230.26,230.27
07/10/2026,09:34,230.07,230.07,230.07,230.07,230.16,230.16,230.16,230.16
07/10/2026,09:35,230.19,230.21,230.18,230.21,230.23,230.29,230.23,230.28
07/10/2026,09:36,230.3,230.37,230.3,230.34,230.35,230.41,230.35,230.4
07/10/2026,09:37,230.3,230.3,230.26,230.26,230.36,230.36,230.31,230.31
07/10/2026,09:38,230.37,230.38,230.37,230.38,230.42,230.42,230.42,230.42
07/10/2026,09:39,230.41,230.41,230.41,230.41,230.44,230.44,230.44,230.44
07/10/2026,09:40,230.43,230.43,230.4,230.4,230.47,230.47,230.45,230.45
07/10/2026,09:41,230.47,230.47,230.39,230.39,230.51,230.51,230.44,230.44
07/10/2026,09:42,230.35,230.35,230.35,230.35,230.38,230.38,230.38,230.38
07/10/2026,09:43,230.32,230.42,230.32,230.42,230.37,230.46,230.37,230.46
07/10/2026,09:44,230.43,230.45,230.43,230.45,230.47,230.5,230.47,230.48
07/10/2026,09:45,230.4,230.4,230.38,230.38,230.46,230.46,230.42,230.42
07/10/2026,09:46,230.39,230.41,230.38,230.39,230.42,230.45,230.41,230.41
07/10/2026,09:47,230.36,230.36,230.35,230.36,230.41,230.41,230.4,230.4
07/10/2026,09:48,230.29,230.29,230.29,230.29,230.34,230.34,230.34,230.34
07/10/2026,09:49,230.33,230.33,230.33,230.33,230.36,230.36,230.36,230.36
07/10/2026,09:50,230.29,230.29,230.29,230.29,230.31,230.31,230.31,230.31
07/10/2026,09:51,230.33,230.34,230.25,230.25,230.37,230.37,230.3,230.3
07/10/2026,09:52,230.28,230.29,230.28,230.29,230.32,230.34,230.32,230.34
07/10/2026,09:54,230.4,230.4,230.36,230.36,230.45,230.45,230.39,230.39
07/10/2026,09:56,230.32,230.36,230.32,230.35,230.35,230.39,230.35,230.39
07/10/2026,09:58,230.37,230.37,230.29,230.3,230.38,230.38,230.33,230.33
07/10/2026,09:59,230.29,230.32,230.29,230.29,230.33,230.34,230.3,230.3
07/10/2026,10:00,230.31,230.33,230.31,230.33,230.36,230.38,230.35,230.38
07/10/2026,10:01,230.34,230.35,230.34,230.35,230.38,230.4,230.38,230.4
07/10/2026,10:02,230.34,230.34,230.34,230.34,230.38,230.38,230.37,230.37
07/10/2026,10:03,230.36,230.42,230.36,230.37,230.41,230.44,230.4,230.4
07/10/2026,10:04,230.39,230.39,230.37,230.39,230.41,230.41,230.4,230.41
07/10/2026,10:05,230.4,230.45,230.4,230.43,230.41,230.46,230.41,230.46
07/10/2026,10:06,230.49,230.54,230.49,230.52,230.53,230.57,230.53,230.55
07/10/2026,10:07,230.52,230.52,230.48,230.48,230.54,230.54,230.51,230.51
07/10/2026,10:08,230.51,230.51,230.45,230.46,230.53,230.53,230.46,230.47
07/10/2026,10:09,230.45,230.45,230.43,230.43,230.46,230.46,230.45,230.45
07/10/2026,10:10,230.42,230.43,230.4,230.4,230.45,230.45,230.43,230.43
07/10/2026,10:11,230.35,230.35,230.24,230.24,230.39,230.39,230.26,230.26
07/10/2026,10:12,230.26,230.3,230.26,230.3,230.27,230.34,230.27,230.34
07/10/2026,10:13,230.32,230.32,230.3,230.3,230.36,230.36,230.32,230.32
07/10/2026,10:14,230.25,230.26,230.22,230.26,230.27,230.28,230.25,230.28
07/10/2026,10:15,230.33,230.33,230.33,230.33,230.36,230.36,230.35,230.35
07/10/2026,10:16,230.34,230.38,230.34,230.37,230.35,230.41,230.35,230.41
07/10/2026,10:17,230.38,230.38,230.38,230.38,230.4,230.4,230.4,230.4
07/10/2026,10:19,230.4,230.4,230.4,230.4,230.42,230.42,230.42,230.42
07/10/2026,10:22,230.54,230.55,230.54,230.55,230.56,230.56,230.56,230.56
07/10/2026,10:23,230.57,230.57,230.54,230.54,230.6,230.6,230.58,230.58
07/10/2026,10:25,230.47,230.47,230.47,230.47,230.51,230.51,230.51,230.51
07/10/2026,10:26,230.48,230.48,230.48,230.48,230.52,230.52,230.52,230.52
07/10/2026,10:27,230.48,230.48,230.48,230.48,230.51,230.51,230.51,230.51
07/10/2026,10:28,230.5,230.5,230.47,230.47,230.54,230.54,230.49,230.49
07/10/2026,10:29,230.47,230.47,230.46,230.46,230.5,230.5,230.5,230.5
07/10/2026,10:31,230.4,230.4,230.4,230.4,230.42,230.42,230.41,230.41
07/10/2026,10:32,230.35,230.39,229.47,229.5,230.39,230.42,229.6,229.6
07/10/2026,10:33,229.51,229.8,229.4,229.68,229.62,229.85,229.42,229.74
07/10/2026,10:34,229.75,229.91,229.75,229.88,229.79,229.95,229.79,229.93
07/10/2026,10:35,229.9,229.9,229.9,229.9,229.94,229.94,229.94,229.94
07/10/2026,10:36,229.81,229.89,229.8,229.89,229.84,229.94,229.84,229.94
07/10/2026,10:37,230.12,230.12,230.12,230.12,230.16,230.16,230.16,230.16
07/10/2026,10:38,230.16,230.24,230.16,230.24,230.21,230.27,230.21,230.27
07/10/2026,10:39,230.15,230.15,230.15,230.15,230.2,230.2,230.2,230.2
07/10/2026,10:40,230.14,230.14,230.14,230.14,230.17,230.17,230.17,230.17
07/10/2026,10:43,230.2,230.24,230.2,230.23,230.24,230.29,230.24,230.27
07/10/2026,10:44,230.32,230.32,230.32,230.32,230.35,230.35,230.35,230.35
07/10/2026,10:45,230.35,230.38,230.35,230.38,230.4,230.43,230.4,230.43
07/10/2026,10:46,230.37,230.37,230.35,230.35,230.42,230.42,230.41,230.41
07/10/2026,10:47,230.37,230.37,230.37,230.37,230.41,230.41,230.41,230.41
07/10/2026,10:48,230.36,230.36,230.35,230.35,230.39,230.39,230.36,230.36
07/10/2026,10:49,230.4,230.4,230.4,230.4,230.42,230.42,230.42,230.42
07/10/2026,10:50,230.43,230.43,230.4,230.4,230.47,230.47,230.44,230.44
07/10/2026,10:51,230.44,230.46,230.44,230.46,230.46,230.49,230.46,230.49
07/10/2026,10:53,230.47,230.51,230.47,230.51,230.5,230.54,230.5,230.54
07/10/2026,10:55,230.4,230.4,230.4,230.4,230.44,230.44,230.44,230.44
07/10/2026,10:56,230.38,230.38,230.38,230.38,230.39,230.39,230.39,230.39
07/10/2026,10:58,230.29,230.29,230.28,230.28,230.31,230.32,230.31,230.32
07/10/2026,10:59,230.32,230.34,230.32,230.34,230.36,230.36,230.36,230.36
07/10/2026,11:00,230.34,230.36,230.28,230.28,230.37,230.37,230.31,230.31
07/10/2026,11:01,230.3,230.3,230.27,230.3,230.33,230.34,230.31,230.34
07/10/2026,11:03,230.27,230.29,230.27,230.29,230.29,230.31,230.29,230.31
07/10/2026,11:04,230.3,230.31,230.27,230.27,230.32,230.33,230.3,230.3
07/10/2026,11:05,230.15,230.15,230.15,230.15,230.18,230.18,230.18,230.18
07/10/2026,11:06,230.16,230.18,230.16,230.18,230.18,230.19,230.18,230.19
07/10/2026,11:07,230.21,230.23,230.2,230.21,230.23,230.24,230.23,230.24
07/10/2026,11:08,230.26,230.26,230.23,230.23,230.27,230.27,230.26,230.26
07/10/2026,11:09,230.25,230.25,230.21,230.21,230.28,230.28,230.24,230.24
07/10/2026,11:10,230.26,230.27,230.23,230.27,230.27,230.28,230.24,230.28
07/10/2026,11:11,230.25,230.25,230.21,230.21,230.26,230.26,230.23,230.23
07/10/2026,11:12,230.2,230.2,230.18,230.19,230.24,230.24,230.21,230.22
07/10/2026,11:13,230.18,230.19,230.18,230.19,230.18,230.22,230.18,230.22
07/10/2026,11:14,230.23,230.28,230.23,230.28,230.24,230.29,230.24,230.29
07/10/2026,11:15,230.3,230.38,230.3,230.38,230.32,230.39,230.32,230.39
07/10/2026,11:16,230.42,230.42,230.4,230.4,230.43,230.43,230.43,230.43
07/10/2026,11:17,230.4,230.44,230.4,230.44,230.43,230.46,230.43,230.46
07/10/2026,11:18,230.44,230.45,230.42,230.42,230.47,230.47,230.45,230.45
07/10/2026,11:19,230.44,230.44,230.4,230.4,230.46,230.46,230.43,230.44
07/10/2026,11:20,230.38,230.38,230.38,230.38,230.4,230.41,230.4,230.41
07/10/2026,11:21,230.4,230.4,230.34,230.34,230.41,230.41,230.35,230.35
07/10/2026,11:22,230.31,230.31,230.3,230.3,230.33,230.33,230.32,230.32
07/10/2026,11:23,230.35,230.46,230.35,230.46,230.37,230.47,230.37,230.47
07/10/2026,11:24,230.4,230.4,230.4,230.4,230.43,230.43,230.43,230.43
07/10/2026,11:25,230.44,230.48,230.44,230.44,230.45,230.49,230.45,230.46
07/10/2026,11:26,230.46,230.48,230.43,230.43,230.49,230.49,230.45,230.45
07/10/2026,11:27,230.43,230.43,230.43,230.43,230.44,230.44,230.44,230.44
07/10/2026,11:28,230.35,230.39,230.35,230.38,230.37,230.41,230.37,230.41
07/10/2026,11:29,230.4,230.4,230.36,230.36,230.41,230.41,230.38,230.38
07/10/2026,11:30,230.38,230.39,230.34,230.35,230.39,230.4,230.36,230.36
07/10/2026,11:31,230.29,230.31,230.29,230.29,230.31,230.32,230.3,230.31
07/10/2026,11:32,230.26,230.26,230.26,230.26,230.29,230.29,230.29,230.29
07/10/2026,11:33,230.27,230.29,230.25,230.29,230.28,230.3,230.27,230.3
07/10/2026,11:34,230.29,230.29,230.18,230.19,230.31,230.31,230.21,230.22
07/10/2026,11:35,230.21,230.21,230.18,230.19,230.23,230.23,230.21,230.22
07/10/2026,11:36,230.2,230.23,230.2,230.23,230.21,230.24,230.21,230.24
07/10/2026,11:38,230.19,230.19,230.19,230.19,230.22,230.22,230.21,230.21
07/10/2026,11:40,230.15,230.15,230.14,230.14,230.16,230.16,230.16,230.16
07/10/2026,11:41,230.14,230.14,230.11,230.12,230.15,230.15,230.13,230.15
07/10/2026,11:43,230.22,230.22,230.22,230.22,230.23,230.23,230.23,230.23
07/10/2026,11:44,230.27,230.27,230.27,230.27,230.3,230.3,230.3,230.3
07/10/2026,11:45,230.21,230.21,230.15,230.15,230.23,230.23,230.18,230.18
07/10/2026,11:46,230.16,230.16,230.11,230.11,230.17,230.17,230.13,230.13
07/10/2026,11:47,230.16,230.16,230.16,230.16,230.17,230.17,230.17,230.17
07/10/2026,11:48,230.18,230.18,230.18,230.18,230.21,230.21,230.21,230.21
07/10/2026,11:49,230.16,230.16,230.16,230.16,230.19,230.19,230.19,230.19
07/10/2026,11:50,230.15,230.15,230.15,230.15,230.18,230.18,230.18,230.18
07/10/2026,11:51,230.16,230.17,230.11,230.13,230.18,230.18,230.13,230.14
07/10/2026,11:53,230.18,230.21,230.18,230.21,230.2,230.23,230.2,230.23
07/10/2026,11:54,230.2,230.21,230.2,230.21,230.23,230.23,230.23,230.23
07/10/2026,11:55,230.22,230.22,230.21,230.21,230.23,230.23,230.23,230.23
07/10/2026,11:57,230.2,230.2,230.2,230.2,230.23,230.23,230.23,230.23
07/10/2026,11:58,230.19,230.19,230.19,230.19,230.21,230.22,230.21,230.22
07/10/2026,11:59,230.17,230.17,230.16,230.16,230.2,230.2,230.18,230.18
07/10/2026,12:01,230.25,230.25,230.23,230.23,230.28,230.28,230.26,230.26
07/10/2026,12:03,230.23,230.23,230.23,230.23,230.26,230.26,230.26,230.26
07/10/2026,12:04,230.17,230.21,230.17,230.21,230.19,230.23,230.19,230.23
07/10/2026,12:08,230.09,230.09,230.09,230.09,230.13,230.13,230.13,230.13
07/10/2026,12:09,230.13,230.13,230.11,230.11,230.14,230.14,230.14,230.14
07/10/2026,12:11,230.16,230.16,230.16,230.16,230.18,230.18,230.18,230.18
07/10/2026,12:12,230.13,230.13,230.13,230.13,230.16,230.16,230.16,230.16
07/10/2026,12:15,230.21,230.21,230.21,230.21,230.23,230.24,230.23,230.23
07/10/2026,12:17,230.18,230.18,230.18,230.18,230.21,230.21,230.21,230.21
07/10/2026,12:20,230.05,230.05,230.05,230.05,230.08,230.08,230.08,230.08
07/10/2026,12:21,230.04,230.04,230.04,230.04,230.06,230.06,230.06,230.06
07/10/2026,12:22,230.06,230.06,230.06,230.06,230.08,230.08,230.08,230.08
07/10/2026,12:23,230.03,230.03,230.02,230.02,230.05,230.05,230.04,230.04
07/10/2026,12:24,230.01,230.01,230,230,230.04,230.04,230.02,230.02
07/10/2026,12:25,230.02,230.03,230.02,230.03,230.03,230.06,230.03,230.05
07/10/2026,12:26,230.02,230.02,229.98,229.98,230.04,230.04,230.01,230.01
07/10/2026,12:27,229.97,229.97,229.97,229.97,230,230,230,230
07/10/2026,12:29,229.96,229.96,229.96,229.96,229.99,229.99,229.99,229.99
07/10/2026,12:30,229.98,229.98,229.98,229.98,230,230,230,230
07/10/2026,12:32,230,230,230,230,230.02,230.02,230.02,230.02
07/10/2026,12:33,230.01,230.01,230.01,230.01,230.04,230.04,230.04,230.04
07/10/2026,12:34,230.02,230.02,230.02,230.02,230.04,230.04,230.04,230.04
07/10/2026,12:35,229.94,229.97,229.94,229.97,229.97,230,229.97,230
07/10/2026,12:36,229.94,229.94,229.93,229.93,229.97,229.97,229.96,229.96
07/10/2026,12:37,229.88,229.89,229.88,229.89,229.91,229.92,229.91,229.92
07/10/2026,12:38,229.89,229.89,229.89,229.89,229.92,229.92,229.92,229.92
07/10/2026,12:40,230,230.03,230,230.03,230.03,230.03,230.03,230.03
07/10/2026,12:42,230.07,230.07,230.07,230.07,230.09,230.09,230.09,230.09
07/10/2026,12:44,230.09,230.09,230.09,230.09,230.13,230.13,230.13,230.13
07/10/2026,12:45,230.13,230.13,230.13,230.13,230.16,230.16,230.16,230.16
07/10/2026,12:48,230.17,230.17,230.17,230.17,230.19,230.2,230.19,230.19
07/10/2026,12:50,230.21,230.22,230.2,230.2,230.23,230.23,230.23,230.23
07/10/2026,12:51,230.19,230.19,230.19,230.19,230.21,230.21,230.21,230.21
07/10/2026,12:52,230.22,230.24,230.22,230.24,230.25,230.27,230.25,230.27
07/10/2026,12:54,230.25,230.25,230.25,230.25,230.28,230.28,230.28,230.28
07/10/2026,12:55,230.29,230.32,230.29,230.31,230.32,230.34,230.32,230.33
07/10/2026,12:57,230.32,230.32,230.32,230.32,230.34,230.34,230.34,230.34
07/10/2026,12:58,230.35,230.35,230.34,230.34,230.37,230.37,230.36,230.36
07/10/2026,12:59,230.32,230.33,230.32,230.33,230.35,230.36,230.35,230.36
07/10/2026,13:01,230.29,230.29,230.29,230.29,230.31,230.31,230.31,230.31
07/10/2026,13:03,230.28,230.28,230.28,230.28,230.31,230.31,230.31,230.31
07/10/2026,13:04,230.28,230.28,230.28,230.28,230.31,230.31,230.31,230.31
07/10/2026,13:07,230.27,230.27,230.27,230.27,230.29,230.29,230.29,230.29
07/10/2026,13:09,230.29,230.29,230.29,230.29,230.32,230.32,230.32,230.32
07/10/2026,13:11,230.28,230.29,230.28,230.29,230.3,230.3,230.3,230.3
07/10/2026,13:12,230.25,230.25,230.25,230.25,230.28,230.28,230.28,230.28
07/10/2026,13:13,230.26,230.26,230.26,230.26,230.28,230.28,230.28,230.28
07/10/2026,13:14,230.3,230.3,230.3,230.3,230.33,230.33,230.33,230.33
07/10/2026,13:15,230.35,230.35,230.35,230.35,230.38,230.38,230.38,230.38
07/10/2026,13:16,230.4,230.4,230.4,230.4,230.42,230.42,230.42,230.42
07/10/2026,13:17,230.4,230.4,230.4,230.4,230.43,230.43,230.43,230.43
07/10/2026,13:18,230.41,230.41,230.41,230.41,230.42,230.42,230.42,230.42
07/10/2026,13:19,230.41,230.41,230.41,230.41,230.42,230.42,230.42,230.42
07/10/2026,13:20,230.37,230.37,230.36,230.36,230.39,230.39,230.38,230.38
07/10/2026,13:24,230.32,230.32,230.31,230.31,230.35,230.35,230.33,230.33
07/10/2026,13:25,230.31,230.31,230.31,230.31,230.33,230.33,230.33,230.33
07/10/2026,13:28,230.29,230.3,230.29,230.3,230.32,230.32,230.32,230.32
07/10/2026,13:30,230.31,230.32,230.31,230.32,230.34,230.34,230.34,230.34
07/10/2026,13:31,230.33,230.33,230.33,230.33,230.34,230.34,230.34,230.34
07/10/2026,13:32,230.34,230.35,230.34,230.35,230.37,230.37,230.37,230.37
07/10/2026,13:33,230.33,230.33,230.33,230.33,230.36,230.36,230.36,230.36
07/10/2026,13:34,230.33,230.35,230.33,230.33,230.35,230.36,230.35,230.36
07/10/2026,13:35,230.35,230.35,230.35,230.35,230.38,230.38,230.38,230.38
07/10/2026,13:36,230.34,230.35,230.34,230.35,230.37,230.37,230.37,230.37
07/10/2026,13:38,230.39,230.39,230.37,230.38,230.41,230.41,230.39,230.4
07/10/2026,13:41,230.35,230.35,230.32,230.32,230.37,230.37,230.34,230.34
07/10/2026,13:43,230.36,230.36,230.36,230.36,230.38,230.38,230.38,230.38
07/10/2026,13:44,230.36,230.36,230.36,230.36,230.38,230.38,230.38,230.38
07/10/2026,13:46,230.37,230.37,230.37,230.37,230.4,230.4,230.39,230.39
07/10/2026,13:47,230.39,230.39,230.39,230.39,230.41,230.41,230.41,230.41
07/10/2026,13:49,230.4,230.4,230.39,230.39,230.41,230.42,230.41,230.42
07/10/2026,13:50,230.38,230.38,230.38,230.38,230.4,230.4,230.4,230.4
07/10/2026,13:51,230.41,230.41,230.41,230.41,230.43,230.43,230.43,230.43
07/10/2026,13:52,230.42,230.42,230.4,230.4,230.44,230.44,230.42,230.42
07/10/2026,13:55,230.42,230.42,230.42,230.42,230.44,230.44,230.44,230.44
07/10/2026,13:56,230.42,230.42,230.41,230.41,230.44,230.44,230.43,230.43
07/10/2026,13:59,230.35,230.36,230.35,230.36,230.37,230.38,230.37,230.38
07/10/2026,14:01,230.28,230.28,230.27,230.27,230.29,230.3,230.29,230.3
07/10/2026,14:02,230.26,230.26,230.26,230.26,230.28,230.28,230.28,230.28
07/10/2026,14:03,230.25,230.25,230.25,230.25,230.27,230.27,230.27,230.27
07/10/2026,14:09,230.32,230.38,230.32,230.36,230.34,230.4,230.34,230.38
07/10/2026,14:10,230.36,230.42,230.36,230.41,230.38,230.45,230.38,230.43
07/10/2026,14:11,230.41,230.41,230.41,230.41,230.42,230.42,230.42,230.42
07/10/2026,14:16,230.36,230.36,230.36,230.36,230.38,230.38,230.38,230.38
07/10/2026,14:17,230.36,230.36,230.36,230.36,230.38,230.38,230.38,230.38
07/10/2026,14:19,230.37,230.37,230.35,230.36,230.38,230.38,230.38,230.38
07/10/2026,14:21,230.36,230.36,230.36,230.36,230.38,230.38,230.38,230.38
07/10/2026,14:22,230.38,230.38,230.38,230.38,230.39,230.39,230.39,230.39
07/10/2026,14:25,230.34,230.4,230.34,230.36,230.36,230.42,230.36,230.38
07/10/2026,14:26,230.34,230.34,230.34,230.34,230.36,230.36,230.36,230.36
07/10/2026,14:29,230.36,230.36,230.36,230.36,230.39,230.39,230.38,230.38
07/10/2026,14:31,230.45,230.45,230.44,230.44,230.46,230.46,230.45,230.45
07/10/2026,14:33,230.39,230.39,230.39,230.39,230.42,230.42,230.42,230.42
07/10/2026,14:34,230.4,230.4,230.4,230.4,230.42,230.42,230.42,230.42
07/10/2026,14:35,230.43,230.43,230.43,230.43,230.45,230.45,230.45,230.45
07/10/2026,14:36,230.43,230.43,230.43,230.43,230.45,230.45,230.45,230.45
07/10/2026,14:37,230.43,230.44,230.43,230.44,230.45,230.46,230.45,230.46
07/10/2026,14:38,230.42,230.42,230.42,230.42,230.44,230.44,230.44,230.44
07/10/2026,14:39,230.42,230.42,230.4,230.4,230.43,230.43,230.43,230.43
07/10/2026,14:40,230.41,230.41,230.41,230.41,230.44,230.44,230.44,230.44
07/10/2026,14:42,230.43,230.43,230.43,230.43,230.46,230.46,230.46,230.46
07/10/2026,14:47,230.48,230.49,230.47,230.48,230.5,230.5,230.5,230.5
07/10/2026,14:48,230.5,230.5,230.5,230.5,230.52,230.52,230.52,230.52
07/10/2026,14:49,230.5,230.5,230.5,230.5,230.52,230.52,230.52,230.52
07/10/2026,14:50,230.51,230.51,230.51,230.51,230.54,230.54,230.53,230.53
07/10/2026,14:51,230.48,230.48,230.48,230.48,230.49,230.49,230.49,230.49
07/10/2026,14:52,230.47,230.47,230.47,230.47,230.49,230.49,230.49,230.49
07/10/2026,14:53,230.49,230.5,230.49,230.5,230.5,230.52,230.5,230.52
07/10/2026,14:55,230.5,230.5,230.49,230.49,230.52,230.52,230.51,230.51
07/10/2026,14:56,230.49,230.49,230.49,230.49,230.51,230.51,230.51,230.51
07/10/2026,14:57,230.48,230.48,230.47,230.47,230.5,230.5,230.49,230.49
07/10/2026,14:58,230.46,230.46,230.44,230.44,230.49,230.49,230.46,230.46
07/10/2026,14:59,230.45,230.45,230.45,230.45,230.48,230.48,230.48,230.48
07/10/2026,15:00,230.48,230.49,230.48,230.49,230.5,230.5,230.5,230.5
07/10/2026,15:01,230.47,230.47,230.47,230.47,230.5,230.5,230.5,230.5
07/10/2026,15:02,230.45,230.45,230.45,230.45,230.47,230.47,230.47,230.47
07/10/2026,15:03,230.48,230.48,230.48,230.48,230.5,230.5,230.5,230.5
07/10/2026,15:04,230.53,230.53,230.53,230.53,230.55,230.55,230.55,230.55
07/10/2026,15:05,230.56,230.58,230.56,230.58,230.57,230.59,230.57,230.59
07/10/2026,15:07,230.56,230.56,230.56,230.56,230.58,230.58,230.58,230.58
07/10/2026,15:08,230.54,230.58,230.54,230.57,230.56,230.6,230.56,230.59
07/10/2026,15:09,230.56,230.56,230.56,230.56,230.59,230.59,230.59,230.59
07/10/2026,15:10,230.59,230.62,230.59,230.62,230.6,230.64,230.6,230.64
07/10/2026,15:11,230.63,230.63,230.63,230.63,230.66,230.66,230.66,230.66
07/10/2026,15:12,230.67,230.68,230.67,230.68,230.69,230.7,230.69,230.7
07/10/2026,15:13,230.69,230.69,230.66,230.67,230.7,230.7,230.68,230.68
07/10/2026,15:14,230.67,230.67,230.67,230.67,230.68,230.68,230.68,230.68
07/10/2026,15:16,230.67,230.7,230.67,230.7,230.69,230.71,230.69,230.71
07/10/2026,15:17,230.68,230.68,230.65,230.65,230.7,230.7,230.68,230.68
07/10/2026,15:18,230.65,230.65,230.64,230.64,230.66,230.66,230.66,230.66
07/10/2026,15:19,230.66,230.66,230.66,230.66,230.67,230.67,230.67,230.67
07/10/2026,15:20,230.65,230.65,230.63,230.64,230.68,230.68,230.65,230.66
07/10/2026,15:21,230.66,230.66,230.66,230.66,230.67,230.67,230.67,230.67
07/10/2026,15:22,230.69,230.69,230.66,230.66,230.7,230.7,230.69,230.69
07/10/2026,15:23,230.66,230.67,230.66,230.67,230.67,230.69,230.67,230.69
07/10/2026,15:26,230.71,230.71,230.69,230.69,230.72,230.72,230.71,230.71
07/10/2026,15:27,230.69,230.69,230.69,230.69,230.7,230.7,230.7,230.7
07/10/2026,15:28,230.66,230.66,230.66,230.66,230.67,230.67,230.67,230.67
07/10/2026,15:29,230.67,230.67,230.66,230.66,230.69,230.69,230.68,230.68
07/10/2026,15:30,230.63,230.64,230.6,230.61,230.65,230.66,230.62,230.63
07/10/2026,15:31,230.62,230.62,230.6,230.6,230.63,230.63,230.62,230.62
07/10/2026,15:32,230.63,230.66,230.62,230.65,230.64,230.67,230.64,230.66
07/10/2026,15:33,230.64,230.65,230.64,230.65,230.66,230.67,230.66,230.67
07/10/2026,15:34,230.66,230.66,230.65,230.65,230.68,230.68,230.66,230.67
07/10/2026,15:35,230.65,230.65,230.64,230.64,230.67,230.67,230.66,230.66
07/10/2026,15:37,230.66,230.66,230.65,230.65,230.68,230.68,230.67,230.67
07/10/2026,15:38,230.68,230.68,230.68,230.68,230.69,230.69,230.69,230.69
07/10/2026,15:39,230.69,230.69,230.67,230.69,230.7,230.7,230.69,230.7
07/10/2026,15:40,230.67,230.67,230.67,230.67,230.69,230.69,230.69,230.69
07/10/2026,15:42,230.76,230.76,230.76,230.76,230.77,230.77,230.77,230.77
07/10/2026,15:43,230.75,230.75,230.75,230.75,230.77,230.77,230.77,230.77
07/10/2026,15:44,230.75,230.75,230.74,230.75,230.76,230.77,230.76,230.77
07/10/2026,15:45,230.73,230.75,230.73,230.74,230.75,230.77,230.75,230.76
07/10/2026,15:46,230.75,230.77,230.75,230.76,230.77,230.78,230.76,230.77
07/10/2026,15:47,230.78,230.78,230.77,230.77,230.79,230.79,230.78,230.78
07/10/2026,15:48,230.72,230.73,230.72,230.72,230.74,230.74,230.73,230.73
07/10/2026,15:49,230.75,230.75,230.75,230.75,230.77,230.77,230.77,230.77
07/10/2026,15:50,230.74,230.77,230.74,230.77,230.76,230.8,230.76,230.8
07/10/2026,15:51,230.75,230.75,230.74,230.74,230.77,230.77,230.76,230.76
07/10/2026,15:52,230.73,230.73,230.73,230.73,230.76,230.76,230.76,230.76
07/10/2026,15:53,230.73,230.73,230.67,230.69,230.75,230.75,230.7,230.71
07/10/2026,15:54,230.67,230.7,230.66,230.67,230.7,230.72,230.7,230.7
07/10/2026,15:56,230.56,230.56,230.51,230.51,230.57,230.57,230.54,230.54
07/10/2026,15:57,230.52,230.52,230.51,230.51,230.53,230.56,230.52,230.52
07/10/2026,15:58,230.53,230.54,230.52,230.52,230.55,230.56,230.53,230.53
07/10/2026,15:59,230.49,230.51,230.41,230.48,230.5,230.54,230.43,230.52
07/13/2026,09:30,230.45,230.9,230.45,230.9,231,231.24,231,231.16
07/13/2026,09:31,231.1,231.2,231.1,231.2,231.29,231.39,231.29,231.39
07/13/2026,09:34,231.41,231.55,231.41,231.52,231.5,231.62,231.5,231.58
07/13/2026,09:35,231.55,231.55,231.55,231.55,231.67,231.67,231.67,231.67
07/13/2026,09:37,231.42,231.48,231.42,231.48,231.51,231.6,231.51,231.6
07/13/2026,09:38,231.47,231.47,231.36,231.36,231.53,231.54,231.46,231.47
07/13/2026,09:44,231.43,231.47,231.43,231.47,231.54,231.54,231.54,231.54
07/13/2026,09:45,231.36,231.36,231.32,231.34,231.46,231.46,231.42,231.46
07/13/2026,09:46,231.38,231.38,231.38,231.38,231.46,231.46,231.44,231.44
07/13/2026,09:47,231.47,231.47,231.4,231.43,231.52,231.55,231.48,231.48
07/13/2026,09:48,231.46,231.55,231.46,231.5,231.51,231.6,231.51,231.6
07/13/2026,09:50,231.46,231.46,231.46,231.46,231.54,231.54,231.54,231.54
07/13/2026,09:51,231.51,231.51,231.51,231.51,231.59,231.59,231.59,231.59
07/13/2026,09:52,231.62,231.62,231.62,231.62,231.66,231.66,231.66,231.66
07/13/2026,09:53,231.59,231.65,231.59,231.65,231.67,231.72,231.67,231.72
07/13/2026,09:55,231.77,231.8,231.76,231.76,231.85,231.85,231.82,231.83
07/13/2026,09:56,231.78,231.78,231.72,231.72,231.8,231.8,231.75,231.75
07/13/2026,09:57,231.67,231.72,231.67,231.72,231.72,231.74,231.72,231.74
07/13/2026,09:58,231.72,231.72,231.72,231.72,231.78,231.78,231.78,231.78
07/13/2026,09:59,231.74,231.74,231.64,231.64,231.79,231.79,231.68,231.68
07/13/2026,10:00,231.63,231.63,231.63,231.63,231.66,231.66,231.66,231.66
07/13/2026,10:01,231.6,231.65,231.59,231.59,231.62,231.69,231.62,231.64
07/13/2026,10:02,231.6,231.6,231.42,231.53,231.63,231.63,231.52,231.59
07/13/2026,10:03,231.49,231.52,231.47,231.52,231.54,231.57,231.54,231.56
07/13/2026,10:04,231.51,231.51,231.48,231.48,231.53,231.56,231.53,231.56
07/13/2026,10:05,231.5,231.5,231.49,231.49,231.55,231.55,231.54,231.54
07/13/2026,10:06,231.43,231.44,231.4,231.42,231.52,231.52,231.45,231.48
07/13/2026,10:07,231.39,231.39,231.27,231.27,231.45,231.45,231.32,231.32
07/13/2026,10:08,231.33,231.34,231.3,231.34,231.35,231.38,231.35,231.35
07/13/2026,10:09,231.31,231.31,231.31,231.31,231.37,231.37,231.37,231.37
07/13/2026,10:10,231.37,231.38,231.31,231.38,231.41,231.43,231.38,231.43
07/13/2026,10:11,231.35,231.35,231.35,231.35,231.41,231.41,231.41,231.41
07/13/2026,10:12,231.34,231.41,231.34,231.41,231.42,231.44,231.39,231.44
07/13/2026,10:13,231.43,231.43,231.43,231.43,231.48,231.48,231.48,231.48
07/13/2026,10:14,231.49,231.49,231.48,231.48,231.56,231.56,231.55,231.55
07/13/2026,10:15,231.47,231.47,231.47,231.47,231.49,231.49,231.49,231.49
07/13/2026,10:16,231.47,231.48,230.79,230.93,231.5,231.52,230.85,230.97
07/13/2026,10:17,231.01,231.11,231.01,231.11,231.07,231.14,231.07,231.14
07/13/2026,10:18,231.03,231.05,231.03,231.05,231.09,231.13,231.09,231.13
07/13/2026,10:19,231.09,231.17,231.07,231.17,231.18,231.19,231.12,231.19
07/13/2026,10:20,231.19,231.19,231.17,231.17,231.21,231.23,231.21,231.23
07/13/2026,10:22,231.11,231.11,231.11,231.11,231.15,231.15,231.15,231.15
07/13/2026,10:23,231.14,231.14,231.14,231.14,231.23,231.23,231.23,231.23
07/13/2026,10:24,231.24,231.24,231.24,231.24,231.28,231.28,231.28,231.28
07/13/2026,10:25,231.25,231.25,231.25,231.25,231.3,231.3,231.3,231.3
07/13/2026,10:26,231.27,231.27,231.26,231.26,231.32,231.32,231.32,231.32
07/13/2026,10:29,231.18,231.22,231.18,231.21,231.26,231.28,231.26,231.27
07/13/2026,10:30,231.17,231.17,231.08,231.08,231.23,231.23,231.11,231.14
07/13/2026,10:31,231.08,231.08,231.08,231.08,231.09,231.09,231.09,231.09
07/13/2026,10:32,231.07,231.15,231.07,231.15,231.14,231.2,231.14,231.2
07/13/2026,10:33,231.19,231.19,231.19,231.19,231.25,231.26,231.25,231.26
07/13/2026,10:34,231.12,231.12,231.11,231.11,231.2,231.2,231.16,231.16
07/13/2026,10:36,231.06,231.06,231,231,231.09,231.09,231.06,231.06
07/13/2026,10:37,231.02,231.03,231.01,231.03,231.09,231.09,231.06,231.06
07/13/2026,10:38,230.97,230.97,230.96,230.97,231.03,231.03,231.01,231.02
07/13/2026,10:39,230.94,230.94,230.91,230.91,230.98,230.98,230.94,230.94
07/13/2026,10:40,230.95,230.95,230.95,230.95,230.97,230.97,230.97,230.97
07/13/2026,10:41,230.94,230.94,230.91,230.94,230.97,230.97,230.95,230.97
07/13/2026,10:42,230.88,230.88,230.88,230.88,230.92,230.92,230.92,230.92
07/13/2026,10:43,230.9,230.9,230.87,230.87,230.94,230.94,230.9,230.9
07/13/2026,10:44,230.87,230.92,230.87,230.92,230.91,230.98,230.91,230.98
07/13/2026,10:45,230.89,230.89,230.83,230.83,230.93,230.93,230.87,230.87
07/13/2026,10:46,230.88,230.88,230.87,230.87,230.9,230.93,230.9,230.93
07/13/2026,10:47,230.98,230.98,230.98,230.98,231,231,231,231
07/13/2026,10:48,230.99,231.02,230.99,231.02,231.03,231.07,231.03,231.07
07/13/2026,10:49,231.07,231.07,231.07,231.07,231.11,231.11,231.11,231.11
07/13/2026,10:50,231.02,231.02,231.02,231.02,231.09,231.09,231.09,231.09
07/13/2026,10:51,230.93,230.96,230.93,230.95,230.98,230.98,230.97,230.97
07/13/2026,10:52,230.9,230.9,230.88,230.88,230.95,230.95,230.92,230.92
07/13/2026,10:54,230.94,230.98,230.94,230.98,230.97,231.01,230.97,231.01
07/13/2026,10:55,230.98,230.98,230.97,230.97,231.04,231.04,231.04,231.04
07/13/2026,10:56,230.98,231.02,230.98,231.02,231.03,231.08,231.03,231.08
07/13/2026,10:58,231,231.01,231,231.01,231.05,231.07,231.05,231.07
07/13/2026,10:59,231.03,231.1,231.03,231.1,231.06,231.14,231.06,231.14
07/13/2026,11:01,231.15,231.15,231.15,231.15,231.19,231.19,231.19,231.19
07/13/2026,11:02,231.01,231.01,231.01,231.01,231.07,231.07,231.07,231.07
07/13/2026,11:03,230.99,230.99,230.99,230.99,231.04,231.04,231.04,231.04
07/13/2026,11:06,230.89,230.89,230.89,230.89,230.96,230.96,230.96,230.96
07/13/2026,11:07,230.89,230.89,230.89,230.89,230.94,230.94,230.94,230.94
07/13/2026,11:09,230.93,230.99,230.93,230.99,230.98,231.04,230.98,231.04
07/13/2026,11:10,231.01,231.01,230.98,230.98,231.04,231.04,231.04,231.04
07/13/2026,11:12,230.96,230.96,230.93,230.93,231,231,230.99,230.99
07/13/2026,11:14,230.91,230.91,230.91,230.91,230.96,230.96,230.96,230.96
07/13/2026,11:15,230.92,230.94,230.89,230.89,230.97,230.97,230.93,230.93
07/13/2026,11:16,230.9,230.9,230.9,230.9,230.95,230.95,230.95,230.95
07/13/2026,11:17,230.88,230.9,230.88,230.9,230.92,230.93,230.92,230.93
07/13/2026,11:18,230.86,230.87,230.86,230.87,230.9,230.91,230.9,230.91
07/13/2026,11:19,230.88,230.88,230.88,230.88,230.93,230.93,230.93,230.93
07/13/2026,11:20,230.89,230.89,230.89,230.89,230.95,230.95,230.95,230.95
07/13/2026,11:21,230.86,230.87,230.86,230.87,230.91,230.92,230.91,230.92
07/13/2026,11:25,230.81,230.81,230.81,230.81,230.87,230.87,230.87,230.87
07/13/2026,11:26,230.78,230.78,230.78,230.78,230.83,230.83,230.83,230.83
07/13/2026,11:29,230.86,230.86,230.86,230.86,230.87,230.87,230.87,230.87
07/13/2026,11:31,230.78,230.78,230.78,230.78,230.81,230.81,230.81,230.81
07/13/2026,11:32,230.82,230.87,230.82,230.87,230.88,230.88,230.88,230.88
07/13/2026,11:34,230.85,230.87,230.83,230.83,230.9,230.92,230.86,230.87
07/13/2026,11:35,230.84,230.84,230.84,230.84,230.87,230.87,230.86,230.86
07/13/2026,11:36,230.86,230.86,230.86,230.86,230.89,230.89,230.89,230.89
07/13/2026,11:38,230.86,230.88,230.86,230.88,230.91,230.91,230.9,230.9
07/13/2026,11:40,230.84,230.84,230.84,230.84,230.88,230.88,230.88,230.88
07/13/2026,11:42,230.84,230.87,230.84,230.87,230.86,230.89,230.86,230.89
07/13/2026,11:44,230.86,230.89,230.86,230.89,230.88,230.91,230.88,230.91
07/13/2026,11:46,230.88,230.95,230.88,230.95,230.91,230.97,230.91,230.97
07/13/2026,11:47,230.96,230.96,230.94,230.94,230.97,230.97,230.97,230.97
07/13/2026,11:48,230.93,230.93,230.93,230.93,230.97,230.97,230.97,230.97
07/13/2026,11:49,230.91,230.92,230.91,230.91,230.94,230.96,230.94,230.96
07/13/2026,11:50,230.9,230.9,230.9,230.9,230.94,230.94,230.94,230.94
07/13/2026,11:51,230.9,230.9,230.86,230.86,230.93,230.93,230.9,230.9
07/13/2026,11:52,230.9,230.9,230.9,230.9,230.92,230.92,230.92,230.92
07/13/2026,11:53,230.91,230.91,230.91,230.91,230.94,230.94,230.94,230.94
07/13/2026,11:55,230.89,230.89,230.89,230.89,230.93,230.93,230.93,230.93
07/13/2026,11:56,230.84,230.84,230.84,230.84,230.88,230.88,230.88,230.88
07/13/2026,11:57,230.81,230.86,230.81,230.86,230.86,230.88,230.86,230.88
07/13/2026,11:58,230.85,230.85,230.85,230.85,230.89,230.89,230.89,230.89
07/13/2026,12:00,230.82,230.82,230.78,230.78,230.86,230.86,230.82,230.82
07/13/2026,12:01,230.8,230.86,230.8,230.86,230.84,230.88,230.84,230.88
07/13/2026,12:05,230.92,230.92,230.91,230.91,230.96,230.96,230.96,230.96
07/13/2026,12:07,230.94,230.94,230.93,230.93,230.99,230.99,230.98,230.98
07/13/2026,12:08,230.96,230.98,230.96,230.98,230.99,231.03,230.99,231.03
07/13/2026,12:09,230.96,230.96,230.96,230.96,230.99,230.99,230.99,230.99
07/13/2026,12:10,230.99,231,230.99,231,231.01,231.01,231.01,231.01
07/13/2026,12:13,230.96,230.96,230.94,230.94,231,231,230.99,230.99
07/13/2026,12:14,230.95,230.95,230.95,230.95,230.98,230.98,230.98,230.98
07/13/2026,12:15,230.85,230.85,230.85,230.85,230.89,230.89,230.89,230.89
07/13/2026,12:16,230.82,230.82,230.82,230.82,230.87,230.87,230.87,230.87
07/13/2026,12:17,230.79,230.79,230.79,230.79,230.85,230.85,230.85,230.85
07/13/2026,12:18,230.81,230.81,230.81,230.81,230.85,230.85,230.85,230.85
07/13/2026,12:20,230.75,230.75,230.75,230.75,230.77,230.77,230.77,230.77
07/13/2026,12:21,230.79,230.79,230.78,230.78,230.81,230.81,230.79,230.79
07/13/2026,12:22,230.76,230.76,230.76,230.76,230.78,230.79,230.78,230.79
07/13/2026,12:23,230.76,230.79,230.76,230.79,230.79,230.8,230.79,230.8
07/13/2026,12:24,230.77,230.77,230.77,230.77,230.81,230.81,230.81,230.81
07/13/2026,12:25,230.73,230.73,230.71,230.71,230.76,230.76,230.74,230.74
07/13/2026,12:27,230.59,230.59,230.59,230.59,230.63,230.63,230.63,230.63
07/13/2026,12:28,230.64,230.64,230.6,230.6,230.68,230.68,230.64,230.64
07/13/2026,12:29,230.55,230.55,230.49,230.49,230.6,230.6,230.5,230.5
07/13/2026,12:31,230.5,230.52,230.5,230.52,230.53,230.53,230.53,230.53
07/13/2026,12:35,230.49,230.51,230.44,230.44,230.53,230.54,230.5,230.5
07/13/2026,12:36,230.46,230.5,230.46,230.5,230.5,230.54,230.5,230.54
07/13/2026,12:37,230.53,230.55,230.53,230.55,230.58,230.58,230.57,230.57
07/13/2026,12:38,230.58,230.58,230.58,230.58,230.6,230.6,230.6,230.6
07/13/2026,12:39,230.72,230.72,230.71,230.71,230.78,230.78,230.74,230.74
07/13/2026,12:40,230.69,230.69,230.67,230.67,230.74,230.74,230.7,230.7
07/13/2026,12:41,230.6,230.68,230.6,230.68,230.65,230.71,230.65,230.71
07/13/2026,12:42,230.69,230.69,230.69,230.69,230.73,230.73,230.73,230.73
07/13/2026,12:44,230.74,230.74,230.72,230.72,230.78,230.78,230.77,230.77
07/13/2026,12:46,230.8,230.8,230.79,230.79,230.84,230.84,230.83,230.83
07/13/2026,12:47,230.72,230.72,230.72,230.72,230.75,230.75,230.75,230.75
07/13/2026,12:48,230.69,230.69,230.69,230.69,230.73,230.73,230.73,230.73
07/13/2026,12:49,230.74,230.74,230.74,230.74,230.79,230.79,230.79,230.79
07/13/2026,12:50,230.75,230.75,230.61,230.66,230.79,230.79,230.66,230.69
07/13/2026,12:51,230.68,230.68,230.68,230.68,230.72,230.72,230.72,230.72
07/13/2026,12:53,230.65,230.66,230.62,230.66,230.71,230.71,230.67,230.69
07/13/2026,12:54,230.61,230.61,230.59,230.59,230.66,230.66,230.63,230.63
07/13/2026,12:55,230.58,230.62,230.58,230.62,230.62,230.64,230.62,230.64
07/13/2026,12:56,230.67,230.67,230.67,230.67,230.71,230.71,230.71,230.71
07/13/2026,12:57,230.7,230.7,230.7,230.7,230.71,230.71,230.71,230.71
07/13/2026,12:58,230.68,230.68,230.68,230.68,230.73,230.73,230.73,230.73
07/13/2026,12:59,230.67,230.67,230.67,230.67,230.72,230.72,230.72,230.72
07/13/2026,13:00,230.73,230.73,230.73,230.73,230.74,230.74,230.74,230.74
07/13/2026,13:02,230.72,230.75,230.72,230.73,230.77,230.78,230.76,230.76
07/13/2026,13:03,230.71,230.73,230.71,230.72,230.75,230.77,230.75,230.77
07/13/2026,13:05,230.69,230.75,230.69,230.73,230.72,230.76,230.72,230.76
07/13/2026,13:06,230.75,230.75,230.75,230.75,230.76,230.79,230.76,230.79
07/13/2026,13:07,230.78,230.78,230.78,230.78,230.79,230.82,230.79,230.82
07/13/2026,13:08,230.77,230.77,230.76,230.77,230.81,230.81,230.8,230.8
07/13/2026,13:09,230.75,230.77,230.74,230.74,230.79,230.79,230.76,230.76
07/13/2026,13:10,230.73,230.74,230.71,230.71,230.75,230.76,230.74,230.74
07/13/2026,13:11,230.73,230.73,230.73,230.73,230.75,230.76,230.74,230.76
07/13/2026,13:12,230.72,230.74,230.72,230.72,230.75,230.77,230.75,230.76
07/13/2026,13:13,230.7,230.7,230.69,230.69,230.75,230.75,230.72,230.72
07/13/2026,13:14,230.69,230.69,230.68,230.68,230.7,230.71,230.7,230.71
07/13/2026,13:15,230.65,230.65,230.65,230.65,230.67,230.67,230.67,230.67
07/13/2026,13:16,230.66,230.66,230.66,230.66,230.67,230.67,230.67,230.67
07/13/2026,13:17,230.7,230.7,230.68,230.68,230.71,230.72,230.7,230.72
07/13/2026,13:18,230.72,230.72,230.72,230.72,230.76,230.76,230.75,230.75
07/13/2026,13:19,230.77,230.77,230.77,230.77,230.81,230.81,230.81,230.81
07/13/2026,13:20,230.75,230.77,230.75,230.77,230.79,230.79,230.79,230.79
07/13/2026,13:22,230.8,230.8,230.8,230.8,230.84,230.84,230.84,230.84
07/13/2026,13:24,230.73,230.73,230.69,230.69,230.75,230.75,230.71,230.71
07/13/2026,13:25,230.69,230.7,230.69,230.7,230.7,230.72,230.7,230.71
07/13/2026,13:28,230.74,230.74,230.73,230.73,230.78,230.78,230.76,230.76
07/13/2026,13:29,230.73,230.73,230.73,230.73,230.76,230.76,230.76,230.76
07/13/2026,13:30,230.72,230.72,230.72,230.72,230.75,230.75,230.75,230.75
07/13/2026,13:31,230.76,230.76,230.76,230.76,230.78,230.78,230.78,230.78
07/13/2026,13:32,230.76,230.8,230.76,230.8,230.79,230.85,230.79,230.85
07/13/2026,13:34,230.79,230.79,230.79,230.79,230.81,230.81,230.81,230.81
07/13/2026,13:36,230.76,230.76,230.75,230.75,230.8,230.8,230.79,230.79
07/13/2026,13:39,230.8,230.81,230.8,230.81,230.81,230.83,230.81,230.83
07/13/2026,13:40,230.81,230.84,230.81,230.82,230.84,230.87,230.84,230.85
07/13/2026,13:41,230.84,230.85,230.84,230.85,230.85,230.88,230.85,230.88
07/13/2026,13:42,230.88,230.9,230.88,230.9,230.92,230.93,230.92,230.93
07/13/2026,13:44,230.91,230.91,230.91,230.91,230.95,230.95,230.95,230.95
07/13/2026,13:46,230.99,230.99,230.94,230.94,231.02,231.02,230.97,230.97
07/13/2026,13:47,230.96,230.96,230.96,230.96,230.97,230.97,230.97,230.97
07/13/2026,13:48,230.89,230.89,230.89,230.89,230.91,230.91,230.91,230.91
07/13/2026,13:51,230.87,230.87,230.87,230.87,230.9,230.9,230.9,230.9
07/13/2026,13:52,230.9,230.9,230.9,230.9,230.91,230.91,230.91,230.91
07/13/2026,13:54,230.86,230.87,230.86,230.87,230.89,230.9,230.89,230.9
07/13/2026,13:55,230.81,230.83,230.81,230.83,230.84,230.85,230.84,230.84
07/13/2026,13:56,230.79,230.79,230.79,230.79,230.82,230.82,230.82,230.82
07/13/2026,13:59,230.76,230.79,230.76,230.77,230.8,230.82,230.8,230.82
07/13/2026,14:00,230.81,230.81,230.81,230.81,230.84,230.84,230.84,230.84
07/13/2026,14:01,230.82,230.84,230.82,230.82,230.86,230.87,230.86,230.86
07/13/2026,14:02,230.84,230.84,230.81,230.81,230.88,230.88,230.85,230.85
07/13/2026,14:03,230.81,230.81,230.78,230.78,230.85,230.85,230.82,230.82
07/13/2026,14:04,230.81,230.82,230.79,230.79,230.84,230.86,230.84,230.84
07/13/2026,14:05,230.86,230.86,230.86,230.86,230.87,230.87,230.87,230.87
07/13/2026,14:06,230.84,230.84,230.84,230.84,230.87,230.87,230.87,230.87
07/13/2026,14:07,230.82,230.82,230.82,230.82,230.86,230.86,230.86,230.86
07/13/2026,14:08,230.81,230.81,230.79,230.79,230.86,230.86,230.84,230.84
07/13/2026,14:09,230.78,230.78,230.78,230.78,230.81,230.81,230.81,230.81
07/13/2026,14:11,230.69,230.69,230.69,230.69,230.73,230.73,230.73,230.73
07/13/2026,14:12,230.72,230.72,230.72,230.72,230.75,230.75,230.75,230.75
07/13/2026,14:13,230.75,230.75,230.75,230.75,230.78,230.79,230.78,230.79
07/13/2026,14:14,230.77,230.77,230.71,230.71,230.81,230.81,230.76,230.76
07/13/2026,14:15,230.71,230.71,230.71,230.71,230.75,230.75,230.75,230.75
07/13/2026,14:17,230.66,230.66,230.66,230.66,230.68,230.68,230.68,230.68
07/13/2026,14:19,230.6,230.6,230.6,230.6,230.65,230.65,230.65,230.65
07/13/2026,14:20,230.59,230.59,230.59,230.59,230.62,230.62,230.62,230.62
07/13/2026,14:21,230.63,230.64,230.62,230.64,230.64,230.66,230.64,230.66
07/13/2026,14:22,230.59,230.59,230.59,230.59,230.64,230.64,230.64,230.64
07/13/2026,14:23,230.6,230.6,230.6,230.6,230.64,230.64,230.64,230.64
07/13/2026,14:24,230.6,230.67,230.6,230.67,230.64,230.7,230.64,230.7
07/13/2026,14:25,230.68,230.68,230.65,230.66,230.72,230.72,230.67,230.7
07/13/2026,14:27,230.69,230.69,230.69,230.69,230.71,230.73,230.71,230.73
07/13/2026,14:28,230.69,230.69,230.69,230.69,230.74,230.74,230.74,230.74
07/13/2026,14:29,230.68,230.68,230.68,230.68,230.73,230.73,230.73,230.73
07/13/2026,14:32,230.7,230.7,230.69,230.69,230.73,230.73,230.72,230.72
07/13/2026,14:33,230.7,230.7,230.7,230.7,230.74,230.74,230.74,230.74
07/13/2026,14:38,230.77,230.77,230.77,230.77,230.81,230.81,230.81,230.81
07/13/2026,14:40,230.75,230.79,230.75,230.79,230.79,230.81,230.79,230.81
07/13/2026,14:41,230.82,230.84,230.82,230.84,230.86,230.87,230.86,230.87
07/13/2026,14:42,230.82,230.85,230.82,230.85,230.86,230.87,230.86,230.87
07/13/2026,14:43,230.85,230.87,230.85,230.87,230.87,230.91,230.87,230.91
07/13/2026,14:44,230.85,230.85,230.85,230.85,230.9,230.9,230.9,230.9
07/13/2026,14:45,230.88,230.88,230.87,230.87,230.92,230.92,230.91,230.91
07/13/2026,14:47,230.8,230.8,230.8,230.8,230.83,230.83,230.83,230.83
07/13/2026,14:51,230.84,230.84,230.84,230.84,230.86,230.86,230.86,230.86
07/13/2026,14:52,230.81,230.81,230.81,230.81,230.86,230.86,230.86,230.86
07/13/2026,14:53,230.84,230.84,230.84,230.84,230.87,230.87,230.87,230.87
07/13/2026,14:56,230.84,230.84,230.84,230.84,230.87,230.87,230.87,230.87
07/13/2026,14:57,230.84,230.85,230.84,230.85,230.87,230.87,230.87,230.87
07/13/2026,14:58,230.86,230.86,230.86,230.86,230.87,230.87,230.87,230.87
07/13/2026,14:59,230.81,230.81,230.8,230.81,230.85,230.85,230.84,230.85
07/13/2026,15:00,230.78,230.78,230.74,230.75,230.79,230.79,230.77,230.79
07/13/2026,15:01,230.74,230.74,230.74,230.74,230.77,230.77,230.77,230.77
07/13/2026,15:02,230.75,230.8,230.75,230.8,230.77,230.84,230.77,230.84
07/13/2026,15:03,230.8,230.8,230.8,230.8,230.83,230.83,230.83,230.83
07/13/2026,15:04,230.76,230.77,230.76,230.77,230.8,230.8,230.78,230.78
07/13/2026,15:05,230.79,230.79,230.79,230.79,230.82,230.82,230.82,230.82
07/13/2026,15:06,230.76,230.78,230.74,230.74,230.8,230.8,230.78,230.78
07/13/2026,15:08,230.77,230.79,230.77,230.79,230.78,230.81,230.78,230.8
07/13/2026,15:10,230.74,230.74,230.74,230.74,230.78,230.78,230.78,230.78
07/13/2026,15:11,230.7,230.7,230.7,230.7,230.73,230.73,230.73,230.73
07/13/2026,15:12,230.73,230.74,230.71,230.73,230.75,230.75,230.74,230.75
07/13/2026,15:13,230.74,230.74,230.73,230.73,230.75,230.75,230.74,230.75
07/13/2026,15:14,230.74,230.74,230.74,230.74,230.75,230.75,230.75,230.75
07/13/2026,15:15,230.75,230.75,230.73,230.75,230.78,230.79,230.77,230.79
07/13/2026,15:16,230.76,230.76,230.75,230.75,230.79,230.8,230.78,230.8
07/13/2026,15:17,230.74,230.76,230.74,230.76,230.78,230.79,230.78,230.79
07/13/2026,15:18,230.77,230.8,230.77,230.8,230.79,230.83,230.79,230.83
07/13/2026,15:19,230.83,230.83,230.79,230.79,230.85,230.85,230.83,230.83
07/13/2026,15:22,230.82,230.82,230.78,230.8,230.85,230.86,230.81,230.82
07/13/2026,15:23,230.81,230.81,230.71,230.71,230.84,230.84,230.76,230.76
07/13/2026,15:24,230.75,230.75,230.75,230.75,230.77,230.77,230.77,230.77
07/13/2026,15:25,230.72,230.72,230.69,230.7,230.73,230.73,230.71,230.72
07/13/2026,15:26,230.67,230.67,230.65,230.65,230.69,230.69,230.67,230.67
07/13/2026,15:27,230.63,230.65,230.63,230.65,230.65,230.67,230.65,230.67
07/13/2026,15:28,230.66,230.66,230.66,230.66,230.68,230.68,230.68,230.68
07/13/2026,15:29,230.63,230.63,230.53,230.55,230.66,230.66,230.56,230.59
07/13/2026,15:30,230.54,230.54,230.5,230.5,230.57,230.57,230.54,230.54
07/13/2026,15:31,230.49,230.55,230.49,230.53,230.52,230.57,230.52,230.56
07/13/2026,15:32,230.54,230.54,230.54,230.54,230.58,230.58,230.58,230.58
07/13/2026,15:33,230.59,230.6,230.52,230.55,230.62,230.64,230.56,230.56
07/13/2026,15:34,230.56,230.56,230.55,230.55,230.59,230.59,230.57,230.57
07/13/2026,15:35,230.61,230.61,230.61,230.61,230.62,230.62,230.62,230.62
07/13/2026,15:36,230.56,230.56,230.55,230.55,230.6,230.6,230.59,230.59
07/13/2026,15:37,230.59,230.59,230.57,230.57,230.61,230.62,230.59,230.6
07/13/2026,15:38,230.59,230.59,230.54,230.56,230.61,230.61,230.56,230.58
07/13/2026,15:39,230.57,230.59,230.57,230.59,230.59,230.6,230.59,230.6
07/13/2026,15:40,230.6,230.66,230.6,230.66,230.63,230.69,230.63,230.69
07/13/2026,15:41,230.68,230.69,230.67,230.69,230.69,230.71,230.69,230.71
07/13/2026,15:42,230.68,230.69,230.67,230.69,230.69,230.7,230.69,230.7
07/13/2026,15:43,230.75,230.76,230.75,230.75,230.77,230.77,230.77,230.77
07/13/2026,15:44,230.74,230.74,230.74,230.74,230.76,230.76,230.76,230.76
07/13/2026,15:45,230.77,230.78,230.69,230.7,230.78,230.79,230.7,230.71
07/13/2026,15:46,230.67,230.71,230.67,230.71,230.7,230.73,230.7,230.73
07/13/2026,15:47,230.68,230.68,230.68,230.68,230.71,230.71,230.71,230.71
07/13/2026,15:48,230.7,230.71,230.7,230.7,230.72,230.72,230.71,230.72
07/13/2026,15:49,230.71,230.71,230.67,230.67,230.72,230.73,230.7,230.7
07/13/2026,15:50,230.66,230.75,230.64,230.72,230.7,230.77,230.66,230.75
07/13/2026,15:51,230.71,230.74,230.71,230.74,230.72,230.77,230.72,230.76
07/13/2026,15:52,230.73,230.77,230.73,230.75,230.76,230.8,230.76,230.79
07/13/2026,15:53,230.78,230.84,230.78,230.84,230.79,230.86,230.79,230.85
07/13/2026,15:54,230.86,230.88,230.83,230.83,230.87,230.9,230.87,230.87
07/13/2026,15:55,230.81,230.93,230.81,230.92,230.83,230.95,230.83,230.94
07/13/2026,15:56,230.92,230.92,230.88,230.91,230.94,230.95,230.9,230.94
07/13/2026,15:57,230.95,230.95,230.91,230.92,230.97,230.97,230.93,230.93
07/13/2026,15:58,230.91,230.93,230.87,230.92,230.92,230.95,230.89,230.93
07/13/2026,15:59,230.94,230.94,230.85,230.9,230.96,230.96,230.87,230.93
07/14/2026,09:30,230.36,230.57,230.14,230.14,231.27,231.29,231.17,231.29
07/14/2026,09:31,230.48,230.48,230.48,230.48,230.9,230.9,230.81,230.81
07/14/2026,09:32,230.35,230.45,230.35,230.45,230.77,231.01,230.77,231.01
07/14/2026,09:34,230.48,230.65,230.48,230.65,230.75,230.75,230.75,230.75
07/14/2026,09:35,230.55,230.69,230.55,230.61,230.99,230.99,230.72,230.72
07/14/2026,09:36,230.73,230.73,230.73,230.73,230.86,230.86,230.86,230.86
07/14/2026,09:37,230.9,230.9,230.89,230.89,231.04,231.04,231,231
07/14/2026,09:39,231.09,231.13,231.03,231.13,231.16,231.24,231.15,231.24
07/14/2026,09:40,231.2,231.23,231.2,231.23,231.29,231.3,231.29,231.3
07/14/2026,09:41,231.2,231.2,231.2,231.2,231.28,231.29,231.28,231.29
07/14/2026,09:42,231.22,231.27,231.22,231.23,231.29,231.32,231.29,231.3
07/14/2026,09:43,231.2,231.38,231.2,231.38,231.3,231.49,231.3,231.49
07/14/2026,09:44,231.44,231.44,231.34,231.34,231.49,231.49,231.42,231.42
07/14/2026,09:45,231.2,231.27,231.04,231.07,231.31,231.33,231.16,231.16
07/14/2026,09:46,231.1,231.1,231,231,231.18,231.18,231.04,231.04
07/14/2026,09:47,230.86,230.88,230.86,230.86,230.92,230.99,230.92,230.93
07/14/2026,09:48,230.93,230.93,230.77,230.81,230.98,230.99,230.91,230.92
07/14/2026,09:49,230.88,230.88,230.81,230.87,230.97,230.97,230.89,230.93
07/14/2026,09:50,230.96,231,230.96,231,231.1,231.11,231.1,231.11
07/14/2026,09:51,230.87,230.99,230.87,230.97,231.03,231.1,231.02,231.06
07/14/2026,09:52,230.99,230.99,230.88,230.92,231.07,231.1,230.96,231.02
07/14/2026,09:53,230.95,231,230.93,230.97,231.05,231.1,231.01,231.08
07/14/2026,09:54,231.11,231.11,231.08,231.08,231.21,231.21,231.15,231.15
07/14/2026,09:55,231.11,231.11,231,231,231.18,231.2,231.05,231.1
07/14/2026,09:56,231.02,231.06,230.99,231,231.09,231.12,231.05,231.05
07/14/2026,09:57,230.98,231.07,230.98,231.05,231.07,231.16,231.07,231.08
07/14/2026,09:58,231.08,231.08,230.99,230.99,231.16,231.16,231.02,231.05
07/14/2026,09:59,231.01,231.02,230.89,230.95,231.05,231.1,230.99,231.03
07/14/2026,10:00,230.95,230.95,230.82,230.82,231.02,231.02,230.88,230.92
07/14/2026,10:01,230.84,230.93,230.84,230.87,230.89,230.96,230.89,230.89
07/14/2026,10:02,230.75,230.8,230.75,230.8,230.81,230.88,230.78,230.88
07/14/2026,10:03,230.79,230.9,230.79,230.9,230.84,230.98,230.84,230.98
07/14/2026,10:04,230.91,230.91,230.84,230.89,230.99,230.99,230.89,230.95
07/14/2026,10:05,230.84,230.86,230.8,230.86,230.92,230.92,230.85,230.91
07/14/2026,10:06,230.83,230.87,230.75,230.85,230.9,230.96,230.82,230.87
07/14/2026,10:07,230.84,230.87,230.75,230.75,230.92,230.94,230.78,230.83
07/14/2026,10:08,230.71,230.74,230.71,230.72,230.82,230.82,230.77,230.77
07/14/2026,10:09,230.68,230.75,230.68,230.7,230.76,230.82,230.76,230.77
07/14/2026,10:10,230.7,230.73,230.67,230.67,230.79,230.79,230.69,230.73
07/14/2026,10:11,230.56,230.63,230.56,230.56,230.67,230.71,230.6,230.63
07/14/2026,10:12,230.61,230.61,230.61,230.61,230.72,230.72,230.72,230.72
07/14/2026,10:13,230.71,230.71,230.66,230.66,230.8,230.8,230.72,230.72
07/14/2026,10:14,230.67,230.73,230.67,230.73,230.7,230.76,230.7,230.76
07/14/2026,10:15,230.72,230.72,230.51,230.51,230.77,230.77,230.55,230.55
07/14/2026,10:16,230.47,230.47,230.37,230.44,230.51,230.51,230.43,230.5
07/14/2026,10:17,230.41,230.48,230.35,230.4,230.44,230.53,230.4,230.45
07/14/2026,10:18,230.42,230.46,230.42,230.46,230.45,230.53,230.45,230.53
07/14/2026,10:19,230.51,230.56,230.5,230.56,230.54,230.63,230.54,230.63
07/14/2026,10:20,230.58,230.61,230.58,230.61,230.65,230.69,230.65,230.69
07/14/2026,10:21,230.57,230.57,230.57,230.57,230.61,230.61,230.61,230.61
07/14/2026,10:22,230.57,230.6,230.5,230.55,230.62,230.64,230.56,230.59
07/14/2026,10:23,230.55,230.55,230.4,230.4,230.63,230.63,230.52,230.52
07/14/2026,10:24,230.5,230.5,230.5,230.5,230.59,230.59,230.59,230.59
07/14/2026,10:25,230.47,230.51,230.47,230.51,230.55,230.59,230.55,230.59
07/14/2026,10:26,230.52,230.55,230.48,230.51,230.62,230.64,230.54,230.64
07/14/2026,10:27,230.55,230.55,230.55,230.55,230.62,230.62,230.62,230.62
07/14/2026,10:28,230.57,230.63,230.57,230.63,230.63,230.7,230.63,230.7
07/14/2026,10:30,230.68,230.68,230.63,230.63,230.69,230.7,230.69,230.7
07/14/2026,10:31,230.6,230.6,230.6,230.6,230.66,230.66,230.66,230.66
07/14/2026,10:33,230.57,230.57,230.57,230.57,230.61,230.61,230.61,230.61
07/14/2026,10:34,230.58,230.89,230.47,230.58,230.64,231.03,230.64,230.65
07/14/2026,10:35,230.56,230.56,230.49,230.49,230.64,230.64,230.53,230.53
07/14/2026,10:36,230.52,230.52,230.52,230.52,230.54,230.54,230.54,230.54
07/14/2026,10:38,230.51,230.51,230.46,230.46,230.59,230.59,230.49,230.49
07/14/2026,10:39,230.51,230.58,230.5,230.58,230.56,230.64,230.56,230.64
07/14/2026,10:40,230.65,230.65,230.64,230.64,230.71,230.71,230.7,230.7
07/14/2026,10:41,230.62,230.62,230.58,230.58,230.7,230.7,230.66,230.66
07/14/2026,10:42,230.57,230.57,230.57,230.57,230.66,230.66,230.66,230.66
07/14/2026,10:44,230.4,230.4,230.4,230.4,230.5,230.5,230.5,230.5
07/14/2026,10:45,230.38,230.39,230.38,230.39,230.43,230.46,230.43,230.46
07/14/2026,10:47,230.33,230.33,230.33,230.33,230.37,230.37,230.37,230.37
07/14/2026,10:48,230.41,230.41,230.41,230.41,230.46,230.46,230.46,230.46
07/14/2026,10:49,230.34,230.34,230.3,230.31,230.41,230.41,230.36,230.36
07/14/2026,10:52,230.27,230.27,230.27,230.27,230.33,230.33,230.33,230.33
07/14/2026,10:54,230.24,230.24,230.24,230.24,230.3,230.3,230.3,230.3
07/14/2026,10:55,230.33,230.36,230.29,230.35,230.39,230.4,230.38,230.4
07/14/2026,10:56,230.37,230.37,230.32,230.32,230.39,230.39,230.38,230.38
07/14/2026,10:57,230.35,230.38,230.35,230.38,230.42,230.42,230.41,230.41
07/14/2026,10:58,230.36,230.36,230.36,230.36,230.41,230.41,230.41,230.41
07/14/2026,10:59,230.28,230.28,230.28,230.28,230.34,230.34,230.34,230.34
07/14/2026,11:00,230.31,230.31,230.31,230.31,230.35,230.35,230.35,230.35
07/14/2026,11:03,230.25,230.25,230.25,230.25,230.31,230.31,230.31,230.31
07/14/2026,11:04,230.24,230.63,230.24,230.55,230.3,230.74,230.3,230.6
07/14/2026,11:05,230.46,230.5,230.46,230.48,230.51,230.54,230.51,230.54
07/14/2026,11:06,230.52,230.52,230.52,230.52,230.57,230.58,230.57,230.58
07/14/2026,11:07,230.49,230.49,230.49,230.49,230.53,230.53,230.53,230.53
07/14/2026,11:08,230.53,230.53,230.53,230.53,230.59,230.59,230.59,230.59
07/14/2026,11:09,230.49,230.49,230.49,230.49,230.56,230.56,230.56,230.56
07/14/2026,11:10,230.5,230.5,230.5,230.5,230.57,230.57,230.57,230.57
07/14/2026,11:11,230.49,230.49,230.49,230.49,230.56,230.56,230.56,230.56
07/14/2026,11:16,230.42,230.42,230.42,230.42,230.49,230.49,230.49,230.49
07/14/2026,11:17,230.33,230.33,230.25,230.25,230.38,230.38,230.32,230.32
07/14/2026,11:18,230.25,230.26,230.2,230.22,230.3,230.31,230.27,230.27
07/14/2026,11:19,230.24,230.24,230.24,230.24,230.29,230.29,230.28,230.28
07/14/2026,11:20,230.17,230.17,230.17,230.17,230.19,230.19,230.19,230.19
07/14/2026,11:22,230.18,230.18,230.18,230.18,230.23,230.23,230.23,230.23
07/14/2026,11:23,230.18,230.18,230.14,230.14,230.23,230.23,230.2,230.2
07/14/2026,11:24,230.23,230.23,230.23,230.23,230.25,230.25,230.25,230.25
07/14/2026,11:25,230.21,230.21,230.21,230.21,230.24,230.24,230.24,230.24
07/14/2026,11:27,230.18,230.18,230.18,230.18,230.24,230.24,230.24,230.24
07/14/2026,11:29,230.21,230.21,230.21,230.21,230.27,230.27,230.27,230.27
07/14/2026,11:30,230.24,230.25,230.24,230.25,230.29,230.29,230.29,230.29
07/14/2026,11:31,230.25,230.25,230.25,230.25,230.36,230.36,230.36,230.36
07/14/2026,11:33,230.23,230.26,230.19,230.19,230.3,230.3,230.24,230.24
07/14/2026,11:34,230.13,230.13,230.13,230.13,230.16,230.16,230.16,230.16
07/14/2026,11:35,230.09,230.09,230.09,230.09,230.14,230.14,230.14,230.14
07/14/2026,11:36,230.06,230.09,230.06,230.09,230.12,230.12,230.12,230.12
07/14/2026,11:37,230.11,230.11,230.09,230.09,230.14,230.14,230.13,230.13
07/14/2026,11:38,230.13,230.13,230.13,230.13,230.18,230.18,230.18,230.18
07/14/2026,11:40,230.09,230.09,229.98,229.98,230.13,230.13,230.03,230.03
07/14/2026,11:42,229.86,229.86,229.86,229.86,229.91,229.91,229.91,229.91
07/14/2026,11:43,229.97,229.97,229.92,229.92,229.99,229.99,229.96,229.96
07/14/2026,11:44,230.01,230.01,230.01,230.01,230.07,230.07,230.07,230.07
07/14/2026,11:46,230.07,230.07,230.07,230.07,230.13,230.13,230.13,230.13
07/14/2026,11:47,230.11,230.11,230.11,230.11,230.16,230.16,230.16,230.16
07/14/2026,11:48,230.17,230.19,230.17,230.19,230.21,230.23,230.21,230.23
07/14/2026,11:49,230.11,230.11,230.11,230.11,230.18,230.18,230.18,230.18
07/14/2026,11:50,230.15,230.15,230.15,230.15,230.17,230.17,230.17,230.17
07/14/2026,11:52,230.02,230.02,230.02,230.02,230.08,230.08,230.08,230.08
07/14/2026,11:53,230.09,230.09,230.09,230.09,230.14,230.14,230.14,230.14
07/14/2026,11:54,230.09,230.09,230.08,230.08,230.13,230.13,230.13,230.13
07/14/2026,11:55,230.04,230.05,229.97,229.97,230.08,230.09,230.02,230.02
07/14/2026,11:56,229.97,229.99,229.97,229.99,230.01,230.02,230.01,230.02
07/14/2026,11:57,229.98,229.98,229.93,229.93,230.03,230.03,229.97,229.97
07/14/2026,11:58,229.95,229.95,229.95,229.95,230,230,230,230
07/14/2026,11:59,229.93,229.95,229.93,229.95,229.98,229.98,229.98,229.98
07/14/2026,12:00,229.95,229.95,229.95,229.95,229.99,229.99,229.99,229.99
07/14/2026,12:01,229.95,229.95,229.95,229.95,229.99,229.99,229.99,229.99
07/14/2026,12:02,229.89,229.89,229.89,229.89,229.9,229.9,229.9,229.9
07/14/2026,12:03,229.86,229.87,229.86,229.87,229.87,229.88,229.87,229.88
07/14/2026,12:05,229.92,229.92,229.92,229.92,229.95,229.95,229.95,229.95
07/14/2026,12:06,229.89,229.92,229.89,229.92,229.93,229.95,229.93,229.95
07/14/2026,12:07,229.88,229.9,229.88,229.88,229.95,229.95,229.92,229.93
07/14/2026,12:08,229.87,229.89,229.87,229.89,229.95,229.96,229.95,229.96
07/14/2026,12:09,229.94,229.94,229.91,229.91,229.99,229.99,229.95,229.95
07/14/2026,12:10,229.94,229.95,229.9,229.9,229.96,229.99,229.95,229.95
07/14/2026,12:11,229.87,229.87,229.84,229.84,229.89,229.89,229.88,229.88
07/14/2026,12:12,229.88,229.89,229.88,229.89,229.92,229.93,229.92,229.93
07/14/2026,12:13,229.88,229.92,229.88,229.92,229.94,229.95,229.94,229.95
07/14/2026,12:14,230.01,230.01,229.97,229.97,230.03,230.03,230.01,230.01
07/14/2026,12:15,229.97,229.97,229.89,229.89,230.01,230.01,229.93,229.93
07/14/2026,12:16,229.88,229.88,229.88,229.88,229.93,229.93,229.93,229.93
07/14/2026,12:17,229.86,229.86,229.86,229.86,229.91,229.91,229.91,229.91
07/14/2026,12:18,229.87,229.91,229.86,229.86,229.93,229.94,229.89,229.89
07/14/2026,12:19,229.85,229.85,229.85,229.85,229.9,229.9,229.9,229.9
07/14/2026,12:20,229.82,229.84,229.8,229.8,229.87,229.88,229.84,229.84
07/14/2026,12:22,229.77,229.77,229.74,229.74,229.79,229.82,229.79,229.82
07/14/2026,12:23,229.74,229.79,229.74,229.77,229.79,229.81,229.78,229.78
07/14/2026,12:24,229.77,229.77,229.77,229.77,229.8,229.8,229.8,229.8
07/14/2026,12:26,229.73,229.73,229.73,229.73,229.78,229.78,229.78,229.78
07/14/2026,12:27,229.74,229.82,229.74,229.82,229.79,229.87,229.79,229.87
07/14/2026,12:28,229.83,229.83,229.79,229.79,229.87,229.87,229.83,229.83
07/14/2026,12:29,229.82,229.82,229.8,229.8,229.87,229.87,229.85,229.85
07/14/2026,12:30,229.79,229.79,229.79,229.79,229.85,229.85,229.85,229.85
07/14/2026,12:31,229.86,229.88,229.86,229.87,229.92,229.93,229.92,229.92
07/14/2026,12:33,229.9,229.9,229.9,229.9,229.96,229.96,229.96,229.96
07/14/2026,12:34,229.89,229.91,229.89,229.9,229.93,229.96,229.93,229.96
07/14/2026,12:35,229.94,229.94,229.91,229.91,229.98,229.98,229.97,229.97
07/14/2026,12:37,229.93,229.94,229.91,229.91,229.99,229.99,229.95,229.95
07/14/2026,12:39,229.91,229.91,229.87,229.87,229.94,229.94,229.92,229.92
07/14/2026,12:40,229.87,229.87,229.85,229.85,229.94,229.94,229.92,229.92
07/14/2026,12:41,229.93,229.93,229.91,229.91,229.98,229.98,229.94,229.94
07/14/2026,12:42,229.91,229.95,229.9,229.95,229.94,229.97,229.94,229.97
07/14/2026,12:44,229.89,229.89,229.89,229.89,229.94,229.94,229.94,229.94
07/14/2026,12:46,229.81,229.81,229.81,229.81,229.87,229.87,229.87,229.87
07/14/2026,12:47,229.78,229.8,229.76,229.76,229.83,229.83,229.79,229.8
07/14/2026,12:48,229.75,229.75,229.75,229.75,229.79,229.79,229.79,229.79
07/14/2026,12:50,229.81,229.81,229.81,229.81,229.84,229.84,229.84,229.84
07/14/2026,12:51,229.78,229.81,229.78,229.81,229.81,229.87,229.81,229.87
07/14/2026,12:52,229.82,229.83,229.82,229.83,229.87,229.88,229.87,229.88
07/14/2026,12:53,229.84,229.84,229.84,229.84,229.88,229.9,229.88,229.9
07/14/2026,12:54,229.82,229.82,229.82,229.82,229.86,229.86,229.86,229.86
07/14/2026,12:55,229.85,229.85,229.85,229.85,229.88,229.88,229.88,229.88
07/14/2026,12:56,229.81,229.81,229.81,229.81,229.86,229.86,229.86,229.86
07/14/2026,12:57,229.8,229.8,229.76,229.76,229.82,229.82,229.81,229.81
07/14/2026,12:58,229.76,229.77,229.76,229.77,229.82,229.82,229.8,229.8
07/14/2026,12:59,229.83,229.83,229.83,229.83,229.88,229.88,229.88,229.88
07/14/2026,13:00,229.83,229.87,229.83,229.87,229.88,229.89,229.85,229.89
07/14/2026,13:01,229.87,229.87,229.87,229.87,229.9,229.9,229.9,229.9
07/14/2026,13:02,229.85,229.85,229.82,229.83,229.89,229.89,229.87,229.87
07/14/2026,13:03,229.83,229.83,229.83,229.83,229.85,229.85,229.85,229.85
07/14/2026,13:04,229.75,229.75,229.75,229.75,229.8,229.8,229.8,229.8
07/14/2026,13:05,229.78,229.78,229.78,229.78,229.82,229.83,229.82,229.83
07/14/2026,13:06,229.74,229.77,229.74,229.77,229.78,229.81,229.78,229.81
07/14/2026,13:08,229.82,229.82,229.82,229.82,229.86,229.88,229.86,229.88
07/14/2026,13:09,229.84,229.86,229.84,229.86,229.89,229.91,229.88,229.9
07/14/2026,13:10,229.9,229.92,229.9,229.92,229.95,229.97,229.95,229.97
07/14/2026,13:11,229.92,229.92,229.92,229.92,229.98,229.98,229.98,229.98
07/14/2026,13:12,229.92,229.94,229.91,229.94,229.95,229.97,229.95,229.97
07/14/2026,13:13,229.92,229.92,229.86,229.86,229.97,229.97,229.9,229.9
07/14/2026,13:14,229.84,229.84,229.84,229.84,229.88,229.88,229.88,229.88
07/14/2026,13:15,229.84,229.85,229.78,229.78,229.88,229.9,229.78,229.79
07/14/2026,13:17,229.82,229.84,229.82,229.84,229.86,229.88,229.86,229.88
07/14/2026,13:18,229.86,229.9,229.86,229.9,229.9,229.94,229.9,229.94
07/14/2026,13:19,229.9,229.9,229.9,229.9,229.93,229.93,229.93,229.93
07/14/2026,13:20,229.91,229.91,229.91,229.91,229.96,229.96,229.96,229.96
07/14/2026,13:21,229.93,229.93,229.93,229.93,229.96,229.96,229.96,229.96
07/14/2026,13:22,229.94,229.94,229.94,229.94,229.99,229.99,229.99,229.99
07/14/2026,13:23,229.99,229.99,229.97,229.99,230,230.04,230,230.04
07/14/2026,13:24,229.98,229.98,229.98,229.98,230.04,230.04,230.04,230.04
07/14/2026,13:26,229.96,229.96,229.96,229.96,230.02,230.02,230.02,230.02
07/14/2026,13:29,229.94,229.94,229.94,229.94,230,230,230,230
07/14/2026,13:30,229.94,229.94,229.94,229.94,229.99,229.99,229.99,229.99
07/14/2026,13:32,229.91,229.91,229.91,229.91,229.96,229.96,229.96,229.96
07/14/2026,13:33,229.93,229.93,229.93,229.93,229.96,229.96,229.96,229.96
07/14/2026,13:34,229.91,229.91,229.91,229.91,229.96,229.96,229.96,229.96
07/14/2026,13:35,229.84,229.85,229.84,229.84,229.88,229.91,229.88,229.9
07/14/2026,13:36,229.84,229.86,229.84,229.86,229.87,229.9,229.87,229.89
07/14/2026,13:37,229.87,229.89,229.87,229.89,229.93,229.93,229.93,229.93
07/14/2026,13:39,229.88,229.88,229.88,229.88,229.92,229.92,229.92,229.92
07/14/2026,13:41,229.88,229.88,229.88,229.88,229.92,229.92,229.92,229.92
07/14/2026,13:43,229.88,229.88,229.88,229.88,229.92,229.92,229.92,229.92
07/14/2026,13:44,229.9,229.9,229.9,229.9,229.91,229.91,229.91,229.91
07/14/2026,13:46,229.84,229.84,229.84,229.84,229.9,229.9,229.88,229.88
07/14/2026,13:47,229.84,229.84,229.83,229.83,229.88,229.9,229.88,229.9
07/14/2026,13:48,229.83,229.9,229.83,229.9,229.88,229.96,229.88,229.94
07/14/2026,13:49,229.87,229.87,229.87,229.87,229.92,229.92,229.92,229.92
07/14/2026,13:51,229.88,229.88,229.88,229.88,229.93,229.93,229.93,229.93
07/14/2026,13:53,229.9,229.9,229.86,229.86,229.94,229.94,229.91,229.92
07/14/2026,13:56,229.87,229.87,229.82,229.82,229.91,229.91,229.9,229.9
07/14/2026,13:58,229.86,229.86,229.86,229.86,229.91,229.91,229.91,229.91
07/14/2026,14:01,229.82,229.84,229.82,229.84,229.88,229.88,229.87,229.87
07/14/2026,14:02,229.92,229.92,229.91,229.91,229.95,229.97,229.95,229.97
07/14/2026,14:03,229.91,229.91,229.91,229.91,229.96,229.96,229.96,229.96
07/14/2026,14:05,229.96,229.96,229.95,229.95,229.99,230,229.99,230
07/14/2026,14:06,229.97,229.97,229.97,229.97,230.03,230.03,230.01,230.01
07/14/2026,14:07,229.97,229.97,229.96,229.96,230.02,230.02,230.02,230.02
07/14/2026,14:08,229.95,229.95,229.95,229.95,230.01,230.01,230.01,230.01
07/14/2026,14:09,229.94,229.94,229.94,229.94,229.98,229.98,229.98,229.98
07/14/2026,14:10,229.89,229.92,229.89,229.91,229.98,229.98,229.95,229.95
07/14/2026,14:11,229.91,229.91,229.91,229.91,229.96,229.97,229.96,229.97
07/14/2026,14:12,229.92,229.92,229.92,229.92,229.96,229.96,229.96,229.96
07/14/2026,14:13,229.92,229.94,229.92,229.94,229.96,229.96,229.96,229.96
07/14/2026,14:14,229.94,229.98,229.94,229.98,229.96,230.01,229.96,230.01
07/14/2026,14:15,229.99,229.99,229.99,229.99,230.05,230.05,230.05,230.05
07/14/2026,14:16,229.98,229.98,229.95,229.95,230.01,230.02,229.99,230
07/14/2026,14:18,229.96,229.96,229.96,229.96,230.01,230.01,230.01,230.01
07/14/2026,14:20,230,230,230,230,230.05,230.05,230.05,230.05
07/14/2026,14:23,230.03,230.03,230.03,230.03,230.1,230.1,230.1,230.1
07/14/2026,14:24,229.96,229.96,229.96,229.96,230.03,230.03,230.03,230.03
07/14/2026,14:25,229.94,230,229.94,230,230.01,230.06,230.01,230.05
07/14/2026,14:26,229.97,229.97,229.97,229.97,230.05,230.05,230.05,230.05
07/14/2026,14:27,229.97,229.97,229.97,229.97,230.05,230.05,230.04,230.04
07/14/2026,14:29,230,230.01,230,230.01,230.07,230.07,230.07,230.07
07/14/2026,14:30,230.02,230.02,230.01,230.01,230.06,230.07,230.06,230.07
07/14/2026,14:31,229.97,229.98,229.96,229.98,230.04,230.04,230.03,230.03
07/14/2026,14:32,229.99,230,229.99,230,230.03,230.06,230.03,230.06
07/14/2026,14:33,229.98,229.98,229.95,229.95,230.02,230.02,230,230
07/14/2026,14:34,229.96,229.96,229.96,229.96,230,230,230,230
07/14/2026,14:35,229.97,229.97,229.95,229.95,230.02,230.02,229.99,229.99
07/14/2026,14:36,229.95,229.99,229.95,229.97,229.99,230.03,229.99,230.02
07/14/2026,14:37,229.97,229.97,229.88,229.89,230.02,230.02,229.92,229.96
07/14/2026,14:39,229.9,229.91,229.88,229.91,229.95,229.95,229.95,229.95
07/14/2026,14:41,229.89,229.91,229.79,229.81,229.95,229.95,229.85,229.86
07/14/2026,14:42,229.85,229.85,229.85,229.85,229.87,229.87,229.87,229.87
07/14/2026,14:45,229.84,229.85,229.84,229.85,229.91,229.91,229.91,229.91
07/14/2026,14:47,229.88,229.88,229.88,229.88,229.94,229.94,229.94,229.94
07/14/2026,14:48,229.87,229.88,229.87,229.87,229.92,229.92,229.9,229.92
07/14/2026,14:49,229.87,229.9,229.87,229.89,229.95,229.95,229.95,229.95
07/14/2026,14:50,229.86,229.9,229.86,229.9,229.93,229.95,229.93,229.95
07/14/2026,14:51,229.91,229.91,229.91,229.91,229.95,229.95,229.94,229.94
07/14/2026,14:52,229.9,229.9,229.9,229.9,229.92,229.92,229.92,229.92
07/14/2026,14:53,229.94,229.94,229.94,229.94,229.98,229.98,229.98,229.98
07/14/2026,14:54,229.92,229.92,229.92,229.92,229.96,229.96,229.96,229.96
07/14/2026,14:55,229.92,229.92,229.92,229.92,229.98,229.98,229.97,229.97
07/14/2026,14:56,229.93,229.93,229.93,229.93,229.97,229.97,229.97,229.97
07/14/2026,14:57,229.94,229.94,229.94,229.94,229.98,229.99,229.98,229.99
07/14/2026,14:58,229.92,229.92,229.92,229.92,229.97,229.97,229.97,229.97
07/14/2026,14:59,229.92,229.92,229.92,229.92,229.95,229.95,229.95,229.95
07/14/2026,15:00,229.92,229.96,229.92,229.95,229.98,229.99,229.97,229.99
07/14/2026,15:02,229.93,229.93,229.91,229.93,229.98,229.98,229.96,229.97
07/14/2026,15:03,229.95,229.95,229.94,229.94,229.98,229.98,229.98,229.98
07/14/2026,15:04,229.94,229.94,229.94,229.94,229.98,230.01,229.98,230.01
07/14/2026,15:05,229.97,229.97,229.97,229.97,230.02,230.02,230.02,230.02
07/14/2026,15:06,229.97,229.97,229.97,229.97,230.01,230.01,230.01,230.01
07/14/2026,15:07,229.94,229.98,229.94,229.98,229.97,230.01,229.97,230.01
07/14/2026,15:08,229.96,230.02,229.96,230,230.01,230.03,230.01,230.02
07/14/2026,15:09,229.97,229.97,229.96,229.96,230.01,230.01,229.99,229.99
07/14/2026,15:10,229.94,229.94,229.94,229.94,229.97,229.97,229.97,229.97
07/14/2026,15:11,229.89,229.89,229.89,229.89,229.92,229.92,229.92,229.92
07/14/2026,15:12,229.91,229.91,229.9,229.9,229.96,229.96,229.94,229.95
07/14/2026,15:13,229.91,229.93,229.91,229.92,229.95,229.96,229.95,229.96
07/14/2026,15:14,229.9,229.9,229.9,229.9,229.94,229.94,229.94,229.94
07/14/2026,15:16,229.95,229.95,229.92,229.92,229.99,229.99,229.93,229.93
07/14/2026,15:17,229.92,229.92,229.92,229.92,229.95,229.95,229.95,229.95
07/14/2026,15:18,229.91,229.93,229.88,229.91,229.95,229.95,229.9,229.94
07/14/2026,15:19,229.92,229.92,229.92,229.92,229.95,229.95,229.95,229.95
07/14/2026,15:20,229.92,229.95,229.92,229.95,229.95,229.99,229.95,229.99
07/14/2026,15:21,229.92,229.92,229.9,229.9,229.96,229.96,229.95,229.95
07/14/2026,15:22,229.93,229.93,229.93,229.93,229.97,229.97,229.97,229.97
07/14/2026,15:23,229.94,229.95,229.94,229.95,229.98,230,229.98,230
07/14/2026,15:24,229.95,229.98,229.95,229.98,230,230.02,230,230
07/14/2026,15:25,229.99,230.01,229.99,230.01,230.02,230.05,230.02,230.04
07/14/2026,15:26,230.01,230.01,230,230,230.03,230.04,230.03,230.04
07/14/2026,15:27,230.01,230.02,230.01,230.02,230.04,230.04,230.04,230.04
07/14/2026,15:28,230.02,230.03,230.02,230.03,230.04,230.07,230.04,230.05
07/14/2026,15:29,230.03,230.05,230.03,230.05,230.07,230.08,230.07,230.08
07/14/2026,15:30,230.05,230.05,229.96,229.99,230.08,230.08,230.01,230.04
07/14/2026,15:31,230,230.03,230,230.03,230.04,230.07,230.02,230.07
07/14/2026,15:32,230.03,230.03,229.95,229.95,230.07,230.07,229.97,229.97
07/14/2026,15:33,229.95,229.96,229.92,229.96,229.96,229.99,229.96,229.99
07/14/2026,15:34,229.95,229.95,229.91,229.92,229.97,229.97,229.94,229.95
07/14/2026,15:35,229.92,229.94,229.9,229.94,229.95,229.95,229.92,229.95
07/14/2026,15:36,229.95,229.95,229.95,229.95,229.98,229.98,229.98,229.98
07/14/2026,15:37,229.99,230,229.98,229.98,230.02,230.04,230,230
07/14/2026,15:38,229.98,229.98,229.95,229.95,229.99,230,229.97,229.97
07/14/2026,15:39,229.94,229.97,229.94,229.97,229.97,230,229.97,230
07/14/2026,15:40,229.95,229.96,229.95,229.96,229.98,230,229.98,230
07/14/2026,15:41,229.95,229.98,229.95,229.97,229.97,230,229.97,230
07/14/2026,15:42,229.98,229.98,229.96,229.96,230,230,229.99,229.99
07/14/2026,15:43,229.97,229.99,229.97,229.99,230,230,230,230
07/14/2026,15:44,229.99,230.04,229.99,230.03,230.02,230.06,230.02,230.06
07/14/2026,15:45,230.01,230.02,230.01,230.02,230.03,230.04,230.03,230.04
07/14/2026,15:46,230.03,230.03,230,230,230.05,230.05,230.02,230.02
07/14/2026,15:49,230.03,230.06,230.03,230.06,230.06,230.07,230.06,230.07
07/14/2026,15:50,230.06,230.06,229.99,229.99,230.07,230.07,230.01,230.01
07/14/2026,15:51,229.95,229.98,229.95,229.98,229.97,229.99,229.97,229.99
07/14/2026,15:52,229.97,229.97,229.97,229.97,229.98,229.99,229.98,229.99
07/14/2026,15:53,229.99,230,229.99,230,230.01,230.02,230.01,230.02
07/14/2026,15:54,229.99,229.99,229.97,229.97,230.01,230.02,229.99,229.99
07/14/2026,15:55,229.93,230.02,229.93,229.98,229.98,230.04,229.98,229.99
07/14/2026,15:56,229.97,230.01,229.94,230.01,229.98,230.03,229.96,230.03
07/14/2026,15:57,230.03,230.09,230.02,230.09,230.04,230.11,230.03,230.11
07/14/2026,15:58,230.08,230.1,229.98,229.99,230.09,230.12,230,230
07/14/2026,15:59,229.97,230.05,229.88,229.88,230,230.07,229.9,229.93
07/15/2026,09:30,230.35,230.46,230.35,230.46,230.55,230.84,230.55,230.84
07/15/2026,09:33,230.59,230.59,230.53,230.53,230.64,230.64,230.63,230.63
07/15/2026,09:34,230.66,230.66,230.61,230.61,230.73,230.73,230.71,230.71
07/15/2026,09:35,230.59,230.65,230.54,230.65,230.69,230.73,230.6,230.73
07/15/2026,09:36,230.67,230.67,230.65,230.65,230.72,230.72,230.71,230.72
07/15/2026,09:37,230.75,230.86,230.75,230.85,230.8,230.91,230.8,230.89
07/15/2026,09:38,230.75,230.78,230.64,230.64,230.81,230.84,230.71,230.71
07/15/2026,09:39,230.7,230.7,230.7,230.7,230.78,230.78,230.78,230.78
07/15/2026,09:41,230.55,230.55,230.55,230.55,230.69,230.69,230.69,230.69
07/15/2026,09:42,230.54,230.58,230.54,230.58,230.65,230.65,230.62,230.62
07/15/2026,09:43,230.6,230.6,230.56,230.6,230.66,230.66,230.63,230.65
07/15/2026,09:44,230.58,230.61,230.58,230.61,230.62,230.64,230.62,230.64
07/15/2026,09:45,230.5,230.5,230.5,230.5,230.52,230.52,230.52,230.52
07/15/2026,09:46,230.5,230.54,230.48,230.5,230.58,230.61,230.54,230.56
07/15/2026,09:47,230.46,230.46,230.46,230.46,230.51,230.51,230.51,230.51
07/15/2026,09:48,230.38,230.5,230.38,230.5,230.49,230.54,230.49,230.54
07/15/2026,09:49,230.44,230.53,230.44,230.53,230.5,230.58,230.5,230.58
07/15/2026,09:50,230.51,230.51,230.48,230.5,230.59,230.59,230.53,230.56
07/15/2026,09:51,230.54,230.65,230.54,230.65,230.57,230.67,230.57,230.67
07/15/2026,09:52,230.62,230.62,230.57,230.57,230.66,230.66,230.62,230.62
07/15/2026,09:53,230.63,230.63,230.63,230.63,230.65,230.65,230.65,230.65
07/15/2026,09:54,230.79,230.79,230.75,230.75,230.85,230.85,230.79,230.79
07/15/2026,09:55,230.81,230.81,230.76,230.76,230.87,230.87,230.82,230.82
07/15/2026,09:56,230.74,230.75,230.74,230.75,230.79,230.82,230.79,230.82
07/15/2026,09:58,230.84,230.84,230.84,230.84,230.88,230.88,230.88,230.88
07/15/2026,09:59,230.79,230.79,230.78,230.78,230.85,230.85,230.84,230.84
07/15/2026,10:01,230.89,230.98,230.89,230.92,230.93,231.01,230.92,230.97
07/15/2026,10:02,230.88,230.88,230.88,230.88,230.93,230.93,230.93,230.93
07/15/2026,10:06,230.96,230.96,230.92,230.92,231,231,230.98,230.98
07/15/2026,10:07,230.95,230.95,230.85,230.85,230.99,230.99,230.92,230.92
07/15/2026,10:08,230.84,230.84,230.84,230.84,230.92,230.92,230.92,230.92
07/15/2026,10:09,230.84,230.86,230.84,230.85,230.9,230.91,230.89,230.9
07/15/2026,10:10,230.85,230.85,230.79,230.79,230.88,230.88,230.84,230.84
07/15/2026,10:11,230.8,230.84,230.8,230.81,230.87,230.9,230.84,230.84
07/15/2026,10:12,230.79,230.81,230.79,230.81,230.83,230.87,230.83,230.87
07/15/2026,10:13,230.79,230.79,230.79,230.79,230.85,230.85,230.85,230.85
07/15/2026,10:14,230.88,230.88,230.88,230.88,230.93,230.93,230.93,230.93
07/15/2026,10:15,231,231.09,231,231.09,231.05,231.14,231.05,231.14
07/15/2026,10:16,231.11,231.14,231.11,231.12,231.17,231.19,231.16,231.19
07/15/2026,10:17,231.17,231.17,231.11,231.11,231.19,231.19,231.15,231.16
07/15/2026,10:18,231.11,231.11,231.11,231.11,231.17,231.17,231.17,231.17
07/15/2026,10:19,231.08,231.15,231.08,231.09,231.16,231.17,231.13,231.14
07/15/2026,10:20,231.08,231.08,231.04,231.08,231.1,231.13,231.07,231.09
07/15/2026,10:21,231.07,231.11,231.04,231.11,231.12,231.16,231.09,231.16
07/15/2026,10:22,231.08,231.11,231.05,231.05,231.1,231.15,231.1,231.1
07/15/2026,10:23,231.11,231.11,230.97,230.97,231.13,231.13,231,231.02
07/15/2026,10:24,230.96,230.96,230.85,230.95,230.99,230.99,230.87,230.98
07/15/2026,10:25,231.01,231.02,230.94,231.01,231.02,231.07,230.98,231.03
07/15/2026,10:26,231,231.01,231,231.01,231.02,231.07,231.02,231.07
07/15/2026,10:27,231.03,231.03,231,231,231.09,231.09,231.01,231.06
07/15/2026,10:28,231.02,231.02,231.01,231.01,231.04,231.04,231.02,231.02
07/15/2026,10:29,230.99,231,230.99,231,231.02,231.08,231.02,231.03
07/15/2026,10:30,231.05,231.05,231.03,231.03,231.08,231.08,231.04,231.04
07/15/2026,10:31,231.03,231.08,230.98,231.08,231.04,231.1,231.02,231.09
07/15/2026,10:32,230.99,231.02,230.99,230.99,231.01,231.05,231.01,231.03
07/15/2026,10:33,230.95,230.96,230.95,230.96,230.97,230.99,230.97,230.99
07/15/2026,10:34,230.97,230.97,230.97,230.97,230.99,230.99,230.99,230.99
07/15/2026,10:35,230.98,231,230.95,230.95,231.01,231.03,230.98,230.98
07/15/2026,10:36,230.91,230.97,230.91,230.94,230.95,231,230.95,230.97
07/15/2026,10:37,230.91,230.91,230.85,230.85,230.93,230.93,230.86,230.89
07/15/2026,10:38,230.87,230.99,230.87,230.99,230.89,231.02,230.89,231.02
07/15/2026,10:39,230.98,230.98,230.97,230.97,231,231.01,231,231.01
07/15/2026,10:40,230.95,231.02,230.95,231,230.99,231.05,230.99,231.03
07/15/2026,10:41,231.02,231.02,231,231,231.06,231.06,231.04,231.04
07/15/2026,10:42,230.98,231.01,230.96,230.97,231.03,231.04,230.98,230.98
07/15/2026,10:43,230.93,231.03,230.93,231.03,230.97,231.04,230.97,231.04
07/15/2026,10:44,231.01,231.01,231,231,231.03,231.04,231.03,231.04
07/15/2026,10:45,230.95,230.95,230.89,230.89,230.97,230.97,230.92,230.92
07/15/2026,10:46,230.85,230.86,230.84,230.84,230.88,230.89,230.88,230.88
07/15/2026,10:47,230.83,230.83,230.82,230.82,230.88,230.88,230.84,230.84
07/15/2026,10:48,230.83,230.83,230.83,230.83,230.88,230.88,230.88,230.88
07/15/2026,10:50,230.87,230.88,230.85,230.85,230.9,230.93,230.9,230.92
07/15/2026,10:51,230.81,230.81,230.78,230.78,230.86,230.86,230.84,230.84
07/15/2026,10:52,230.82,230.82,230.8,230.8,230.84,230.84,230.82,230.82
07/15/2026,10:53,230.74,230.78,230.74,230.74,230.79,230.82,230.77,230.78
07/15/2026,10:54,230.74,230.79,230.74,230.79,230.77,230.83,230.77,230.83
07/15/2026,10:55,230.8,230.8,230.77,230.77,230.83,230.83,230.82,230.82
07/15/2026,10:57,230.86,230.91,230.86,230.91,230.92,230.95,230.92,230.95
07/15/2026,10:58,230.88,230.91,230.88,230.89,230.93,230.95,230.93,230.94
07/15/2026,10:59,230.89,230.95,230.89,230.95,230.94,231,230.94,231
07/15/2026,11:00,230.96,230.98,230.96,230.96,231.01,231.03,231.01,231.03
07/15/2026,11:01,230.92,230.92,230.92,230.92,230.99,230.99,230.99,230.99
07/15/2026,11:02,230.92,230.92,230.92,230.92,230.97,230.97,230.97,230.97
07/15/2026,11:03,230.92,230.92,230.92,230.92,230.98,230.98,230.98,230.98
07/15/2026,11:04,230.87,230.87,230.87,230.87,230.92,230.94,230.92,230.94
07/15/2026,11:05,230.87,230.87,230.84,230.84,230.92,230.92,230.9,230.9
07/15/2026,11:06,230.86,230.89,230.86,230.88,230.95,230.95,230.92,230.93
07/15/2026,11:07,230.85,230.85,230.85,230.85,230.88,230.88,230.88,230.88
07/15/2026,11:08,230.93,230.93,230.93,230.93,230.99,230.99,230.99,230.99
07/15/2026,11:09,230.96,230.96,230.9,230.9,230.99,230.99,230.96,230.96
07/15/2026,11:11,230.83,230.84,230.83,230.84,230.86,230.86,230.86,230.86
07/15/2026,11:14,230.78,230.78,230.78,230.78,230.84,230.84,230.84,230.84
07/15/2026,11:15,230.71,230.71,230.68,230.68,230.75,230.75,230.72,230.72
07/15/2026,11:16,230.67,230.67,230.67,230.67,230.73,230.73,230.73,230.73
07/15/2026,11:17,230.63,230.76,230.61,230.76,230.67,230.79,230.67,230.79
07/15/2026,11:18,230.77,230.77,230.74,230.75,230.8,230.8,230.79,230.79
07/15/2026,11:19,230.82,230.83,230.77,230.77,230.88,230.88,230.83,230.83
07/15/2026,11:20,230.78,230.82,230.78,230.82,230.83,230.85,230.83,230.85
07/15/2026,11:21,230.75,230.75,230.75,230.75,230.79,230.79,230.79,230.79
07/15/2026,11:22,230.73,230.74,230.73,230.73,230.75,230.77,230.75,230.77
07/15/2026,11:23,230.73,230.75,230.68,230.7,230.76,230.78,230.75,230.77
07/15/2026,11:24,230.73,230.73,230.69,230.71,230.76,230.76,230.74,230.74
07/15/2026,11:25,230.71,230.71,230.64,230.67,230.73,230.73,230.69,230.7
07/15/2026,11:26,230.68,230.68,230.63,230.67,230.71,230.71,230.67,230.69
07/15/2026,11:27,230.65,230.66,230.59,230.59,230.7,230.7,230.62,230.62
07/15/2026,11:28,230.63,230.63,230.58,230.58,230.65,230.65,230.63,230.63
07/15/2026,11:29,230.58,230.64,230.58,230.64,230.64,230.66,230.64,230.66
07/15/2026,11:30,230.62,230.62,230.55,230.55,230.64,230.64,230.6,230.6
07/15/2026,11:31,230.61,230.66,230.61,230.66,230.63,230.68,230.62,230.68
07/15/2026,11:32,230.67,230.7,230.64,230.7,230.69,230.71,230.66,230.71
07/15/2026,11:33,230.7,230.7,230.7,230.7,230.72,230.72,230.72,230.72
07/15/2026,11:34,230.68,230.68,230.68,230.68,230.69,230.69,230.69,230.69
07/15/2026,11:35,230.63,230.64,230.63,230.64,230.68,230.68,230.65,230.67
07/15/2026,11:36,230.64,230.68,230.62,230.62,230.7,230.71,230.67,230.68
07/15/2026,11:37,230.61,230.65,230.59,230.63,230.67,230.69,230.62,230.66
07/15/2026,11:38,230.62,230.66,230.62,230.66,230.65,230.68,230.65,230.68
07/15/2026,11:39,230.67,230.67,230.65,230.65,230.69,230.69,230.67,230.67
07/15/2026,11:40,230.64,230.66,230.61,230.61,230.68,230.69,230.66,230.66
07/15/2026,11:41,230.6,230.62,230.57,230.61,230.64,230.65,230.62,230.63
07/15/2026,11:42,230.59,230.59,230.51,230.56,230.61,230.61,230.55,230.59
07/15/2026,11:43,230.54,230.54,230.54,230.54,230.56,230.56,230.56,230.56
07/15/2026,11:44,230.51,230.54,230.51,230.54,230.56,230.58,230.55,230.58
07/15/2026,11:45,230.55,230.55,230.55,230.55,230.57,230.57,230.57,230.57
07/15/2026,11:46,230.52,230.57,230.52,230.57,230.58,230.6,230.58,230.6
07/15/2026,11:47,230.59,230.59,230.49,230.49,230.62,230.62,230.53,230.53
07/15/2026,11:48,230.5,230.51,230.49,230.51,230.53,230.55,230.53,230.54
07/15/2026,11:49,230.51,230.54,230.45,230.45,230.54,230.57,230.5,230.51
07/15/2026,11:50,230.44,230.44,230.4,230.4,230.46,230.46,230.45,230.46
07/15/2026,11:51,230.42,230.42,230.42,230.42,230.45,230.45,230.45,230.45
07/15/2026,11:52,230.48,230.48,230.48,230.48,230.53,230.53,230.53,230.53
07/15/2026,11:53,230.49,230.49,230.44,230.44,230.52,230.52,230.49,230.49
07/15/2026,11:54,230.45,230.5,230.45,230.46,230.49,230.54,230.49,230.52
07/15/2026,11:55,230.5,230.5,230.45,230.45,230.51,230.51,230.5,230.5
07/15/2026,11:56,230.41,230.41,230.34,230.34,230.43,230.43,230.38,230.38
07/15/2026,11:57,230.3,230.33,230.29,230.29,230.38,230.38,230.34,230.34
07/15/2026,11:58,230.35,230.35,230.35,230.35,230.37,230.37,230.37,230.37
07/15/2026,12:00,230.34,230.34,230.29,230.29,230.4,230.4,230.35,230.35
07/15/2026,12:01,230.28,230.28,230.25,230.25,230.33,230.33,230.31,230.31
07/15/2026,12:02,230.24,230.27,230.24,230.27,230.31,230.32,230.31,230.32
07/15/2026,12:03,230.27,230.27,230.24,230.24,230.32,230.32,230.29,230.3
07/15/2026,12:04,230.28,230.32,230.28,230.32,230.33,230.35,230.33,230.35
07/15/2026,12:05,230.27,230.27,230.25,230.25,230.33,230.33,230.32,230.32
07/15/2026,12:06,230.27,230.3,230.25,230.27,230.32,230.33,230.29,230.29
07/15/2026,12:07,230.3,230.32,230.29,230.3,230.35,230.36,230.34,230.36
07/15/2026,12:09,230.26,230.31,230.26,230.31,230.31,230.36,230.31,230.36
07/15/2026,12:11,230.27,230.29,230.27,230.28,230.33,230.33,230.29,230.31
07/15/2026,12:12,230.25,230.25,230.25,230.25,230.32,230.32,230.32,230.32
07/15/2026,12:13,230.29,230.3,230.27,230.27,230.32,230.33,230.32,230.33
07/15/2026,12:14,230.27,230.27,230.16,230.2,230.3,230.3,230.22,230.22
07/15/2026,12:15,230.13,230.17,230.13,230.16,230.16,230.21,230.16,230.2
07/15/2026,12:16,230.15,230.15,230.14,230.14,230.18,230.18,230.17,230.18
07/15/2026,12:17,230.12,230.13,230.07,230.13,230.16,230.17,230.12,230.17
07/15/2026,12:18,230.12,230.12,230.08,230.11,230.15,230.15,230.14,230.14
07/15/2026,12:19,230.11,230.11,230.04,230.04,230.14,230.14,230.1,230.1
07/15/2026,12:20,230.04,230.05,230.04,230.04,230.1,230.12,230.07,230.07
07/15/2026,12:21,230.02,230.07,230.02,230.07,230.05,230.1,230.05,230.1
07/15/2026,12:22,230.06,230.07,230.06,230.07,230.11,230.13,230.11,230.13
07/15/2026,12:23,230.06,230.14,230.06,230.1,230.11,230.16,230.11,230.14
07/15/2026,12:24,230.08,230.1,230.08,230.1,230.11,230.13,230.11,230.13
07/15/2026,12:25,230.1,230.1,230.04,230.04,230.12,230.12,230.08,230.08
07/15/2026,12:26,230.06,230.06,230.05,230.05,230.11,230.12,230.11,230.12
07/15/2026,12:27,230.08,230.08,230.04,230.04,230.09,230.09,230.07,230.07
07/15/2026,12:28,230.04,230.04,230.03,230.03,230.06,230.1,230.06,230.1
07/15/2026,12:29,230.04,230.07,230.04,230.07,230.08,230.1,230.08,230.1
07/15/2026,12:31,230.1,230.16,230.1,230.16,230.16,230.19,230.16,230.18
07/15/2026,12:32,230.15,230.2,230.15,230.18,230.19,230.23,230.19,230.23
07/15/2026,12:33,230.19,230.21,230.19,230.2,230.23,230.23,230.21,230.21
07/15/2026,12:34,230.17,230.21,230.17,230.21,230.21,230.24,230.21,230.24
07/15/2026,12:35,230.17,230.17,230.14,230.14,230.19,230.19,230.16,230.16
07/15/2026,12:36,230.14,230.21,230.14,230.21,230.21,230.24,230.2,230.24
07/15/2026,12:37,230.21,230.24,230.21,230.24,230.25,230.28,230.25,230.27
07/15/2026,12:38,230.24,230.24,230.22,230.22,230.27,230.28,230.27,230.28
07/15/2026,12:39,230.2,230.21,230.2,230.21,230.24,230.24,230.23,230.24
07/15/2026,12:40,230.16,230.16,230.12,230.16,230.17,230.18,230.17,230.18
07/15/2026,12:41,230.18,230.22,230.16,230.16,230.19,230.24,230.17,230.18
07/15/2026,12:42,230.15,230.16,230.13,230.16,230.17,230.17,230.14,230.17
07/15/2026,12:43,230.15,230.17,230.14,230.17,230.17,230.19,230.16,230.19
07/15/2026,12:44,230.27,230.27,230.27,230.27,230.31,230.31,230.31,230.31
07/15/2026,12:45,230.3,230.3,230.3,230.3,230.32,230.32,230.32,230.32
07/15/2026,12:46,230.25,230.51,230.25,230.34,230.29,230.59,230.28,230.38
07/15/2026,12:47,230.29,230.36,230.29,230.34,230.37,230.4,230.36,230.38
07/15/2026,12:48,230.38,230.38,230.35,230.36,230.4,230.42,230.39,230.4
07/15/2026,12:49,230.34,230.34,230.34,230.34,230.37,230.39,230.37,230.39
07/15/2026,12:50,230.42,230.45,230.42,230.45,230.45,230.47,230.45,230.47
07/15/2026,12:52,230.4,230.4,230.4,230.4,230.41,230.41,230.41,230.41
07/15/2026,12:53,230.35,230.35,230.33,230.33,230.38,230.38,230.38,230.38
07/15/2026,12:54,230.35,230.35,230.31,230.31,230.38,230.38,230.34,230.35
07/15/2026,12:55,230.33,230.33,230.29,230.29,230.34,230.34,230.32,230.32
07/15/2026,12:56,230.31,230.33,230.31,230.33,230.33,230.37,230.33,230.37
07/15/2026,12:57,230.28,230.28,230.28,230.28,230.32,230.32,230.32,230.32
07/15/2026,12:58,230.29,230.31,230.29,230.31,230.31,230.36,230.31,230.36
07/15/2026,12:59,230.37,230.37,230.37,230.37,230.38,230.38,230.38,230.38
07/15/2026,13:00,230.37,230.41,230.37,230.38,230.43,230.44,230.42,230.42
07/15/2026,13:01,230.39,230.39,230.37,230.37,230.44,230.44,230.42,230.42
07/15/2026,13:03,230.38,230.38,230.36,230.36,230.39,230.4,230.38,230.38
07/15/2026,13:04,230.35,230.36,230.35,230.36,230.37,230.38,230.37,230.38
07/15/2026,13:05,230.35,230.35,230.35,230.35,230.36,230.38,230.36,230.38
07/15/2026,13:06,230.33,230.33,230.33,230.33,230.36,230.36,230.36,230.36
07/15/2026,13:07,230.31,230.36,230.31,230.36,230.35,230.39,230.35,230.39
07/15/2026,13:09,230.24,230.24,230.24,230.24,230.27,230.27,230.27,230.27
07/15/2026,13:10,230.25,230.29,230.25,230.29,230.26,230.3,230.26,230.3
07/15/2026,13:11,230.27,230.29,230.27,230.29,230.3,230.3,230.3,230.3
07/15/2026,13:13,230.2,230.2,230.2,230.2,230.25,230.25,230.25,230.25
07/15/2026,13:15,230.21,230.21,230.21,230.21,230.23,230.23,230.23,230.23
07/15/2026,13:16,230.2,230.2,230.19,230.19,230.22,230.22,230.2,230.2
07/15/2026,13:17,230.21,230.21,230.2,230.2,230.26,230.26,230.24,230.24
07/15/2026,13:18,230.17,230.18,230.17,230.18,230.21,230.22,230.21,230.22
07/15/2026,13:19,230.18,230.18,230.18,230.18,230.23,230.23,230.23,230.23
07/15/2026,13:20,230.2,230.2,230.2,230.2,230.22,230.23,230.22,230.23
07/15/2026,13:22,230.13,230.16,230.13,230.16,230.18,230.19,230.18,230.19
07/15/2026,13:23,230.17,230.17,230.17,230.17,230.19,230.2,230.19,230.2
07/15/2026,13:25,230.24,230.24,230.23,230.24,230.26,230.26,230.26,230.26
07/15/2026,13:26,230.25,230.25,230.24,230.24,230.27,230.27,230.26,230.26
07/15/2026,13:28,230.24,230.24,230.23,230.23,230.26,230.26,230.24,230.24
07/15/2026,13:29,230.28,230.28,230.28,230.28,230.3,230.3,230.3,230.3
07/15/2026,13:30,230.28,230.3,230.28,230.3,230.32,230.33,230.31,230.33
07/15/2026,13:31,230.31,230.31,230.31,230.31,230.33,230.33,230.33,230.33
07/15/2026,13:32,230.29,230.32,230.27,230.32,230.32,230.33,230.3,230.33
07/15/2026,13:33,230.3,230.39,230.29,230.39,230.32,230.41,230.32,230.41
07/15/2026,13:34,230.35,230.37,230.35,230.37,230.4,230.41,230.39,230.4
07/15/2026,13:35,230.38,230.42,230.38,230.42,230.43,230.46,230.43,230.46
07/15/2026,13:36,230.44,230.46,230.44,230.45,230.49,230.5,230.49,230.5
07/15/2026,13:37,230.47,230.47,230.44,230.44,230.49,230.5,230.49,230.5
07/15/2026,13:38,230.48,230.51,230.45,230.51,230.5,230.53,230.49,230.53
07/15/2026,13:39,230.46,230.48,230.46,230.46,230.51,230.51,230.5,230.5
07/15/2026,13:40,230.48,230.48,230.43,230.44,230.51,230.51,230.45,230.48
07/15/2026,13:41,230.48,230.48,230.41,230.41,230.49,230.49,230.44,230.46
07/15/2026,13:42,230.42,230.46,230.42,230.43,230.45,230.48,230.45,230.46
07/15/2026,13:43,230.43,230.45,230.42,230.42,230.46,230.47,230.45,230.45
07/15/2026,13:44,230.43,230.43,230.42,230.43,230.45,230.45,230.44,230.45
07/15/2026,13:46,230.47,230.48,230.47,230.48,230.49,230.51,230.49,230.51
07/15/2026,13:47,230.53,230.54,230.53,230.54,230.54,230.59,230.54,230.58
07/15/2026,13:48,230.54,230.54,230.54,230.54,230.57,230.57,230.57,230.57
07/15/2026,13:49,230.47,230.47,230.47,230.47,230.5,230.5,230.5,230.5
07/15/2026,13:50,230.51,230.51,230.5,230.5,230.54,230.54,230.52,230.52
07/15/2026,13:51,230.44,230.44,230.4,230.44,230.46,230.46,230.44,230.46
07/15/2026,13:52,230.46,230.47,230.46,230.47,230.48,230.5,230.48,230.5
07/15/2026,13:53,230.5,230.5,230.5,230.5,230.54,230.54,230.54,230.54
07/15/2026,13:55,230.5,230.52,230.5,230.52,230.55,230.55,230.54,230.54
07/15/2026,13:56,230.49,230.5,230.47,230.48,230.52,230.53,230.51,230.52
07/15/2026,13:57,230.46,230.51,230.46,230.51,230.49,230.53,230.49,230.53
07/15/2026,13:58,230.46,230.47,230.46,230.47,230.51,230.51,230.49,230.49
07/15/2026,13:59,230.45,230.45,230.45,230.45,230.47,230.47,230.47,230.47
07/15/2026,14:01,230.39,230.39,230.39,230.39,230.45,230.45,230.45,230.45
07/15/2026,14:02,230.43,230.43,230.43,230.43,230.46,230.46,230.46,230.46
07/15/2026,14:03,230.42,230.42,230.42,230.42,230.45,230.45,230.45,230.45
07/15/2026,14:04,230.44,230.44,230.44,230.44,230.48,230.48,230.48,230.48
07/15/2026,14:06,230.42,230.42,230.42,230.42,230.43,230.43,230.43,230.43
07/15/2026,14:07,230.44,230.45,230.43,230.43,230.45,230.49,230.45,230.46
07/15/2026,14:08,230.41,230.42,230.41,230.42,230.44,230.44,230.43,230.43
07/15/2026,14:09,230.43,230.43,230.41,230.41,230.45,230.45,230.43,230.43
07/15/2026,14:11,230.4,230.42,230.39,230.39,230.42,230.45,230.42,230.45
07/15/2026,14:13,230.43,230.43,230.4,230.4,230.45,230.45,230.43,230.43
07/15/2026,14:14,230.39,230.39,230.36,230.37,230.41,230.41,230.39,230.39
07/15/2026,14:15,230.37,230.37,230.35,230.36,230.4,230.4,230.37,230.38
07/15/2026,14:16,230.37,230.37,230.31,230.35,230.4,230.4,230.37,230.39
07/15/2026,14:17,230.37,230.39,230.37,230.37,230.39,230.42,230.39,230.39
07/15/2026,14:18,230.35,230.38,230.34,230.38,230.38,230.4,230.37,230.39
07/15/2026,14:19,230.37,230.38,230.33,230.33,230.38,230.4,230.35,230.35
07/15/2026,14:20,230.33,230.35,230.31,230.35,230.35,230.37,230.35,230.37
07/15/2026,14:21,230.35,230.35,230.34,230.35,230.37,230.37,230.36,230.37
07/15/2026,14:22,230.33,230.33,230.32,230.32,230.35,230.35,230.34,230.34
07/15/2026,14:23,230.29,230.33,230.28,230.3,230.33,230.35,230.32,230.34
07/15/2026,14:24,230.32,230.32,230.32,230.32,230.34,230.34,230.34,230.34
07/15/2026,14:25,230.34,230.34,230.32,230.33,230.35,230.36,230.35,230.36
07/15/2026,14:26,230.3,230.3,230.3,230.3,230.33,230.33,230.33,230.33
07/15/2026,14:27,230.3,230.34,230.3,230.34,230.32,230.35,230.32,230.35
07/15/2026,14:29,230.36,230.39,230.36,230.38,230.4,230.4,230.4,230.4
07/15/2026,14:30,230.38,230.38,230.35,230.37,230.39,230.39,230.38,230.39
07/15/2026,14:31,230.38,230.4,230.38,230.4,230.4,230.42,230.4,230.42
07/15/2026,14:32,230.44,230.46,230.44,230.46,230.45,230.48,230.45,230.48
07/15/2026,14:33,230.45,230.45,230.44,230.44,230.47,230.48,230.47,230.48
07/15/2026,14:34,230.44,230.49,230.44,230.48,230.47,230.51,230.47,230.51
07/15/2026,14:35,230.48,230.48,230.44,230.44,230.49,230.49,230.45,230.45
07/15/2026,14:36,230.43,230.44,230.43,230.44,230.45,230.46,230.45,230.46
07/15/2026,14:37,230.42,230.42,230.42,230.42,230.43,230.44,230.43,230.44
07/15/2026,14:38,230.43,230.43,230.41,230.41,230.45,230.45,230.43,230.43
07/15/2026,14:39,230.43,230.43,230.43,230.43,230.45,230.46,230.45,230.46
07/15/2026,14:40,230.45,230.45,230.44,230.44,230.46,230.49,230.46,230.47
07/15/2026,14:41,230.43,230.43,230.42,230.43,230.45,230.45,230.44,230.45
07/15/2026,14:42,230.41,230.41,230.36,230.38,230.42,230.43,230.4,230.41
07/15/2026,14:43,230.38,230.38,230.38,230.38,230.39,230.39,230.39,230.39
07/15/2026,14:44,230.38,230.38,230.32,230.32,230.39,230.39,230.37,230.37
07/15/2026,14:45,230.33,230.33,230.29,230.29,230.35,230.35,230.33,230.33
07/15/2026,14:46,230.3,230.3,230.11,230.21,230.3,230.31,230.2,230.22
07/15/2026,14:47,230.21,230.25,230.21,230.24,230.25,230.29,230.25,230.28
07/15/2026,14:48,230.24,230.24,230.23,230.23,230.27,230.27,230.26,230.26
07/15/2026,14:49,230.21,230.22,230.21,230.22,230.24,230.25,230.24,230.25
07/15/2026,14:50,230.22,230.22,230.21,230.21,230.24,230.24,230.24,230.24
07/15/2026,14:51,230.22,230.22,230.17,230.19,230.24,230.24,230.21,230.23
07/15/2026,14:52,230.19,230.2,230.19,230.2,230.23,230.23,230.23,230.23
07/15/2026,14:53,230.18,230.19,230.18,230.19,230.21,230.22,230.2,230.21
07/15/2026,14:54,230.21,230.22,230.21,230.22,230.24,230.25,230.23,230.25
07/15/2026,14:55,230.18,230.22,230.18,230.22,230.22,230.24,230.22,230.24
07/15/2026,14:56,230.16,230.18,230.16,230.18,230.21,230.21,230.2,230.2
07/15/2026,14:58,230.19,230.19,230.19,230.19,230.21,230.22,230.21,230.22
07/15/2026,14:59,230.2,230.2,230.2,230.2,230.21,230.21,230.21,230.21
07/15/2026,15:00,230.19,230.19,230.12,230.12,230.2,230.2,230.15,230.17
07/15/2026,15:01,230.14,230.14,230.14,230.14,230.16,230.16,230.15,230.15
07/15/2026,15:02,230.17,230.17,230.17,230.17,230.19,230.19,230.18,230.18
07/15/2026,15:03,230.15,230.15,230.11,230.11,230.16,230.18,230.12,230.12
07/15/2026,15:04,230.09,230.09,230.06,230.06,230.11,230.11,230.08,230.1
07/15/2026,15:05,230.08,230.09,230.06,230.06,230.1,230.11,230.09,230.09
07/15/2026,15:06,230.05,230.06,230.05,230.06,230.08,230.08,230.08,230.08
07/15/2026,15:07,230.09,230.09,230.09,230.09,230.1,230.11,230.1,230.11
07/15/2026,15:08,230.11,230.12,230.1,230.1,230.13,230.14,230.11,230.11
07/15/2026,15:09,230.08,230.1,230.07,230.09,230.13,230.13,230.11,230.11
07/15/2026,15:10,230.08,230.1,230.08,230.09,230.11,230.13,230.11,230.13
07/15/2026,15:11,230.09,230.11,230.09,230.11,230.11,230.13,230.11,230.13
07/15/2026,15:12,230.12,230.15,230.11,230.15,230.14,230.18,230.14,230.17
07/15/2026,15:13,230.18,230.18,230.13,230.16,230.21,230.22,230.18,230.18
07/15/2026,15:14,230.16,230.17,230.16,230.17,230.21,230.21,230.2,230.21
07/15/2026,15:15,230.19,230.19,230.18,230.18,230.22,230.22,230.21,230.21
07/15/2026,15:16,230.18,230.18,230.16,230.16,230.21,230.21,230.21,230.21
07/15/2026,15:17,230.16,230.16,230.16,230.16,230.21,230.21,230.21,230.21
07/15/2026,15:18,230.17,230.21,230.17,230.21,230.21,230.25,230.21,230.25
07/15/2026,15:19,230.22,230.23,230.18,230.18,230.25,230.25,230.22,230.22
07/15/2026,15:20,230.18,230.18,230.15,230.17,230.23,230.23,230.19,230.19
07/15/2026,15:21,230.17,230.2,230.15,230.2,230.19,230.23,230.17,230.23
07/15/2026,15:23,230.2,230.2,230.2,230.2,230.23,230.23,230.23,230.23
07/15/2026,15:24,230.18,230.18,230.18,230.18,230.2,230.2,230.2,230.2
07/15/2026,15:25,230.19,230.19,230.18,230.18,230.22,230.22,230.22,230.22
07/15/2026,15:26,230.2,230.2,230.19,230.19,230.22,230.22,230.22,230.22
07/15/2026,15:27,230.21,230.21,230.21,230.21,230.24,230.24,230.23,230.23
07/15/2026,15:28,230.19,230.19,230.19,230.19,230.23,230.23,230.23,230.23
07/15/2026,15:29,230.14,230.16,230.14,230.16,230.18,230.18,230.17,230.18
07/15/2026,15:30,230.15,230.16,230.13,230.14,230.18,230.19,230.16,230.17
07/15/2026,15:31,230.12,230.17,230.12,230.17,230.15,230.21,230.15,230.21
07/15/2026,15:32,230.19,230.19,230.06,230.06,230.2,230.22,230.09,230.1
07/15/2026,15:33,230.12,230.12,230.11,230.12,230.14,230.16,230.14,230.16
07/15/2026,15:34,230.09,230.09,230.04,230.04,230.1,230.1,230.05,230.05
07/15/2026,15:35,230,230.07,230,230.07,230.03,230.11,230.03,230.11
07/15/2026,15:36,230.03,230.03,230,230,230.08,230.08,230.01,230.01
07/15/2026,15:37,229.98,229.98,229.95,229.96,230.02,230.02,229.99,230.01
07/15/2026,15:38,229.98,229.98,229.98,229.98,230.01,230.02,230.01,230.02
07/15/2026,15:39,230.03,230.03,230.03,230.03,230.07,230.07,230.07,230.07
07/15/2026,15:40,229.98,230.02,229.98,230.02,230.02,230.07,230.02,230.07
07/15/2026,15:41,230.02,230.02,230.02,230.02,230.05,230.05,230.05,230.05
07/15/2026,15:42,230.02,230.02,230.02,230.02,230.05,230.05,230.04,230.04
07/15/2026,15:43,230.08,230.08,230.05,230.05,230.11,230.11,230.11,230.11
07/15/2026,15:44,230.07,230.07,230.07,230.07,230.12,230.12,230.12,230.12
07/15/2026,15:46,230.08,230.08,230.08,230.08,230.1,230.1,230.1,230.1
07/15/2026,15:48,230.05,230.05,230.05,230.05,230.08,230.08,230.08,230.08
07/15/2026,15:50,230.06,230.1,230.04,230.1,230.1,230.11,230.09,230.11
07/15/2026,15:51,230.11,230.12,230.09,230.12,230.13,230.15,230.12,230.15
07/15/2026,15:52,230.15,230.15,230.15,230.15,230.17,230.17,230.17,230.17
07/15/2026,15:53,230.16,230.16,230.13,230.16,230.18,230.21,230.16,230.21
07/15/2026,15:54,230.18,230.21,230.18,230.21,230.2,230.24,230.2,230.24
07/15/2026,15:55,230.21,230.22,230.18,230.18,230.23,230.24,230.21,230.22
07/15/2026,15:56,230.17,230.19,230.17,230.18,230.2,230.22,230.2,230.2
07/15/2026,15:57,230.18,230.2,230.18,230.2,230.21,230.23,230.2,230.23
07/15/2026,15:58,230.19,230.27,230.19,230.27,230.22,230.3,230.22,230.29
07/15/2026,15:59,230.28,230.33,230.21,230.29,230.3,230.36,230.25,230.33
07/16/2026,09:30,230.75,230.85,230.75,230.85,231.01,231.03,231.01,231.03
07/16/2026,09:31,230.76,230.89,230.76,230.89,230.88,231,230.88,231
07/16/2026,09:32,231.04,231.08,231.04,231.08,231.1,231.17,231.1,231.17
07/16/2026,09:34,231.15,231.15,231.15,231.15,231.27,231.27,231.26,231.26
07/16/2026,09:35,231.25,231.25,231.25,231.25,231.34,231.34,231.34,231.34
07/16/2026,09:37,231.37,231.37,231.36,231.36,231.44,231.44,231.42,231.42
07/16/2026,09:38,231.31,231.31,231.29,231.29,231.39,231.39,231.33,231.33
07/16/2026,09:39,231.29,231.29,231.29,231.29,231.37,231.37,231.37,231.37
07/16/2026,09:40,231.39,231.39,231.38,231.38,231.46,231.46,231.43,231.43
07/16/2026,09:41,231.38,231.38,231.38,231.38,231.46,231.46,231.46,231.46
07/16/2026,09:42,231.46,231.46,231.46,231.46,231.51,231.51,231.51,231.51
07/16/2026,09:43,231.6,231.6,231.6,231.6,231.69,231.69,231.69,231.69
07/16/2026,09:45,231.73,231.76,231.73,231.76,231.8,231.84,231.8,231.84
07/16/2026,09:46,231.78,231.78,231.78,231.78,231.84,231.84,231.84,231.84
07/16/2026,09:49,231.53,231.53,231.53,231.53,231.6,231.6,231.6,231.6
07/16/2026,09:51,231.8,231.8,231.78,231.78,231.85,231.85,231.83,231.83
07/16/2026,09:52,231.74,231.74,231.73,231.73,231.78,231.8,231.78,231.8
07/16/2026,09:53,231.75,231.75,231.71,231.71,231.8,231.8,231.77,231.77
07/16/2026,09:54,231.73,231.73,231.7,231.7,231.75,231.75,231.75,231.75
07/16/2026,09:55,231.66,231.66,231.62,231.62,231.74,231.74,231.68,231.68
07/16/2026,09:57,231.59,231.6,231.59,231.6,231.66,231.66,231.64,231.64
07/16/2026,09:58,231.63,231.7,231.63,231.7,231.71,231.76,231.71,231.76
07/16/2026,09:59,231.74,231.74,231.74,231.74,231.82,231.82,231.82,231.82
07/16/2026,10:00,231.75,231.75,231.75,231.75,231.95,231.95,231.95,231.95
07/16/2026,10:01,231.84,231.84,231.84,231.84,231.9,231.9,231.9,231.9
07/16/2026,10:02,231.79,231.79,231.74,231.74,231.82,231.82,231.78,231.78
07/16/2026,10:03,231.73,231.73,231.73,231.73,231.76,231.76,231.76,231.76
07/16/2026,10:04,231.76,231.76,231.76,231.76,231.8,231.8,231.8,231.8
07/16/2026,10:05,231.81,231.85,231.81,231.85,231.84,231.89,231.84,231.89
07/16/2026,10:06,231.8,231.8,231.77,231.77,231.85,231.85,231.81,231.81
07/16/2026,10:07,231.77,231.8,231.77,231.8,231.81,231.82,231.81,231.82
07/16/2026,10:08,231.82,231.82,231.8,231.81,231.84,231.85,231.83,231.85
07/16/2026,10:09,231.8,231.8,231.78,231.78,231.84,231.86,231.83,231.83
07/16/2026,10:10,231.85,231.85,231.79,231.8,231.87,231.87,231.84,231.86
07/16/2026,10:11,231.82,231.84,231.81,231.82,231.85,231.89,231.85,231.88
07/16/2026,10:12,231.8,231.8,231.71,231.71,231.84,231.84,231.76,231.76
07/16/2026,10:13,231.71,231.71,231.71,231.71,231.76,231.76,231.76,231.76
07/16/2026,10:14,231.69,231.73,231.69,231.73,231.75,231.78,231.75,231.78
07/16/2026,10:15,231.67,231.67,231.67,231.67,231.72,231.72,231.72,231.72
07/16/2026,10:16,231.6,231.6,231.6,231.6,231.66,231.66,231.64,231.64
07/16/2026,10:17,231.59,231.61,231.59,231.61,231.63,231.64,231.62,231.64
07/16/2026,10:21,231.8,231.8,231.8,231.8,231.84,231.84,231.84,231.84
07/16/2026,10:23,231.86,231.87,231.86,231.87,231.91,231.91,231.91,231.91
07/16/2026,10:24,231.82,231.89,231.82,231.89,231.86,231.93,231.86,231.93
07/16/2026,10:26,231.92,231.92,231.92,231.92,231.96,231.96,231.96,231.96
07/16/2026,10:28,231.9,231.91,231.9,231.91,231.95,231.97,231.95,231.97
07/16/2026,10:29,231.87,231.87,231.87,231.87,231.91,231.91,231.91,231.91
07/16/2026,10:30,231.87,231.87,231.87,231.87,231.91,231.91,231.91,231.91
07/16/2026,10:31,231.88,231.88,231.85,231.85,231.92,231.92,231.9,231.9
07/16/2026,10:32,231.86,231.86,231.86,231.86,231.89,231.89,231.89,231.89
07/16/2026,10:33,231.85,231.85,231.8,231.8,231.89,231.89,231.83,231.83
07/16/2026,10:34,231.8,231.8,231.8,231.8,231.85,231.85,231.85,231.85
07/16/2026,10:35,231.8,231.8,231.79,231.79,231.83,231.84,231.82,231.82
07/16/2026,10:36,231.79,231.79,231.75,231.77,231.82,231.82,231.79,231.81
07/16/2026,10:37,231.74,231.74,231.72,231.72,231.78,231.78,231.74,231.74
07/16/2026,10:38,231.7,231.7,231.66,231.66,231.74,231.74,231.69,231.69
07/16/2026,10:39,231.68,231.71,231.68,231.71,231.72,231.72,231.72,231.72
07/16/2026,10:40,231.77,231.81,231.74,231.81,231.8,231.85,231.8,231.85
07/16/2026,10:41,231.83,231.86,231.83,231.86,231.86,231.9,231.86,231.9
07/16/2026,10:42,231.91,231.91,231.91,231.91,231.95,231.95,231.95,231.95
07/16/2026,10:43,231.89,231.9,231.89,231.9,231.93,231.93,231.92,231.92
07/16/2026,10:44,231.98,231.98,231.98,231.98,232.02,232.02,232.02,232.02
07/16/2026,10:46,232.06,232.06,232.06,232.06,232.1,232.1,232.1,232.1
07/16/2026,10:48,231.98,231.98,231.98,231.98,232,232,232,232
07/16/2026,10:49,231.96,232,231.96,232,232,232.04,232,232.04
07/16/2026,10:50,232.12,232.12,232.12,232.12,232.15,232.15,232.15,232.15
07/16/2026,10:51,232.12,232.12,232.1,232.1,232.16,232.16,232.14,232.14
07/16/2026,10:52,232.09,232.12,232.09,232.12,232.11,232.15,232.11,232.15
07/16/2026,10:53,232.14,232.16,232.14,232.16,232.16,232.2,232.16,232.2
07/16/2026,10:55,232.23,232.23,232.22,232.22,232.27,232.27,232.26,232.26
07/16/2026,10:56,232.21,232.24,232.21,232.24,232.25,232.27,232.25,232.27
07/16/2026,10:57,232.2,232.2,232.17,232.17,232.23,232.23,232.21,232.21
07/16/2026,10:58,232.18,232.18,232.18,232.18,232.22,232.22,232.21,232.21
07/16/2026,10:59,232.21,232.21,232.15,232.2,232.25,232.25,232.2,232.23
07/16/2026,11:00,232.23,232.25,232.23,232.25,232.24,232.26,232.24,232.26
07/16/2026,11:01,232.22,232.22,232.19,232.19,232.23,232.23,232.21,232.21
07/16/2026,11:02,232.17,232.17,232.14,232.14,232.2,232.2,232.17,232.18
07/16/2026,11:03,232.13,232.13,232.13,232.13,232.16,232.16,232.16,232.16
07/16/2026,11:05,232.16,232.21,232.16,232.21,232.18,232.23,232.18,232.23
07/16/2026,11:06,232.21,232.21,232.2,232.2,232.22,232.23,232.22,232.23
07/16/2026,11:07,232.16,232.16,232.16,232.16,232.2,232.2,232.2,232.2
07/16/2026,11:08,232.14,232.14,232.11,232.11,232.15,232.15,232.15,232.15
07/16/2026,11:09,232.11,232.11,232.11,232.11,232.16,232.16,232.16,232.16
07/16/2026,11:10,232.18,232.19,232.18,232.19,232.22,232.23,232.22,232.23
07/16/2026,11:11,232.2,232.26,232.2,232.26,232.24,232.3,232.24,232.3
07/16/2026,11:12,232.24,232.24,232.24,232.24,232.29,232.29,232.29,232.29
07/16/2026,11:15,232.28,232.28,232.26,232.27,232.31,232.31,232.28,232.28
07/16/2026,11:16,232.2,232.2,232.2,232.2,232.24,232.24,232.24,232.24
07/16/2026,11:17,232.21,232.21,232.2,232.2,232.24,232.25,232.21,232.25
07/16/2026,11:18,232.24,232.26,232.24,232.26,232.25,232.28,232.25,232.28
07/16/2026,11:19,232.22,232.24,232.22,232.24,232.23,232.27,232.23,232.27
07/16/2026,11:20,232.22,232.22,232.22,232.22,232.25,232.25,232.23,232.24
07/16/2026,11:21,232.21,232.21,232.21,232.21,232.24,232.24,232.24,232.24
07/16/2026,11:22,232.16,232.16,232.16,232.16,232.18,232.19,232.18,232.18
07/16/2026,11:24,232.22,232.22,232.22,232.22,232.25,232.25,232.25,232.25
07/16/2026,11:27,232.35,232.38,232.35,232.37,232.38,232.4,232.38,232.38
07/16/2026,11:28,232.32,232.32,232.25,232.25,232.35,232.35,232.27,232.27
07/16/2026,11:32,232.24,232.27,232.24,232.27,232.26,232.29,232.26,232.28
07/16/2026,11:33,232.26,232.26,232.26,232.26,232.27,232.27,232.27,232.27
07/16/2026,11:34,232.28,232.28,232.26,232.26,232.29,232.29,232.29,232.29
07/16/2026,11:36,232.26,232.26,232.26,232.26,232.29,232.29,232.29,232.29
07/16/2026,11:37,232.21,232.21,232.21,232.21,232.25,232.25,232.25,232.25
07/16/2026,11:38,232.21,232.21,232.21,232.21,232.24,232.24,232.24,232.24
07/16/2026,11:39,232.24,232.25,232.24,232.25,232.27,232.28,232.27,232.28
07/16/2026,11:41,232.3,232.3,232.28,232.29,232.33,232.34,232.32,232.32
07/16/2026,11:42,232.26,232.26,232.26,232.26,232.28,232.28,232.28,232.28
07/16/2026,11:44,232.18,232.19,232.18,232.19,232.22,232.23,232.22,232.23
07/16/2026,11:45,232.16,232.16,232.16,232.16,232.2,232.2,232.2,232.2
07/16/2026,11:46,232.16,232.16,232.13,232.13,232.19,232.19,232.16,232.16
07/16/2026,11:47,232.15,232.15,232.15,232.15,232.18,232.18,232.18,232.18
07/16/2026,11:48,232.14,232.15,232.14,232.15,232.16,232.16,232.16,232.16
07/16/2026,11:49,232.1,232.1,232.1,232.1,232.13,232.13,232.13,232.13
07/16/2026,11:51,232.17,232.17,232.16,232.16,232.2,232.2,232.2,232.2
07/16/2026,11:53,232.13,232.13,232.13,232.13,232.16,232.16,232.16,232.16
07/16/2026,11:55,232.1,232.1,232.1,232.1,232.12,232.12,232.12,232.12
07/16/2026,11:57,232.04,232.06,232.04,232.06,232.08,232.1,232.08,232.1
07/16/2026,11:58,232.09,232.09,232.08,232.08,232.11,232.11,232.11,232.11
07/16/2026,12:00,232.05,232.07,232.04,232.06,232.07,232.09,232.07,232.09
07/16/2026,12:01,232.02,232.02,231.99,231.99,232.06,232.06,232.03,232.03
07/16/2026,12:02,231.99,232,231.99,232,232.02,232.03,232.02,232.03
07/16/2026,12:03,232,232.02,232,232.02,232.03,232.03,232.03,232.03
07/16/2026,12:04,232.04,232.04,232.02,232.02,232.06,232.06,232.05,232.05
07/16/2026,12:05,231.96,231.97,231.96,231.97,232,232,231.99,231.99
07/16/2026,12:06,231.94,232.01,231.94,232.01,231.98,232.03,231.98,232.03
07/16/2026,12:07,232.06,232.06,232.06,232.06,232.08,232.08,232.08,232.08
07/16/2026,12:08,232.05,232.05,232.05,232.05,232.08,232.08,232.07,232.08
07/16/2026,12:09,232.12,232.12,232.1,232.1,232.14,232.14,232.13,232.13
07/16/2026,12:10,232.03,232.03,232.03,232.03,232.05,232.05,232.05,232.05
07/16/2026,12:11,232.01,232.01,231.97,231.97,232.03,232.03,231.99,231.99
07/16/2026,12:13,231.91,231.91,231.91,231.91,231.93,231.94,231.93,231.94
07/16/2026,12:16,231.93,231.95,231.93,231.95,231.96,231.97,231.96,231.97
07/16/2026,12:17,231.94,231.94,231.94,231.94,231.98,231.98,231.98,231.98
07/16/2026,12:18,231.94,231.95,231.94,231.95,231.96,231.98,231.95,231.98
07/16/2026,12:19,231.87,231.87,231.87,231.87,231.91,231.91,231.91,231.91
07/16/2026,12:20,231.83,231.84,231.83,231.83,231.85,231.85,231.84,231.85
07/16/2026,12:21,231.85,231.85,231.84,231.84,231.86,231.87,231.86,231.87
07/16/2026,12:22,231.79,231.79,231.79,231.79,231.82,231.82,231.82,231.82
07/16/2026,12:23,231.82,231.82,231.82,231.82,231.83,231.84,231.83,231.84
07/16/2026,12:24,231.79,231.8,231.79,231.79,231.83,231.83,231.81,231.81
07/16/2026,12:27,231.81,231.81,231.81,231.81,231.84,231.84,231.84,231.84
07/16/2026,12:28,231.78,231.78,231.78,231.78,231.82,231.82,231.81,231.81
07/16/2026,12:30,231.77,231.78,231.77,231.78,231.82,231.82,231.81,231.81
07/16/2026,12:31,231.79,231.79,231.77,231.79,231.82,231.82,231.8,231.82
07/16/2026,12:32,231.81,231.83,231.81,231.83,231.82,231.86,231.82,231.86
07/16/2026,12:33,231.8,231.81,231.8,231.8,231.83,231.83,231.81,231.83
07/16/2026,12:34,231.77,231.77,231.77,231.77,231.8,231.8,231.8,231.8
07/16/2026,12:36,231.82,231.82,231.8,231.8,231.84,231.84,231.83,231.83
07/16/2026,12:37,231.83,231.84,231.83,231.84,231.85,231.86,231.85,231.86
07/16/2026,12:38,231.85,231.88,231.85,231.88,231.88,231.89,231.88,231.89
07/16/2026,12:40,231.81,231.82,231.81,231.82,231.84,231.85,231.84,231.85
07/16/2026,12:41,231.84,231.84,231.84,231.84,231.85,231.85,231.85,231.85
07/16/2026,12:43,231.78,231.79,231.77,231.79,231.81,231.81,231.8,231.81
07/16/2026,12:44,231.82,231.83,231.82,231.83,231.83,231.87,231.83,231.87
07/16/2026,12:45,231.84,231.84,231.84,231.84,231.86,231.86,231.86,231.86
07/16/2026,12:46,231.81,231.81,231.81,231.81,231.82,231.82,231.82,231.82
07/16/2026,12:47,231.83,231.83,231.83,231.83,231.85,231.85,231.85,231.85
07/16/2026,12:49,231.88,231.89,231.88,231.88,231.9,231.91,231.9,231.91
07/16/2026,12:51,231.9,231.95,231.9,231.95,231.92,231.97,231.92,231.97
07/16/2026,12:52,231.95,231.96,231.95,231.96,231.97,231.99,231.97,231.99
07/16/2026,12:53,231.94,231.94,231.93,231.93,231.97,231.97,231.96,231.96
07/16/2026,12:54,231.92,231.94,231.92,231.94,231.94,231.97,231.94,231.97
07/16/2026,12:55,231.93,231.99,231.93,231.96,231.97,232,231.97,231.99
07/16/2026,12:56,231.94,231.96,231.93,231.96,231.97,231.99,231.96,231.99
07/16/2026,12:57,231.97,232,231.97,232,231.99,232.01,231.99,232.01
07/16/2026,12:58,232.05,232.05,232.05,232.05,232.07,232.07,232.07,232.07
07/16/2026,12:59,232.07,232.08,232.07,232.08,232.08,232.1,232.08,232.1
07/16/2026,13:00,232.05,232.07,232.05,232.05,232.08,232.09,232.08,232.08
07/16/2026,13:01,232.05,232.05,232.05,232.05,232.07,232.07,232.07,232.07
07/16/2026,13:02,232.1,232.1,232.06,232.06,232.12,232.12,232.08,232.08
07/16/2026,13:03,232.08,232.11,232.08,232.11,232.11,232.14,232.11,232.14
07/16/2026,13:04,232.08,232.08,232.08,232.08,232.11,232.11,232.11,232.11
07/16/2026,13:05,232.08,232.1,232.08,232.1,232.1,232.13,232.1,232.13
07/16/2026,13:06,232.08,232.09,232.06,232.09,232.12,232.12,232.09,232.11
07/16/2026,13:08,232.06,232.13,232.06,232.13,232.09,232.14,232.09,232.14
07/16/2026,13:09,232.13,232.13,232.13,232.13,232.16,232.16,232.16,232.16
07/16/2026,13:12,232.06,232.06,232.06,232.06,232.08,232.09,232.08,232.09
07/16/2026,13:13,232.07,232.07,232.07,232.07,232.1,232.1,232.1,232.1
07/16/2026,13:14,232.06,232.06,232.06,232.06,232.1,232.1,232.08,232.08
07/16/2026,13:15,232.06,232.09,232.06,232.09,232.08,232.12,232.08,232.12
07/16/2026,13:16,232.05,232.05,232.05,232.05,232.08,232.08,232.08,232.08
07/16/2026,13:17,232.05,232.05,232.03,232.03,232.07,232.07,232.06,232.06
07/16/2026,13:19,232.06,232.07,232.06,232.07,232.1,232.1,232.1,232.1
07/16/2026,13:20,232.05,232.05,232.05,232.05,232.08,232.08,232.08,232.08
07/16/2026,13:21,232.04,232.04,232.04,232.04,232.07,232.07,232.05,232.05
07/16/2026,13:23,231.98,231.98,231.98,231.98,232,232,232,232
07/16/2026,13:24,231.96,231.96,231.96,231.96,231.98,231.98,231.98,231.98
07/16/2026,13:25,231.98,231.98,231.98,231.98,232,232,232,232
07/16/2026,13:26,231.97,231.97,231.97,231.97,231.99,231.99,231.99,231.99
07/16/2026,13:27,232.02,232.02,232.01,232.02,232.04,232.04,232.02,232.04
07/16/2026,13:29,232.02,232.02,232.02,232.02,232.04,232.04,232.04,232.04
07/16/2026,13:30,231.98,232,231.98,232,232.01,232.02,232.01,232.02
07/16/2026,13:32,232.05,232.05,232.05,232.05,232.08,232.08,232.08,232.08
07/16/2026,13:33,231.99,231.99,231.99,231.99,232.02,232.02,232.02,232.02
07/16/2026,13:34,231.93,231.93,231.93,231.93,231.95,231.96,231.95,231.96
07/16/2026,13:35,231.92,231.94,231.92,231.94,231.95,231.96,231.95,231.96
07/16/2026,13:36,231.96,231.98,231.92,231.98,231.98,231.99,231.95,231.99
07/16/2026,13:38,231.91,231.93,231.84,231.87,231.93,231.95,231.88,231.88
07/16/2026,13:40,231.81,231.81,231.81,231.81,231.84,231.85,231.84,231.85
07/16/2026,13:42,231.84,231.84,231.84,231.84,231.87,231.87,231.87,231.87
07/16/2026,13:43,231.83,231.83,231.83,231.83,231.85,231.85,231.85,231.85
07/16/2026,13:44,231.85,231.87,231.85,231.86,231.87,231.89,231.87,231.89
07/16/2026,13:45,231.86,231.86,231.85,231.85,231.89,231.89,231.88,231.88
07/16/2026,13:46,231.85,231.87,231.83,231.87,231.88,231.89,231.86,231.89
07/16/2026,13:47,231.91,231.91,231.91,231.91,231.93,231.93,231.93,231.93
07/16/2026,13:48,231.9,231.93,231.9,231.93,231.93,231.96,231.93,231.96
07/16/2026,13:49,231.96,231.96,231.93,231.93,231.98,231.98,231.95,231.95
07/16/2026,13:50,231.92,231.92,231.92,231.92,231.94,231.94,231.94,231.94
07/16/2026,13:52,231.87,231.87,231.86,231.87,231.9,231.9,231.89,231.89
07/16/2026,13:53,231.88,231.9,231.88,231.9,231.9,231.91,231.9,231.91
07/16/2026,13:54,231.93,231.93,231.89,231.89,231.96,231.96,231.91,231.91
07/16/2026,13:55,231.79,231.79,231.79,231.79,231.82,231.82,231.82,231.82
07/16/2026,13:57,231.76,231.76,231.76,231.76,231.78,231.79,231.78,231.79
07/16/2026,13:58,231.76,231.77,231.76,231.77,231.8,231.8,231.8,231.8
07/16/2026,13:59,231.78,231.78,231.78,231.78,231.8,231.8,231.8,231.8
07/16/2026,14:00,231.75,231.75,231.75,231.75,231.77,231.77,231.77,231.77
07/16/2026,14:02,231.73,231.73,231.73,231.73,231.75,231.75,231.75,231.75
07/16/2026,14:03,231.7,231.7,231.68,231.68,231.73,231.73,231.71,231.71
07/16/2026,14:05,231.67,231.67,231.67,231.67,231.69,231.69,231.69,231.69
07/16/2026,14:06,231.68,231.69,231.68,231.69,231.69,231.7,231.69,231.7
07/16/2026,14:07,231.68,231.74,231.68,231.74,231.71,231.76,231.7,231.76
07/16/2026,14:08,231.82,231.86,231.82,231.86,231.83,231.89,231.83,231.89
07/16/2026,14:09,231.92,231.95,231.92,231.95,231.95,231.96,231.95,231.96
07/16/2026,14:10,231.96,231.97,231.93,231.93,231.98,231.99,231.94,231.94
07/16/2026,14:11,231.94,232.04,231.93,232.02,231.95,232.05,231.95,232.05
07/16/2026,14:12,232.02,232.04,231.99,231.99,232.05,232.05,232.02,232.02
07/16/2026,14:13,231.99,231.99,231.96,231.96,232.01,232.01,231.99,231.99
07/16/2026,14:14,231.96,231.96,231.86,231.86,231.97,231.97,231.88,231.88
07/16/2026,14:15,231.84,231.84,231.8,231.8,231.86,231.86,231.83,231.83
07/16/2026,14:16,231.86,231.91,231.86,231.91,231.89,231.94,231.89,231.94
07/16/2026,14:17,231.91,231.91,231.91,231.91,231.94,231.94,231.94,231.94
07/16/2026,14:18,231.91,231.91,231.87,231.88,231.94,231.94,231.9,231.91
07/16/2026,14:19,231.89,231.92,231.89,231.92,231.92,231.93,231.92,231.93
07/16/2026,14:20,231.93,231.97,231.93,231.97,231.94,232,231.94,232
07/16/2026,14:21,232,232.02,232,232.02,232.01,232.03,232.01,232.03
07/16/2026,14:23,232.01,232.01,232.01,232.01,232.02,232.02,232.02,232.02
07/16/2026,14:24,231.98,231.98,231.98,231.98,232.01,232.01,232,232
07/16/2026,14:25,232.01,232.03,231.99,232.03,232.03,232.05,232.01,232.05
07/16/2026,14:26,231.99,232.02,231.99,232.02,232.02,232.05,232.02,232.05
07/16/2026,14:27,232.02,232.04,232.02,232.04,232.05,232.05,232.05,232.05
07/16/2026,14:28,232.06,232.06,232,232,232.08,232.08,232.02,232.02
07/16/2026,14:29,231.9,231.9,231.9,231.9,231.93,231.94,231.93,231.94
07/16/2026,14:30,231.88,231.92,231.88,231.92,231.92,231.94,231.91,231.94
07/16/2026,14:31,231.91,231.91,231.91,231.91,231.93,231.93,231.93,231.93
07/16/2026,14:32,231.91,231.91,231.91,231.91,231.93,231.93,231.93,231.93
07/16/2026,14:34,231.89,231.94,231.89,231.94,231.91,231.96,231.91,231.96
07/16/2026,14:35,231.96,231.96,231.96,231.96,231.97,231.97,231.97,231.97
07/16/2026,14:36,231.95,231.96,231.95,231.96,231.97,231.98,231.97,231.98
07/16/2026,14:38,231.98,231.98,231.98,231.98,231.99,231.99,231.99,231.99
07/16/2026,14:39,232,232,231.96,231.96,232.01,232.01,231.98,231.98
07/16/2026,14:40,231.97,231.97,231.91,231.91,231.99,231.99,231.94,231.94
07/16/2026,14:41,231.88,231.88,231.88,231.88,231.91,231.91,231.91,231.91
07/16/2026,14:42,231.88,231.91,231.87,231.91,231.91,231.94,231.9,231.94
07/16/2026,14:43,231.96,231.96,231.94,231.94,231.98,231.98,231.97,231.97
07/16/2026,14:44,231.92,231.92,231.92,231.92,231.95,231.95,231.95,231.95
07/16/2026,14:45,231.92,231.97,231.91,231.97,231.94,231.99,231.93,231.99
07/16/2026,14:46,231.96,231.98,231.96,231.97,231.99,232,231.99,232
07/16/2026,14:47,231.99,231.99,231.99,231.99,232,232,232,232
07/16/2026,14:48,232.01,232.01,231.99,231.99,232.03,232.03,232.02,232.02
07/16/2026,14:49,232.03,232.03,232.03,232.03,232.04,232.06,232.04,232.06
07/16/2026,14:50,231.99,232.05,231.99,232.05,232,232.07,232,232.07
07/16/2026,14:51,232.06,232.06,232.03,232.03,232.09,232.09,232.04,232.06
07/16/2026,14:53,231.98,231.98,231.96,231.96,232,232,231.99,232
07/16/2026,14:54,231.98,231.98,231.93,231.93,232.01,232.01,231.96,231.96
07/16/2026,14:55,231.95,231.95,231.95,231.95,231.97,231.97,231.97,231.97
07/16/2026,14:56,231.99,231.99,231.98,231.98,232,232,232,232
07/16/2026,14:57,231.99,232.01,231.97,231.97,232,232.02,232,232
07/16/2026,14:58,231.98,232.01,231.98,232.01,232,232.03,232,232.03
07/16/2026,14:59,231.99,231.99,231.99,231.99,232.01,232.01,232.01,232.01
07/16/2026,15:00,231.92,231.96,231.92,231.95,231.94,231.97,231.94,231.96
07/16/2026,15:01,231.93,231.95,231.93,231.95,231.96,231.97,231.96,231.97
07/16/2026,15:02,231.96,231.97,231.95,231.95,231.97,231.99,231.96,231.96
07/16/2026,15:03,231.94,231.99,231.94,231.99,231.96,232.01,231.96,232.01
07/16/2026,15:04,231.98,232,231.96,231.96,232,232.01,231.98,231.98
07/16/2026,15:05,231.95,231.98,231.95,231.98,231.97,232.01,231.97,232.01
07/16/2026,15:06,232.01,232.03,231.96,231.96,232.02,232.04,231.99,231.99
07/16/2026,15:07,231.98,231.98,231.95,231.97,231.99,231.99,231.97,231.98
07/16/2026,15:08,231.94,231.95,231.92,231.95,231.96,231.98,231.94,231.98
07/16/2026,15:09,231.95,231.95,231.95,231.95,231.97,231.97,231.97,231.97
07/16/2026,15:10,231.95,231.96,231.95,231.95,231.97,231.98,231.97,231.98
07/16/2026,15:11,231.95,231.96,231.95,231.95,231.98,231.99,231.97,231.98
07/16/2026,15:12,231.93,231.96,231.93,231.96,231.95,231.98,231.95,231.98
07/16/2026,15:13,231.97,232.03,231.97,232.03,231.98,232.05,231.98,232.04
07/16/2026,15:14,232.02,232.02,232.02,232.02,232.04,232.04,232.03,232.03
07/16/2026,15:15,232,232.04,232,232.04,232.03,232.06,232.03,232.06
07/16/2026,15:16,232.02,232.07,232.02,232.06,232.05,232.09,232.05,232.08
07/16/2026,15:17,232.08,232.1,232.07,232.07,232.1,232.13,232.09,232.09
07/16/2026,15:18,232.05,232.08,232.05,232.08,232.07,232.11,232.07,232.11
07/16/2026,15:19,232.08,232.08,232.05,232.08,232.09,232.1,232.07,232.1
07/16/2026,15:20,232.09,232.13,232.08,232.1,232.1,232.15,232.1,232.12
07/16/2026,15:21,232.1,232.13,232.08,232.09,232.11,232.15,232.1,232.11
07/16/2026,15:22,232.1,232.12,232.09,232.09,232.11,232.14,232.1,232.1
07/16/2026,15:23,232.07,232.07,232.05,232.06,232.09,232.09,232.07,232.08
07/16/2026,15:24,232.07,232.07,232.06,232.06,232.08,232.08,232.07,232.07
07/16/2026,15:25,232.05,232.05,231.97,231.98,232.06,232.06,231.99,232
07/16/2026,15:26,231.99,231.99,231.98,231.98,232,232,232,232
07/16/2026,15:27,231.92,231.92,231.88,231.88,231.95,231.95,231.9,231.9
07/16/2026,15:28,231.87,231.88,231.84,231.85,231.89,231.89,231.87,231.87
07/16/2026,15:29,231.85,231.85,231.8,231.8,231.87,231.87,231.83,231.83
07/16/2026,15:30,231.77,231.77,231.73,231.76,231.79,231.79,231.75,231.78
07/16/2026,15:31,231.74,231.74,231.72,231.72,231.76,231.77,231.74,231.74
07/16/2026,15:32,231.73,231.73,231.73,231.73,231.74,231.76,231.74,231.76
07/16/2026,15:33,231.73,231.73,231.72,231.72,231.75,231.75,231.75,231.75
07/16/2026,15:34,231.72,231.72,231.68,231.68,231.73,231.73,231.69,231.69
07/16/2026,15:35,231.69,231.69,231.63,231.68,231.7,231.71,231.65,231.71
07/16/2026,15:36,231.66,231.7,231.66,231.7,231.68,231.71,231.68,231.71
07/16/2026,15:37,231.67,231.72,231.67,231.72,231.68,231.74,231.68,231.74
07/16/2026,15:38,231.73,231.76,231.72,231.76,231.76,231.8,231.74,231.78
07/16/2026,15:39,231.75,231.77,231.75,231.77,231.77,231.77,231.77,231.77
07/16/2026,15:40,231.76,231.81,231.76,231.81,231.77,231.84,231.77,231.84
07/16/2026,15:41,231.83,231.83,231.81,231.81,231.84,231.84,231.83,231.83
07/16/2026,15:42,231.78,231.81,231.78,231.81,231.79,231.82,231.79,231.82
07/16/2026,15:43,231.8,231.87,231.79,231.87,231.82,231.88,231.81,231.88
07/16/2026,15:44,231.85,231.86,231.8,231.82,231.86,231.87,231.82,231.84
07/16/2026,15:45,231.82,231.86,231.78,231.86,231.83,231.87,231.8,231.87
07/16/2026,15:46,231.84,231.85,231.83,231.83,231.86,231.87,231.85,231.85
07/16/2026,15:47,231.84,231.87,231.83,231.83,231.86,231.88,231.84,231.84
07/16/2026,15:48,231.83,231.83,231.73,231.73,231.84,231.84,231.75,231.75
07/16/2026,15:49,231.71,231.73,231.69,231.72,231.74,231.76,231.7,231.76
07/16/2026,15:50,231.74,231.98,231.74,231.96,231.78,232.01,231.77,231.97
07/16/2026,15:51,231.98,232.06,231.97,232.06,231.99,232.07,231.99,232.07
07/16/2026,15:52,232.07,232.1,232.03,232.08,232.08,232.12,232.05,232.1
07/16/2026,15:53,232.09,232.17,232.09,232.16,232.11,232.18,232.11,232.17
07/16/2026,15:54,232.15,232.24,232.15,232.23,232.17,232.25,232.17,232.24
07/16/2026,15:55,232.23,232.32,232.21,232.29,232.24,232.33,232.24,232.32
07/16/2026,15:56,232.29,232.29,232.2,232.2,232.31,232.31,232.22,232.23
07/16/2026,15:57,232.21,232.26,232.16,232.17,232.24,232.28,232.19,232.19
07/16/2026,15:58,232.15,232.28,232.15,232.28,232.16,232.29,232.16,232.29
07/16/2026,15:59,232.29,232.39,232.29,232.37,232.3,232.42,232.3,232.42
07/17/2026,09:30,231.93,231.98,231.79,231.95,232.32,232.32,231.9,232.14
07/17/2026,09:31,231.89,231.89,231.87,231.87,232.08,232.08,231.99,231.99
07/17/2026,09:32,232.05,232.05,232.01,232.01,232.15,232.15,232.13,232.13
07/17/2026,09:33,231.98,231.98,231.89,231.94,232.05,232.05,231.99,232.02
07/17/2026,09:34,231.92,231.95,231.86,231.93,232.01,232.01,231.97,231.99
07/17/2026,09:35,231.93,231.94,231.93,231.94,231.99,231.99,231.99,231.99
07/17/2026,09:36,231.92,232.08,231.92,232.08,231.99,232.15,231.99,232.15
07/17/2026,09:37,232.14,232.32,232.14,232.27,232.19,232.33,232.19,232.33
07/17/2026,09:38,232.28,232.54,232.28,232.44,232.34,232.63,232.34,232.5
07/17/2026,09:39,232.52,232.69,232.52,232.69,232.56,232.78,232.56,232.77
07/17/2026,09:40,232.7,232.82,232.69,232.82,232.79,232.91,232.75,232.91
07/17/2026,09:41,232.97,232.98,232.93,232.93,233,233.12,233,233.12
07/17/2026,09:42,233.04,233.04,233.04,233.04,233.16,233.16,233.16,233.16
07/17/2026,09:43,233.08,233.12,233.08,233.12,233.17,233.2,233.17,233.2
07/17/2026,09:44,232.96,232.99,232.96,232.99,233.01,233.05,233.01,233.05
07/17/2026,09:45,232.98,233.28,232.98,233.28,233.04,233.32,233.03,233.32
07/17/2026,09:46,233.34,233.37,233.27,233.27,233.42,233.43,233.3,233.3
07/17/2026,09:47,233.27,233.39,233.26,233.39,233.34,233.45,233.3,233.45
07/17/2026,09:48,233.53,233.53,233.53,233.53,233.56,233.56,233.56,233.56
07/17/2026,09:49,233.54,233.54,233.47,233.47,233.61,233.61,233.55,233.55
07/17/2026,09:50,233.46,233.49,233.43,233.43,233.54,233.55,233.48,233.49
07/17/2026,09:51,233.42,233.42,233.36,233.37,233.47,233.48,233.4,233.41
07/17/2026,09:52,233.31,233.37,233.31,233.37,233.36,233.42,233.36,233.41
07/17/2026,09:53,233.35,233.38,233.35,233.38,233.39,233.41,233.39,233.41
07/17/2026,09:54,233.27,233.27,233.27,233.27,233.31,233.31,233.31,233.31
07/17/2026,09:55,233.24,233.24,233.21,233.21,233.28,233.29,233.28,233.29
07/17/2026,09:56,233.12,233.15,233.12,233.14,233.19,233.21,233.17,233.18
07/17/2026,09:57,233.14,233.18,233.04,233.09,233.17,233.2,233.09,233.11
07/17/2026,09:58,233.08,233.14,233.08,233.14,233.12,233.19,233.12,233.19
07/17/2026,09:59,233.11,233.11,233.11,233.11,233.15,233.17,233.15,233.17
07/17/2026,10:00,233.02,233.15,233.02,233.12,233.14,233.19,233.1,233.17
07/17/2026,10:01,233.14,233.14,233.09,233.09,233.18,233.18,233.13,233.13
07/17/2026,10:02,232.97,233,232.95,232.95,233.02,233.03,232.99,232.99
07/17/2026,10:03,232.9,232.92,232.88,232.92,232.93,232.96,232.93,232.96
07/17/2026,10:04,232.94,233,232.94,233,232.98,233.06,232.98,233.06
07/17/2026,10:05,233.02,233.03,232.99,232.99,233.09,233.11,233.02,233.02
07/17/2026,10:06,233.01,233.01,233,233,233.04,233.05,233.04,233.05
07/17/2026,10:07,232.93,232.93,232.93,232.93,232.97,232.97,232.97,232.97
07/17/2026,10:08,232.85,232.89,232.85,232.86,232.92,232.95,232.91,232.91
07/17/2026,10:09,232.79,232.89,232.78,232.89,232.88,232.94,232.85,232.94
07/17/2026,10:10,232.92,232.92,232.71,232.71,232.99,232.99,232.75,232.75
07/17/2026,10:11,232.7,232.75,232.69,232.73,232.75,232.79,232.75,232.78
07/17/2026,10:12,232.73,232.82,232.73,232.82,232.78,232.84,232.78,232.84
07/17/2026,10:13,232.69,232.69,232.69,232.69,232.76,232.76,232.76,232.76
07/17/2026,10:14,232.75,232.8,232.75,232.8,232.8,232.84,232.8,232.84
07/17/2026,10:15,232.89,232.89,232.86,232.86,232.93,232.93,232.91,232.91
07/17/2026,10:16,232.84,232.84,232.8,232.8,232.88,232.88,232.81,232.82
07/17/2026,10:17,232.81,232.81,232.78,232.78,232.86,232.86,232.81,232.81
07/17/2026,10:18,232.75,232.8,232.75,232.8,232.81,232.87,232.81,232.87
07/17/2026,10:19,232.8,232.8,232.77,232.77,232.85,232.85,232.78,232.78
07/17/2026,10:20,232.65,232.73,232.65,232.68,232.72,232.77,232.72,232.73
07/17/2026,10:21,232.67,232.8,232.67,232.8,232.71,232.83,232.71,232.83
07/17/2026,10:22,232.82,232.84,232.8,232.8,232.85,232.86,232.85,232.86
07/17/2026,10:23,232.85,232.85,232.8,232.8,232.89,232.89,232.82,232.82
07/17/2026,10:24,232.83,232.83,232.79,232.79,232.86,232.86,232.86,232.86
07/17/2026,10:25,232.82,232.84,232.82,232.84,232.87,232.87,232.87,232.87
07/17/2026,10:26,232.86,232.87,232.86,232.87,232.89,232.9,232.89,232.9
07/17/2026,10:27,232.86,232.86,232.84,232.84,232.88,232.9,232.88,232.88
07/17/2026,10:28,232.85,232.85,232.82,232.82,232.88,232.88,232.85,232.85
07/17/2026,10:29,232.84,232.85,232.84,232.85,232.87,232.89,232.87,232.89
07/17/2026,10:30,232.9,232.9,232.9,232.9,232.94,232.94,232.92,232.92
07/17/2026,10:31,232.87,232.89,232.87,232.89,232.92,232.93,232.92,232.93
07/17/2026,10:32,232.84,232.87,232.84,232.84,232.87,232.88,232.86,232.86
07/17/2026,10:33,232.85,232.85,232.83,232.83,232.86,232.86,232.86,232.86
07/17/2026,10:34,232.85,232.9,232.85,232.86,232.88,232.91,232.88,232.88
07/17/2026,10:35,232.67,232.8,232.67,232.78,232.72,232.81,232.72,232.8
07/17/2026,10:36,232.78,232.78,232.77,232.77,232.82,232.82,232.79,232.79
07/17/2026,10:37,232.79,232.79,232.75,232.76,232.79,232.79,232.79,232.79
07/17/2026,10:38,232.76,232.79,232.73,232.77,232.78,232.82,232.76,232.8
07/17/2026,10:39,232.78,232.78,232.68,232.68,232.8,232.8,232.7,232.7
07/17/2026,10:40,232.63,232.65,232.62,232.65,232.67,232.7,232.66,232.7
07/17/2026,10:41,232.67,232.7,232.63,232.7,232.7,232.73,232.68,232.73
07/17/2026,10:42,232.67,232.71,232.67,232.7,232.71,232.73,232.7,232.73
07/17/2026,10:43,232.71,232.71,232.64,232.65,232.74,232.74,232.68,232.68
07/17/2026,10:44,232.65,232.65,232.63,232.64,232.66,232.66,232.66,232.66
07/17/2026,10:45,232.64,232.64,232.62,232.62,232.65,232.67,232.65,232.67
07/17/2026,10:46,232.61,232.65,232.61,232.65,232.64,232.66,232.64,232.66
07/17/2026,10:47,232.74,232.74,232.74,232.74,232.76,232.76,232.76,232.76
07/17/2026,10:48,232.62,232.62,232.61,232.61,232.67,232.67,232.66,232.66
07/17/2026,10:49,232.53,232.55,232.53,232.55,232.55,232.57,232.55,232.57
07/17/2026,10:51,232.47,232.51,232.47,232.51,232.5,232.55,232.5,232.55
07/17/2026,10:52,232.54,232.55,232.52,232.52,232.55,232.57,232.55,232.57
07/17/2026,10:53,232.52,232.52,232.52,232.52,232.55,232.55,232.55,232.55
07/17/2026,10:54,232.54,232.6,232.54,232.6,232.58,232.63,232.58,232.63
07/17/2026,10:55,232.63,232.64,232.63,232.64,232.65,232.68,232.65,232.68
07/17/2026,10:56,232.67,232.67,232.67,232.67,232.74,232.74,232.73,232.73
07/17/2026,10:57,232.67,232.67,232.64,232.64,232.71,232.71,232.68,232.68
07/17/2026,10:58,232.62,232.62,232.57,232.57,232.64,232.64,232.61,232.61
07/17/2026,10:59,232.62,232.64,232.6,232.6,232.63,232.67,232.63,232.66
07/17/2026,11:00,232.66,232.67,232.55,232.57,232.69,232.69,232.59,232.6
07/17/2026,11:01,232.55,232.55,232.48,232.48,232.59,232.59,232.52,232.52
07/17/2026,11:02,232.48,232.52,232.48,232.52,232.5,232.55,232.5,232.55
07/17/2026,11:04,232.49,232.52,232.49,232.52,232.5,232.54,232.5,232.54
07/17/2026,11:05,232.54,232.55,232.5,232.55,232.56,232.58,232.53,232.58
07/17/2026,11:06,232.53,232.53,232.53,232.53,232.55,232.55,232.55,232.55
07/17/2026,11:07,232.55,232.56,232.52,232.52,232.58,232.59,232.53,232.53
07/17/2026,11:09,232.52,232.52,232.49,232.49,232.57,232.57,232.51,232.51
07/17/2026,11:10,232.49,232.49,232.49,232.49,232.54,232.54,232.54,232.54
07/17/2026,11:11,232.39,232.4,232.39,232.4,232.42,232.42,232.41,232.41
07/17/2026,11:13,232.37,232.38,232.33,232.33,232.38,232.42,232.37,232.37
07/17/2026,11:14,232.3,232.35,232.3,232.35,232.34,232.37,232.34,232.37
07/17/2026,11:15,232.36,232.36,232.28,232.28,232.39,232.39,232.33,232.33
07/17/2026,11:16,232.26,232.29,232.26,232.29,232.29,232.31,232.27,232.31
07/17/2026,11:17,232.28,232.28,232.25,232.25,232.31,232.31,232.28,232.28
07/17/2026,11:18,232.27,232.34,232.27,232.34,232.28,232.38,232.28,232.36
07/17/2026,11:19,232.36,232.38,232.33,232.37,232.37,232.42,232.37,232.4
07/17/2026,11:20,232.31,232.32,232.31,232.32,232.32,232.35,232.32,232.35
07/17/2026,11:21,232.35,232.38,232.35,232.35,232.39,232.4,232.39,232.4
07/17/2026,11:22,232.38,232.39,232.38,232.39,232.41,232.41,232.41,232.41
07/17/2026,11:23,232.28,232.28,232.28,232.28,232.32,232.32,232.32,232.32
07/17/2026,11:25,232.33,232.41,232.33,232.41,232.38,232.42,232.38,232.42
07/17/2026,11:26,232.47,232.48,232.45,232.48,232.5,232.52,232.47,232.52
07/17/2026,11:27,232.48,232.48,232.48,232.48,232.51,232.51,232.51,232.51
07/17/2026,11:29,232.53,232.56,232.53,232.56,232.55,232.57,232.55,232.57
07/17/2026,11:31,232.55,232.55,232.52,232.52,232.58,232.58,232.56,232.56
07/17/2026,11:32,232.47,232.48,232.35,232.47,232.53,232.53,232.39,232.51
07/17/2026,11:33,232.46,232.48,232.46,232.47,232.49,232.51,232.49,232.49
07/17/2026,11:34,232.37,232.37,232.27,232.28,232.41,232.41,232.3,232.3
07/17/2026,11:35,232.25,232.25,232.14,232.15,232.28,232.28,232.17,232.17
07/17/2026,11:36,232.14,232.15,232.11,232.11,232.17,232.18,232.13,232.13
07/17/2026,11:37,232.11,232.11,232.11,232.11,232.13,232.13,232.12,232.12
07/17/2026,11:38,232.12,232.16,232.12,232.16,232.15,232.2,232.15,232.2
07/17/2026,11:39,232.23,232.23,232.23,232.23,232.26,232.26,232.26,232.26
07/17/2026,11:40,232.23,232.27,232.22,232.24,232.24,232.3,232.24,232.26
07/17/2026,11:41,232.22,232.23,232.17,232.17,232.23,232.25,232.2,232.21
07/17/2026,11:42,232.22,232.22,232.17,232.17,232.24,232.24,232.18,232.18
07/17/2026,11:43,232.17,232.17,232.17,232.17,232.2,232.2,232.2,232.2
07/17/2026,11:44,232.22,232.22,232.18,232.18,232.25,232.25,232.25,232.25
07/17/2026,11:45,232.21,232.21,232.04,232.04,232.24,232.24,232.08,232.08
07/17/2026,11:46,232,232.03,232,232,232.03,232.06,232.03,232.04
07/17/2026,11:47,232.07,232.07,232.07,232.07,232.08,232.08,232.08,232.08
07/17/2026,11:50,232.05,232.05,232,232,232.06,232.06,232.02,232.02
07/17/2026,11:51,232,232.01,231.97,231.97,232.02,232.02,231.98,231.98
07/17/2026,11:53,231.98,231.98,231.95,231.98,232.01,232.01,231.98,232
07/17/2026,11:54,232,232.02,232,232.02,232.01,232.03,232.01,232.03
07/17/2026,11:55,232.01,232.01,232.01,232.01,232.03,232.03,232.03,232.03
07/17/2026,11:56,232.01,232.01,232,232,232.03,232.03,232.02,232.02
07/17/2026,11:57,232,232.05,232,232.03,232.02,232.07,232.02,232.05
07/17/2026,11:58,232.08,232.11,232.08,232.11,232.09,232.14,232.09,232.14
07/17/2026,11:59,232.14,232.14,232.14,232.14,232.15,232.15,232.15,232.15
07/17/2026,12:00,232.18,232.18,232.15,232.15,232.21,232.21,232.16,232.16
07/17/2026,12:01,232.14,232.14,231.91,231.93,232.16,232.16,231.94,231.96
07/17/2026,12:02,231.86,231.86,231.86,231.86,231.87,231.87,231.87,231.87
07/17/2026,12:03,231.85,231.85,231.85,231.85,231.88,231.88,231.88,231.88
07/17/2026,12:04,231.81,231.83,231.79,231.83,231.85,231.86,231.81,231.86
07/17/2026,12:05,231.83,231.83,231.79,231.79,231.86,231.86,231.84,231.84
07/17/2026,12:06,231.79,231.79,231.79,231.79,231.8,231.82,231.8,231.82
07/17/2026,12:07,231.82,231.82,231.71,231.71,231.85,231.85,231.75,231.75
07/17/2026,12:08,231.71,231.71,231.71,231.71,231.75,231.75,231.73,231.73
07/17/2026,12:10,231.86,231.87,231.84,231.84,231.89,231.9,231.88,231.88
07/17/2026,12:12,231.83,231.83,231.83,231.83,231.87,231.87,231.87,231.87
07/17/2026,12:13,231.8,231.8,231.8,231.8,231.84,231.84,231.84,231.84
07/17/2026,12:15,231.89,231.9,231.88,231.88,231.94,231.94,231.9,231.9
07/17/2026,12:16,231.85,231.89,231.85,231.88,231.89,231.91,231.89,231.91
07/17/2026,12:17,231.87,231.87,231.86,231.86,231.89,231.89,231.88,231.88
07/17/2026,12:18,231.81,231.81,231.81,231.81,231.83,231.83,231.83,231.83
07/17/2026,12:19,231.78,231.79,231.78,231.79,231.82,231.82,231.8,231.8
07/17/2026,12:20,231.79,231.83,231.79,231.83,231.82,231.84,231.82,231.84
07/17/2026,12:21,231.78,231.79,231.77,231.77,231.8,231.82,231.79,231.79
07/17/2026,12:22,231.76,231.77,231.73,231.73,231.79,231.8,231.77,231.77
07/17/2026,12:23,231.67,231.67,231.67,231.67,231.69,231.69,231.69,231.69
07/17/2026,12:24,231.71,231.71,231.69,231.69,231.72,231.74,231.72,231.74
07/17/2026,12:25,231.69,231.71,231.69,231.71,231.72,231.74,231.72,231.74
07/17/2026,12:26,231.71,231.71,231.68,231.7,231.72,231.72,231.7,231.71
07/17/2026,12:27,231.78,231.81,231.78,231.81,231.82,231.84,231.82,231.84
07/17/2026,12:28,231.8,231.8,231.79,231.79,231.81,231.83,231.81,231.83
07/17/2026,12:29,231.76,231.76,231.76,231.76,231.78,231.78,231.78,231.78
07/17/2026,12:30,231.72,231.72,231.68,231.68,231.73,231.73,231.7,231.7
07/17/2026,12:31,231.73,231.73,231.73,231.73,231.76,231.76,231.76,231.76
07/17/2026,12:32,231.68,231.68,231.68,231.68,231.71,231.71,231.71,231.71
07/17/2026,12:33,231.69,231.69,231.69,231.69,231.73,231.73,231.7,231.7
07/17/2026,12:34,231.6,231.6,231.6,231.6,231.62,231.62,231.62,231.62
07/17/2026,12:35,231.66,231.66,231.66,231.66,231.67,231.67,231.67,231.67
07/17/2026,12:37,231.61,231.61,231.61,231.61,231.64,231.64,231.64,231.64
07/17/2026,12:38,231.57,231.57,231.57,231.57,231.61,231.61,231.61,231.61
07/17/2026,12:40,231.59,231.59,231.59,231.59,231.6,231.6,231.6,231.6
07/17/2026,12:41,231.56,231.56,231.55,231.55,231.6,231.6,231.57,231.57
07/17/2026,12:42,231.56,231.57,231.56,231.57,231.59,231.6,231.59,231.6
07/17/2026,12:43,231.64,231.64,231.62,231.62,231.68,231.68,231.67,231.67
07/17/2026,12:44,231.61,231.61,231.61,231.61,231.64,231.64,231.64,231.64
07/17/2026,12:45,231.6,231.6,231.6,231.6,231.63,231.63,231.63,231.63
07/17/2026,12:47,231.59,231.59,231.56,231.59,231.6,231.62,231.59,231.62
07/17/2026,12:48,231.67,231.67,231.67,231.67,231.71,231.71,231.71,231.71
07/17/2026,12:51,231.63,231.68,231.63,231.68,231.66,231.71,231.65,231.71
07/17/2026,12:52,231.64,231.66,231.64,231.66,231.66,231.69,231.66,231.69
07/17/2026,12:54,231.62,231.62,231.62,231.62,231.65,231.65,231.65,231.65
07/17/2026,12:55,231.52,231.52,231.52,231.52,231.53,231.53,231.53,231.53
07/17/2026,12:56,231.47,231.47,231.47,231.47,231.51,231.51,231.51,231.51
07/17/2026,12:58,231.45,231.45,231.44,231.44,231.46,231.47,231.45,231.45
07/17/2026,13:00,231.45,231.45,231.45,231.45,231.49,231.49,231.49,231.49
07/17/2026,13:01,231.48,231.52,231.48,231.52,231.52,231.56,231.52,231.55
07/17/2026,13:02,231.46,231.46,231.44,231.44,231.5,231.5,231.46,231.46
07/17/2026,13:04,231.47,231.47,231.42,231.42,231.49,231.49,231.46,231.46
07/17/2026,13:06,231.42,231.48,231.42,231.47,231.44,231.49,231.44,231.49
07/17/2026,13:07,231.49,231.49,231.48,231.48,231.52,231.52,231.49,231.49
07/17/2026,13:08,231.44,231.47,231.44,231.47,231.48,231.49,231.47,231.49
07/17/2026,13:09,231.46,231.52,231.46,231.51,231.48,231.54,231.48,231.53
07/17/2026,13:10,231.47,231.47,231.47,231.47,231.51,231.51,231.49,231.5
07/17/2026,13:11,231.5,231.52,231.5,231.5,231.53,231.54,231.53,231.53
07/17/2026,13:12,231.49,231.49,231.41,231.41,231.53,231.53,231.45,231.45
07/17/2026,13:13,231.43,231.44,231.4,231.44,231.45,231.46,231.44,231.46
07/17/2026,13:14,231.44,231.44,231.42,231.42,231.48,231.48,231.45,231.45
07/17/2026,13:15,231.42,231.42,231.38,231.41,231.45,231.45,231.42,231.45
07/17/2026,13:16,231.41,231.43,231.41,231.43,231.44,231.49,231.43,231.49
07/17/2026,13:17,231.47,231.47,231.47,231.47,231.49,231.49,231.49,231.49
07/17/2026,13:18,231.44,231.44,231.41,231.43,231.46,231.47,231.44,231.44
07/17/2026,13:19,231.41,231.41,231.36,231.36,231.42,231.42,231.39,231.39
07/17/2026,13:20,231.37,231.42,231.37,231.42,231.39,231.45,231.39,231.45
07/17/2026,13:21,231.37,231.41,231.37,231.41,231.41,231.44,231.4,231.44
07/17/2026,13:22,231.44,231.47,231.44,231.47,231.45,231.49,231.45,231.49
07/17/2026,13:23,231.46,231.47,231.46,231.47,231.5,231.5,231.47,231.48
07/17/2026,13:24,231.43,231.46,231.42,231.46,231.46,231.47,231.46,231.47
07/17/2026,13:25,231.5,231.5,231.5,231.5,231.54,231.54,231.54,231.54
07/17/2026,13:26,231.57,231.57,231.57,231.57,231.6,231.6,231.6,231.6
07/17/2026,13:27,231.55,231.55,231.55,231.55,231.58,231.58,231.58,231.58
07/17/2026,13:28,231.55,231.56,231.54,231.54,231.58,231.58,231.56,231.56
07/17/2026,13:29,231.56,231.56,231.55,231.55,231.57,231.58,231.56,231.56
07/17/2026,13:30,231.52,231.54,231.52,231.54,231.56,231.57,231.56,231.57
07/17/2026,13:31,231.53,231.55,231.52,231.55,231.55,231.6,231.55,231.6
07/17/2026,13:33,231.53,231.56,231.53,231.56,231.57,231.57,231.56,231.57
07/17/2026,13:34,231.54,231.54,231.5,231.51,231.56,231.56,231.54,231.54
07/17/2026,13:35,231.51,231.51,231.51,231.51,231.54,231.54,231.54,231.54
07/17/2026,13:36,231.47,231.48,231.43,231.43,231.48,231.49,231.46,231.47
07/17/2026,13:38,231.44,231.44,231.4,231.43,231.46,231.46,231.43,231.44
07/17/2026,13:39,231.4,231.4,231.4,231.4,231.43,231.43,231.43,231.43
07/17/2026,13:40,231.39,231.39,231.39,231.39,231.42,231.42,231.39,231.39
07/17/2026,13:41,231.35,231.36,231.35,231.36,231.38,231.4,231.38,231.4
07/17/2026,13:42,231.39,231.44,231.38,231.44,231.42,231.45,231.41,231.45
07/17/2026,13:43,231.42,231.42,231.42,231.42,231.45,231.45,231.45,231.45
07/17/2026,13:45,231.4,231.43,231.4,231.42,231.43,231.44,231.41,231.44
07/17/2026,13:47,231.35,231.35,231.32,231.33,231.37,231.37,231.35,231.36
07/17/2026,13:48,231.3,231.3,231.28,231.28,231.32,231.32,231.32,231.32
07/17/2026,13:49,231.31,231.31,231.28,231.31,231.32,231.32,231.31,231.32
07/17/2026,13:50,231.32,231.32,231.26,231.26,231.33,231.33,231.29,231.29
07/17/2026,13:51,231.24,231.28,231.22,231.22,231.27,231.29,231.25,231.25
07/17/2026,13:52,231.2,231.2,231.2,231.2,231.22,231.22,231.22,231.22
07/17/2026,13:53,231.18,231.21,231.16,231.21,231.19,231.23,231.18,231.23
07/17/2026,13:56,231.14,231.14,231.1,231.1,231.16,231.16,231.13,231.13
07/17/2026,13:57,231.1,231.1,231.1,231.1,231.11,231.13,231.11,231.11
07/17/2026,13:58,231.09,231.1,231.09,231.1,231.12,231.13,231.12,231.13
07/17/2026,13:59,231.12,231.14,231.12,231.13,231.15,231.18,231.15,231.17
07/17/2026,14:00,231.11,231.14,231.11,231.14,231.15,231.17,231.15,231.17
07/17/2026,14:01,231.14,231.14,231.14,231.14,231.16,231.16,231.16,231.16
07/17/2026,14:02,231.22,231.25,231.22,231.25,231.25,231.28,231.25,231.28
07/17/2026,14:03,231.27,231.27,231.25,231.27,231.3,231.3,231.28,231.3
07/17/2026,14:04,231.25,231.25,231.17,231.17,231.27,231.27,231.21,231.21
07/17/2026,14:05,231.14,231.17,231.14,231.17,231.15,231.18,231.15,231.18
07/17/2026,14:06,231.14,231.16,231.14,231.15,231.16,231.18,231.16,231.18
07/17/2026,14:07,231.17,231.24,231.17,231.24,231.2,231.27,231.2,231.27
07/17/2026,14:08,231.24,231.28,231.24,231.26,231.27,231.3,231.27,231.28
07/17/2026,14:09,231.24,231.26,231.24,231.26,231.29,231.29,231.29,231.29
07/17/2026,14:10,231.28,231.29,231.25,231.29,231.28,231.33,231.28,231.33
07/17/2026,14:11,231.26,231.26,231.26,231.26,231.28,231.28,231.28,231.28
07/17/2026,14:12,231.26,231.28,231.26,231.28,231.28,231.3,231.28,231.3
07/17/2026,14:13,231.24,231.25,231.24,231.25,231.27,231.27,231.27,231.27
07/17/2026,14:14,231.24,231.24,231.24,231.24,231.27,231.27,231.27,231.27
07/17/2026,14:15,231.24,231.24,231.14,231.17,231.25,231.25,231.17,231.2
07/17/2026,14:16,231.16,231.18,231.14,231.14,231.19,231.19,231.17,231.17
07/17/2026,14:17,231.15,231.19,231.15,231.17,231.17,231.2,231.17,231.2
07/17/2026,14:18,231.22,231.23,231.21,231.21,231.23,231.24,231.23,231.24
07/17/2026,14:19,231.18,231.2,231.18,231.19,231.2,231.23,231.2,231.21
07/17/2026,14:20,231.2,231.2,231.2,231.2,231.21,231.21,231.21,231.21
07/17/2026,14:21,231.21,231.22,231.2,231.2,231.22,231.24,231.22,231.23
07/17/2026,14:22,231.23,231.23,231.23,231.23,231.27,231.27,231.27,231.27
07/17/2026,14:23,231.2,231.24,231.2,231.21,231.23,231.26,231.23,231.23
07/17/2026,14:24,231.16,231.16,231.15,231.15,231.18,231.18,231.18,231.18
07/17/2026,14:25,231.16,231.16,231.12,231.12,231.18,231.18,231.16,231.16
07/17/2026,14:26,231.09,231.09,231.09,231.09,231.12,231.12,231.1,231.1
07/17/2026,14:27,231.05,231.05,231.03,231.03,231.07,231.07,231.06,231.06
07/17/2026,14:28,231.01,231.07,231.01,231.07,231.05,231.08,231.05,231.08
07/17/2026,14:29,231.05,231.08,231.05,231.05,231.08,231.11,231.08,231.08
07/17/2026,14:30,231.07,231.17,231.07,231.17,231.1,231.19,231.1,231.19
07/17/2026,14:31,231.17,231.19,231.15,231.15,231.19,231.21,231.18,231.18
07/17/2026,14:32,231.11,231.17,231.11,231.12,231.15,231.19,231.14,231.14
07/17/2026,14:33,231.1,231.11,231.06,231.06,231.13,231.13,231.08,231.1
07/17/2026,14:34,231.06,231.11,231.06,231.11,231.1,231.14,231.1,231.12
07/17/2026,14:35,231.11,231.11,231.04,231.09,231.12,231.12,231.08,231.11
07/17/2026,14:36,231.1,231.14,231.1,231.11,231.11,231.16,231.11,231.14
07/17/2026,14:37,231.14,231.14,231.14,231.14,231.16,231.17,231.16,231.17
07/17/2026,14:38,231.16,231.18,231.14,231.18,231.18,231.19,231.17,231.19
07/17/2026,14:39,231.18,231.18,231.16,231.18,231.19,231.19,231.18,231.19
07/17/2026,14:40,231.13,231.16,231.13,231.16,231.17,231.17,231.16,231.17
07/17/2026,14:41,231.12,231.15,231.12,231.14,231.15,231.18,231.15,231.18
07/17/2026,14:42,231.16,231.17,231.13,231.13,231.18,231.2,231.17,231.17
07/17/2026,14:43,231.13,231.13,231.12,231.12,231.14,231.14,231.14,231.14
07/17/2026,14:44,231.09,231.13,231.09,231.13,231.12,231.14,231.12,231.14
07/17/2026,14:45,231.1,231.12,231.1,231.12,231.11,231.15,231.11,231.15
07/17/2026,14:46,231.13,231.17,231.13,231.17,231.16,231.2,231.16,231.2
07/17/2026,14:47,231.17,231.17,231.17,231.17,231.19,231.19,231.19,231.19
07/17/2026,14:48,231.23,231.26,231.23,231.26,231.26,231.28,231.26,231.28
07/17/2026,14:49,231.27,231.27,231.26,231.26,231.29,231.29,231.27,231.27
07/17/2026,14:50,231.17,231.19,231.16,231.18,231.2,231.21,231.19,231.21
07/17/2026,14:51,231.21,231.21,231.21,231.21,231.25,231.25,231.25,231.25
07/17/2026,14:52,231.18,231.23,231.18,231.23,231.23,231.26,231.23,231.26
07/17/2026,14:53,231.26,231.32,231.26,231.31,231.28,231.34,231.28,231.33
07/17/2026,14:54,231.3,231.35,231.3,231.35,231.33,231.36,231.31,231.36
07/17/2026,14:55,231.36,231.37,231.35,231.37,231.38,231.4,231.38,231.4
07/17/2026,14:56,231.34,231.37,231.34,231.37,231.37,231.4,231.37,231.4
07/17/2026,14:57,231.38,231.38,231.34,231.37,231.39,231.41,231.37,231.41
07/17/2026,14:59,231.41,231.42,231.36,231.36,231.42,231.43,231.39,231.39
07/17/2026,15:00,231.33,231.33,231.33,231.33,231.34,231.36,231.34,231.34
07/17/2026,15:01,231.25,231.25,231.25,231.25,231.26,231.26,231.26,231.26
07/17/2026,15:02,231.23,231.23,231.23,231.23,231.26,231.26,231.26,231.26
07/17/2026,15:03,231.25,231.25,231.25,231.25,231.27,231.27,231.27,231.27
07/17/2026,15:05,231.24,231.25,231.22,231.24,231.27,231.27,231.24,231.26
07/17/2026,15:06,231.26,231.28,231.25,231.25,231.29,231.29,231.27,231.27
07/17/2026,15:07,231.22,231.22,231.19,231.19,231.24,231.24,231.21,231.21
07/17/2026,15:08,231.2,231.2,231.17,231.17,231.22,231.22,231.2,231.2
07/17/2026,15:09,231.19,231.19,231.15,231.16,231.2,231.2,231.18,231.18
07/17/2026,15:10,231.12,231.12,231.09,231.12,231.15,231.15,231.12,231.13
07/17/2026,15:11,231.13,231.14,231.13,231.14,231.15,231.15,231.14,231.15
07/17/2026,15:12,231.11,231.17,231.11,231.15,231.16,231.18,231.16,231.17
07/17/2026,15:13,231.13,231.13,231.12,231.12,231.16,231.16,231.13,231.15
07/17/2026,15:14,231.12,231.12,231.08,231.09,231.14,231.14,231.11,231.12
07/17/2026,15:15,231.11,231.11,231.11,231.11,231.12,231.12,231.12,231.12
07/17/2026,15:16,231.13,231.13,231.13,231.13,231.15,231.15,231.15,231.15
07/17/2026,15:17,231.21,231.21,231.19,231.21,231.24,231.24,231.2,231.22
07/17/2026,15:18,231.12,231.12,231.11,231.11,231.15,231.15,231.13,231.13
07/17/2026,15:19,231.11,231.14,231.11,231.13,231.15,231.17,231.15,231.16
07/17/2026,15:20,231.14,231.14,231.08,231.08,231.17,231.17,231.12,231.12
07/17/2026,15:21,231.08,231.08,231.06,231.08,231.09,231.1,231.09,231.1
07/17/2026,15:22,231.07,231.07,231.05,231.06,231.09,231.09,231.08,231.08
07/17/2026,15:23,231.06,231.06,231.06,231.06,231.08,231.08,231.08,231.08
07/17/2026,15:24,231.04,231.04,231.01,231.01,231.06,231.06,231.02,231.02
07/17/2026,15:25,230.94,230.94,230.94,230.94,230.97,230.97,230.97,230.97
07/17/2026,15:26,230.98,231.05,230.98,231.05,230.99,231.08,230.99,231.08
07/17/2026,15:27,231.05,231.08,231.04,231.04,231.08,231.1,231.07,231.07
07/17/2026,15:28,231.04,231.06,231.04,231.06,231.07,231.09,231.07,231.09
07/17/2026,15:29,231.06,231.06,231.04,231.04,231.08,231.08,231.05,231.05
07/17/2026,15:30,231.01,231.06,230.92,230.94,231.03,231.08,230.95,230.95
07/17/2026,15:31,230.91,230.94,230.89,230.94,230.94,230.97,230.92,230.97
07/17/2026,15:32,230.96,230.96,230.89,230.95,231,231,230.93,230.97
07/17/2026,15:33,230.98,230.98,230.98,230.98,230.99,230.99,230.99,230.99
07/17/2026,15:34,230.98,230.98,230.98,230.98,231.01,231.01,230.99,230.99
07/17/2026,15:35,230.98,230.98,230.97,230.97,231.01,231.01,231,231
07/17/2026,15:36,231.04,231.07,231.04,231.07,231.06,231.11,231.06,231.09
07/17/2026,15:37,231.11,231.12,231.1,231.12,231.13,231.15,231.13,231.13
07/17/2026,15:38,231.09,231.09,231.07,231.07,231.1,231.12,231.1,231.1
07/17/2026,15:39,231.05,231.1,231.05,231.1,231.08,231.13,231.07,231.13
07/17/2026,15:40,231.1,231.13,231.07,231.11,231.11,231.17,231.1,231.13
07/17/2026,15:41,231.09,231.14,231.09,231.14,231.12,231.17,231.12,231.17
07/17/2026,15:42,231.17,231.17,231.07,231.11,231.18,231.18,231.09,231.14
07/17/2026,15:43,231.19,231.19,231.16,231.16,231.2,231.2,231.18,231.18
07/17/2026,15:44,231.17,231.23,231.17,231.22,231.2,231.25,231.2,231.25
07/17/2026,15:45,231.29,231.35,231.29,231.31,231.31,231.37,231.31,231.33
07/17/2026,15:46,231.3,231.3,231.27,231.28,231.32,231.32,231.29,231.3
07/17/2026,15:47,231.3,231.3,231.29,231.29,231.33,231.33,231.32,231.32
07/17/2026,15:48,231.33,231.33,231.32,231.32,231.34,231.35,231.34,231.35
07/17/2026,15:49,231.3,231.32,231.26,231.26,231.31,231.34,231.29,231.29
07/17/2026,15:50,231.29,231.31,231.23,231.23,231.33,231.33,231.24,231.24
07/17/2026,15:51,231.16,231.26,231.16,231.23,231.19,231.28,231.19,231.25
07/17/2026,15:52,231.24,231.24,231.17,231.19,231.26,231.26,231.2,231.2
07/17/2026,15:53,231.13,231.15,231.13,231.15,231.15,231.16,231.15,231.16
07/17/2026,15:54,231.18,231.18,231.14,231.18,231.19,231.2,231.15,231.2
07/17/2026,15:55,231.2,231.26,231.18,231.25,231.24,231.27,231.21,231.26
07/17/2026,15:56,231.32,231.32,231.32,231.32,231.33,231.33,231.33,231.33
07/17/2026,15:57,231.36,231.37,231.34,231.37,231.37,231.4,231.35,231.38
07/17/2026,15:58,231.34,231.36,231.31,231.32,231.37,231.37,231.32,231.33
07/17/2026,15:59,231.29,231.33,231.14,231.2,231.31,231.34,231.18,231.23
07/20/2026,09:30,231.36,231.45,231.36,231.43,231.62,231.68,231.57,231.68
07/20/2026,09:31,231.48,231.48,231.48,231.48,231.61,231.61,231.61,231.61
07/20/2026,09:32,231.4,231.4,231.32,231.38,231.5,231.5,231.38,231.42
07/20/2026,09:33,231.36,231.38,231.14,231.14,231.41,231.41,231.17,231.18
07/20/2026,09:34,231.11,231.11,231.11,231.11,231.18,231.18,231.18,231.18
07/20/2026,09:35,231.1,231.1,231.08,231.09,231.14,231.14,231.13,231.13
07/20/2026,09:36,231.11,231.13,231.04,231.06,231.16,231.18,231.08,231.1
07/20/2026,09:37,231.11,231.16,231.11,231.16,231.12,231.19,231.12,231.19
07/20/2026,09:38,231.27,231.28,231.15,231.15,231.34,231.35,231.19,231.19
07/20/2026,09:39,231.11,231.14,231.11,231.14,231.15,231.21,231.15,231.21
07/20/2026,09:43,231.11,231.15,231.11,231.15,231.17,231.19,231.17,231.19
07/20/2026,09:45,231.13,231.14,231.03,231.05,231.21,231.21,231.08,231.11
07/20/2026,09:46,231.04,231.04,231,231.02,231.12,231.12,231.07,231.1
07/20/2026,09:47,231.01,231.06,231.01,231.06,231.1,231.12,231.1,231.12
07/20/2026,09:48,231.06,231.06,231.06,231.06,231.12,231.12,231.12,231.12
07/20/2026,09:49,231.13,231.13,231.13,231.13,231.14,231.14,231.14,231.14
07/20/2026,09:50,231.09,231.17,231.09,231.17,231.12,231.22,231.12,231.22
07/20/2026,09:51,231.19,231.21,231.16,231.16,231.22,231.23,231.18,231.18
07/20/2026,09:52,231.11,231.11,230.98,230.98,231.17,231.17,230.99,231
07/20/2026,09:53,230.98,230.99,230.88,230.88,230.99,231,230.9,230.9
07/20/2026,09:54,230.84,230.86,230.8,230.86,230.86,230.88,230.83,230.87
07/20/2026,09:55,230.82,230.82,230.78,230.79,230.83,230.83,230.79,230.8
07/20/2026,09:56,230.74,230.77,230.74,230.75,230.77,230.8,230.77,230.77
07/20/2026,09:57,230.78,230.82,230.78,230.82,230.81,230.84,230.81,230.84
07/20/2026,09:58,230.77,230.79,230.77,230.79,230.8,230.82,230.8,230.8
07/20/2026,09:59,230.75,230.8,230.71,230.71,230.78,230.82,230.73,230.73
07/20/2026,10:00,230.74,230.79,230.74,230.78,230.76,230.84,230.76,230.84
07/20/2026,10:01,230.79,230.84,230.78,230.81,230.82,230.88,230.82,230.83
07/20/2026,10:02,230.8,230.8,230.72,230.76,230.81,230.81,230.73,230.79
07/20/2026,10:03,230.76,230.76,230.7,230.7,230.8,230.8,230.71,230.72
07/20/2026,10:04,230.71,230.72,230.65,230.66,230.75,230.75,230.66,230.68
07/20/2026,10:05,230.62,230.63,230.62,230.63,230.66,230.67,230.64,230.67
07/20/2026,10:06,230.61,230.62,230.53,230.53,230.63,230.63,230.55,230.55
07/20/2026,10:07,230.46,230.51,230.46,230.51,230.48,230.52,230.48,230.52
07/20/2026,10:08,230.53,230.56,230.53,230.56,230.57,230.57,230.56,230.57
07/20/2026,10:09,230.51,230.51,230.5,230.5,230.53,230.53,230.51,230.51
07/20/2026,10:10,230.43,230.44,230.42,230.44,230.45,230.48,230.45,230.48
07/20/2026,10:11,230.4,230.4,230.4,230.4,230.44,230.44,230.44,230.44
07/20/2026,10:12,230.45,230.49,230.45,230.49,230.49,230.5,230.49,230.5
07/20/2026,10:13,230.54,230.54,230.51,230.51,230.55,230.55,230.55,230.55
07/20/2026,10:14,230.49,230.49,230.49,230.49,230.53,230.53,230.53,230.53
07/20/2026,10:15,230.47,230.47,230.42,230.42,230.52,230.52,230.43,230.43
07/20/2026,10:16,230.42,230.44,230.42,230.42,230.47,230.47,230.43,230.43
07/20/2026,10:17,230.36,230.41,230.36,230.41,230.4,230.42,230.4,230.42
07/20/2026,10:18,230.4,230.43,230.4,230.43,230.41,230.46,230.41,230.44
07/20/2026,10:19,230.43,230.43,230.43,230.43,230.46,230.46,230.46,230.46
07/20/2026,10:21,230.45,230.45,230.45,230.45,230.47,230.47,230.47,230.47
07/20/2026,10:22,230.45,230.49,230.44,230.46,230.49,230.5,230.47,230.49
07/20/2026,10:23,230.44,230.44,230.44,230.44,230.46,230.46,230.46,230.46
07/20/2026,10:24,230.46,230.46,230.44,230.44,230.48,230.49,230.48,230.48
07/20/2026,10:26,230.4,230.43,230.4,230.43,230.45,230.45,230.45,230.45
07/20/2026,10:27,230.45,230.45,230.42,230.42,230.48,230.48,230.45,230.45
07/20/2026,10:29,230.45,230.47,230.45,230.47,230.47,230.49,230.47,230.49
07/20/2026,10:30,230.49,230.49,230.44,230.47,230.51,230.51,230.46,230.5
07/20/2026,10:31,230.47,230.49,230.47,230.49,230.49,230.53,230.49,230.53
07/20/2026,10:32,230.5,230.5,230.49,230.49,230.52,230.52,230.52,230.52
07/20/2026,10:33,230.41,230.41,230.41,230.41,230.43,230.44,230.43,230.44
07/20/2026,10:34,230.38,230.45,230.38,230.45,230.41,230.48,230.41,230.48
07/20/2026,10:35,230.38,230.38,230.36,230.36,230.41,230.41,230.37,230.37
07/20/2026,10:36,230.3,230.33,230.3,230.33,230.33,230.35,230.33,230.35
07/20/2026,10:37,230.34,230.36,230.34,230.36,230.37,230.38,230.37,230.37
07/20/2026,10:39,230.49,230.49,230.47,230.49,230.51,230.52,230.5,230.52
07/20/2026,10:41,230.37,230.37,230.37,230.37,230.38,230.38,230.38,230.38
07/20/2026,10:42,230.37,230.37,230.37,230.37,230.38,230.38,230.38,230.38
07/20/2026,10:43,230.39,230.39,230.37,230.37,230.42,230.42,230.4,230.4
07/20/2026,10:44,230.36,230.39,230.35,230.39,230.39,230.42,230.37,230.42
07/20/2026,10:45,230.37,230.41,230.37,230.39,230.38,230.43,230.38,230.42
07/20/2026,10:46,230.49,230.52,230.49,230.5,230.52,230.55,230.52,230.52
07/20/2026,10:47,230.52,230.52,230.52,230.52,230.56,230.56,230.56,230.56
07/20/2026,10:48,230.45,230.47,230.45,230.47,230.47,230.5,230.45,230.5
07/20/2026,10:50,230.39,230.39,230.39,230.39,230.42,230.42,230.42,230.42
07/20/2026,10:51,230.4,230.42,230.4,230.42,230.43,230.43,230.43,230.43
07/20/2026,10:52,230.48,230.48,230.38,230.39,230.51,230.51,230.41,230.42
07/20/2026,10:53,230.34,230.34,230.34,230.34,230.37,230.37,230.37,230.37
07/20/2026,10:55,230.31,230.31,230.31,230.31,230.33,230.33,230.33,230.33
07/20/2026,10:56,230.28,230.29,230.28,230.29,230.31,230.31,230.31,230.31
07/20/2026,10:59,230.24,230.28,230.15,230.28,230.25,230.31,230.16,230.31
07/20/2026,11:00,230.3,230.34,230.29,230.29,230.33,230.37,230.3,230.3
07/20/2026,11:01,230.29,230.29,230.29,230.29,230.3,230.3,230.3,230.3
07/20/2026,11:02,230.33,230.33,230.3,230.3,230.36,230.36,230.34,230.34
07/20/2026,11:03,230.35,230.36,230.32,230.33,230.38,230.38,230.35,230.35
07/20/2026,11:04,230.33,230.33,230.33,230.33,230.36,230.36,230.36,230.36
07/20/2026,11:06,230.28,230.28,230.26,230.26,230.31,230.31,230.28,230.28
07/20/2026,11:07,230.35,230.35,230.34,230.34,230.37,230.37,230.36,230.36
07/20/2026,11:08,230.38,230.44,230.37,230.44,230.41,230.46,230.39,230.46
07/20/2026,11:09,230.48,230.53,230.44,230.53,230.5,230.56,230.47,230.55
07/20/2026,11:10,230.53,230.53,230.48,230.48,230.55,230.55,230.49,230.49
07/20/2026,11:12,230.43,230.43,230.43,230.43,230.46,230.46,230.46,230.46
07/20/2026,11:14,230.4,230.4,230.37,230.37,230.43,230.43,230.39,230.4
07/20/2026,11:15,230.4,230.44,230.39,230.44,230.43,230.45,230.41,230.45
07/20/2026,11:16,230.43,230.43,230.43,230.43,230.46,230.46,230.46,230.46
07/20/2026,11:18,230.44,230.46,230.44,230.46,230.47,230.49,230.47,230.49
07/20/2026,11:19,230.47,230.47,230.47,230.47,230.49,230.49,230.49,230.49
07/20/2026,11:20,230.44,230.44,230.44,230.44,230.46,230.46,230.46,230.46
07/20/2026,11:21,230.44,230.49,230.44,230.49,230.45,230.52,230.45,230.52
07/20/2026,11:22,230.5,230.5,230.5,230.5,230.51,230.51,230.51,230.51
07/20/2026,11:23,230.54,230.54,230.54,230.54,230.56,230.56,230.56,230.56
07/20/2026,11:24,230.55,230.57,230.55,230.56,230.57,230.6,230.57,230.57
07/20/2026,11:25,230.57,230.57,230.57,230.57,230.59,230.59,230.59,230.59
07/20/2026,11:26,230.58,230.59,230.52,230.52,230.62,230.62,230.54,230.54
07/20/2026,11:27,230.53,230.53,230.53,230.53,230.55,230.55,230.55,230.55
07/20/2026,11:28,230.53,230.53,230.51,230.51,230.55,230.55,230.52,230.52
07/20/2026,11:29,230.5,230.5,230.49,230.5,230.5,230.52,230.5,230.52
07/20/2026,11:30,230.51,230.51,230.5,230.5,230.52,230.53,230.52,230.52
07/20/2026,11:31,230.5,230.51,230.5,230.51,230.52,230.54,230.52,230.53
07/20/2026,11:32,230.52,230.52,230.5,230.5,230.54,230.55,230.51,230.53
07/20/2026,11:33,230.47,230.48,230.47,230.48,230.5,230.51,230.49,230.51
07/20/2026,11:34,230.49,230.52,230.49,230.49,230.5,230.54,230.5,230.51
07/20/2026,11:35,230.47,230.48,230.46,230.46,230.5,230.51,230.48,230.49
07/20/2026,11:36,230.47,230.47,230.46,230.47,230.48,230.48,230.48,230.48
07/20/2026,11:37,230.47,230.47,230.41,230.41,230.48,230.48,230.43,230.43
07/20/2026,11:38,230.41,230.46,230.41,230.45,230.42,230.47,230.42,230.46
07/20/2026,11:39,230.49,230.49,230.46,230.47,230.51,230.52,230.48,230.49
07/20/2026,11:40,230.47,230.47,230.45,230.45,230.48,230.48,230.47,230.47
07/20/2026,11:41,230.49,230.51,230.49,230.51,230.52,230.54,230.52,230.52
07/20/2026,11:42,230.5,230.5,230.5,230.5,230.52,230.52,230.52,230.52
07/20/2026,11:43,230.46,230.49,230.46,230.49,230.48,230.51,230.48,230.51
07/20/2026,11:44,230.48,230.52,230.48,230.52,230.5,230.54,230.5,230.54
07/20/2026,11:45,230.5,230.5,230.5,230.5,230.53,230.53,230.53,230.53
07/20/2026,11:46,230.49,230.49,230.48,230.48,230.5,230.51,230.5,230.5
07/20/2026,11:47,230.53,230.54,230.5,230.5,230.55,230.56,230.52,230.52
07/20/2026,11:48,230.5,230.52,230.49,230.52,230.51,230.54,230.51,230.54
07/20/2026,11:49,230.55,230.57,230.55,230.57,230.57,230.59,230.57,230.58
07/20/2026,11:50,230.52,230.55,230.52,230.55,230.54,230.57,230.54,230.57
07/20/2026,11:51,230.57,230.59,230.57,230.57,230.59,230.6,230.59,230.59
07/20/2026,11:52,230.57,230.57,230.55,230.55,230.59,230.59,230.56,230.57
07/20/2026,11:53,230.58,230.62,230.57,230.62,230.6,230.65,230.58,230.65
07/20/2026,11:54,230.64,230.64,230.64,230.64,230.67,230.67,230.67,230.67
07/20/2026,11:55,230.65,230.65,230.64,230.64,230.68,230.68,230.66,230.66
07/20/2026,11:56,230.64,230.64,230.62,230.62,230.65,230.65,230.64,230.64
07/20/2026,11:57,230.61,230.61,230.57,230.57,230.62,230.62,230.58,230.58
07/20/2026,11:58,230.56,230.57,230.55,230.55,230.57,230.58,230.57,230.57
07/20/2026,11:59,230.53,230.53,230.5,230.5,230.54,230.55,230.52,230.52
07/20/2026,12:00,230.5,230.52,230.5,230.5,230.51,230.54,230.51,230.52
07/20/2026,12:01,230.51,230.53,230.5,230.5,230.53,230.55,230.51,230.51
07/20/2026,12:02,230.48,230.48,230.45,230.47,230.5,230.5,230.46,230.49
07/20/2026,12:03,230.45,230.56,230.45,230.54,230.47,230.57,230.47,230.56
07/20/2026,12:04,230.55,230.55,230.52,230.52,230.57,230.58,230.54,230.54
07/20/2026,12:05,230.52,230.55,230.51,230.55,230.54,230.56,230.53,230.56
07/20/2026,12:06,230.55,230.55,230.55,230.55,230.56,230.56,230.56,230.56
07/20/2026,12:07,230.54,230.54,230.54,230.54,230.55,230.55,230.55,230.55
07/20/2026,12:08,230.57,230.58,230.57,230.58,230.59,230.59,230.59,230.59
07/20/2026,12:09,230.61,230.61,230.6,230.6,230.63,230.63,230.62,230.62
07/20/2026,12:10,230.62,230.63,230.62,230.63,230.63,230.65,230.63,230.65
07/20/2026,12:12,230.66,230.66,230.65,230.65,230.67,230.68,230.67,230.67
07/20/2026,12:13,230.66,230.68,230.66,230.68,230.69,230.69,230.68,230.69
07/20/2026,12:14,230.66,230.66,230.66,230.66,230.68,230.68,230.68,230.68
07/20/2026,12:15,230.65,230.65,230.62,230.62,230.67,230.67,230.63,230.63
07/20/2026,12:16,230.61,230.64,230.61,230.64,230.63,230.66,230.63,230.66
07/20/2026,12:18,230.62,230.62,230.62,230.62,230.64,230.64,230.64,230.64
07/20/2026,12:20,230.64,230.65,230.64,230.64,230.66,230.66,230.65,230.65
07/20/2026,12:21,230.64,230.64,230.62,230.62,230.65,230.65,230.64,230.64
07/20/2026,12:23,230.63,230.65,230.63,230.65,230.64,230.68,230.64,230.68
07/20/2026,12:24,230.65,230.66,230.65,230.66,230.67,230.69,230.67,230.69
07/20/2026,12:25,230.65,230.65,230.58,230.58,230.66,230.66,230.6,230.6
07/20/2026,12:26,230.58,230.58,230.54,230.54,230.6,230.6,230.56,230.56
07/20/2026,12:27,230.58,230.61,230.58,230.61,230.6,230.63,230.6,230.63
07/20/2026,12:30,230.62,230.62,230.59,230.59,230.63,230.63,230.61,230.61
07/20/2026,12:32,230.55,230.55,230.55,230.55,230.57,230.57,230.57,230.57
07/20/2026,12:33,230.54,230.54,230.54,230.54,230.56,230.56,230.56,230.56
07/20/2026,12:34,230.45,230.45,230.45,230.45,230.46,230.46,230.46,230.46
07/20/2026,12:35,230.43,230.43,230.43,230.43,230.44,230.44,230.44,230.44
07/20/2026,12:37,230.41,230.41,230.41,230.41,230.43,230.43,230.43,230.43
07/20/2026,12:38,230.4,230.4,230.4,230.4,230.42,230.42,230.42,230.42
07/20/2026,12:39,230.42,230.45,230.42,230.45,230.43,230.47,230.43,230.47
07/20/2026,12:41,230.49,230.49,230.05,230.26,230.51,230.51,230.16,230.28
07/20/2026,12:42,230.36,230.36,230.31,230.31,230.37,230.38,230.33,230.34
07/20/2026,12:43,230.34,230.38,230.34,230.38,230.35,230.41,230.35,230.41
07/20/2026,12:44,230.38,230.38,230.38,230.38,230.41,230.41,230.41,230.41
07/20/2026,12:46,230.39,230.39,230.39,230.39,230.41,230.41,230.41,230.41
07/20/2026,12:47,230.48,230.48,230.48,230.48,230.5,230.5,230.5,230.5
07/20/2026,12:48,230.51,230.51,230.5,230.5,230.52,230.53,230.52,230.52
07/20/2026,12:50,230.45,230.45,230.45,230.45,230.47,230.47,230.47,230.47
07/20/2026,12:52,230.45,230.45,230.4,230.43,230.48,230.48,230.43,230.46
07/20/2026,12:54,230.41,230.41,230.31,230.31,230.43,230.43,230.34,230.34
07/20/2026,12:55,230.33,230.33,230.33,230.33,230.36,230.36,230.35,230.35
07/20/2026,12:56,230.3,230.31,230.3,230.31,230.32,230.33,230.32,230.33
07/20/2026,12:58,230.32,230.32,230.32,230.32,230.33,230.33,230.33,230.33
07/20/2026,12:59,230.29,230.3,230.29,230.3,230.31,230.32,230.31,230.31
07/20/2026,13:00,230.29,230.29,230.29,230.29,230.3,230.3,230.3,230.3
07/20/2026,13:01,230.3,230.31,230.3,230.31,230.32,230.33,230.32,230.33
07/20/2026,13:05,230.36,230.36,230.29,230.29,230.38,230.38,230.31,230.31
07/20/2026,13:06,230.31,230.31,230.31,230.31,230.32,230.32,230.32,230.32
07/20/2026,13:08,230.28,230.28,230.25,230.25,230.29,230.29,230.26,230.26
07/20/2026,13:11,230.31,230.31,230.31,230.31,230.33,230.33,230.33,230.33
07/20/2026,13:12,230.33,230.33,230.32,230.32,230.35,230.35,230.33,230.33
07/20/2026,13:13,230.33,230.33,230.33,230.33,230.35,230.35,230.35,230.35
07/20/2026,13:14,230.32,230.32,230.25,230.25,230.34,230.34,230.26,230.26
07/20/2026,13:15,230.25,230.25,230.18,230.18,230.26,230.26,230.19,230.19
07/20/2026,13:16,230.17,230.17,230.17,230.17,230.18,230.18,230.18,230.18
07/20/2026,13:18,230.18,230.19,230.18,230.19,230.21,230.21,230.19,230.21
07/20/2026,13:19,230.19,230.19,230.19,230.19,230.21,230.21,230.21,230.21
07/20/2026,13:20,230.13,230.16,230.12,230.12,230.15,230.17,230.13,230.14
07/20/2026,13:21,230.15,230.15,230.15,230.15,230.16,230.16,230.16,230.16
07/20/2026,13:22,230.17,230.17,230.17,230.17,230.2,230.2,230.2,230.2
07/20/2026,13:25,230.1,230.13,230.1,230.12,230.12,230.14,230.12,230.13
07/20/2026,13:26,230.14,230.14,230.14,230.14,230.16,230.16,230.16,230.16
07/20/2026,13:28,230.08,230.08,230.08,230.08,230.1,230.1,230.09,230.09
07/20/2026,13:29,230.1,230.1,230.1,230.1,230.12,230.12,230.12,230.12
07/20/2026,13:30,230.07,230.07,230.07,230.07,230.09,230.09,230.09,230.09
07/20/2026,13:31,230.06,230.06,230.06,230.06,230.08,230.08,230.08,230.08
07/20/2026,13:32,230.06,230.08,230.06,230.08,230.08,230.1,230.08,230.1
07/20/2026,13:33,230.08,230.08,230.08,230.08,230.1,230.1,230.09,230.09
07/20/2026,13:34,230.16,230.16,230.16,230.16,230.18,230.18,230.17,230.17
07/20/2026,13:35,230.19,230.19,230.19,230.19,230.21,230.21,230.21,230.21
07/20/2026,13:36,230.18,230.18,230.18,230.18,230.2,230.2,230.2,230.2
07/20/2026,13:37,230.11,230.11,230.11,230.11,230.13,230.13,230.13,230.13
07/20/2026,13:40,230.08,230.08,230.04,230.04,230.1,230.1,230.05,230.05
07/20/2026,13:41,230.04,230.04,230.04,230.04,230.07,230.07,230.06,230.06
07/20/2026,13:42,230.07,230.07,230.07,230.07,230.09,230.09,230.09,230.09
07/20/2026,13:43,230.09,230.1,230.05,230.05,230.1,230.11,230.07,230.07
07/20/2026,13:45,230.07,230.13,230.07,230.13,230.08,230.14,230.08,230.14
07/20/2026,13:46,230.13,230.13,230.13,230.13,230.14,230.14,230.14,230.14
07/20/2026,13:47,230.1,230.1,230.1,230.1,230.12,230.12,230.12,230.12
07/20/2026,13:48,230.09,230.1,230.09,230.1,230.11,230.12,230.1,230.12
07/20/2026,13:49,230.1,230.1,230.09,230.09,230.11,230.11,230.11,230.11
07/20/2026,13:50,230.13,230.13,230.13,230.13,230.14,230.14,230.14,230.14
07/20/2026,13:51,230.13,230.13,230.13,230.13,230.15,230.15,230.15,230.15
07/20/2026,13:52,230.17,230.2,230.17,230.2,230.19,230.21,230.19,230.21
07/20/2026,13:53,230.18,230.18,230.17,230.17,230.2,230.2,230.19,230.19
07/20/2026,13:54,230.19,230.22,230.19,230.22,230.21,230.23,230.2,230.23
07/20/2026,13:55,230.19,230.19,230.15,230.15,230.21,230.21,230.16,230.16
07/20/2026,13:58,230.19,230.2,230.19,230.2,230.21,230.21,230.21,230.21
07/20/2026,13:59,230.2,230.21,230.2,230.21,230.21,230.23,230.21,230.23
07/20/2026,14:00,230.22,230.26,230.22,230.26,230.23,230.27,230.23,230.27
07/20/2026,14:01,230.33,230.33,230.32,230.32,230.34,230.35,230.34,230.34
07/20/2026,14:02,230.33,230.34,230.29,230.34,230.34,230.36,230.3,230.36
07/20/2026,14:03,230.34,230.34,230.33,230.33,230.37,230.37,230.34,230.34
07/20/2026,14:04,230.31,230.32,230.31,230.32,230.32,230.35,230.32,230.35
07/20/2026,14:05,230.33,230.33,230.33,230.33,230.34,230.34,230.34,230.34
07/20/2026,14:06,230.32,230.34,230.32,230.34,230.34,230.36,230.34,230.36
07/20/2026,14:07,230.34,230.34,230.29,230.29,230.36,230.36,230.31,230.31
07/20/2026,14:08,230.26,230.26,230.25,230.25,230.28,230.29,230.27,230.27
07/20/2026,14:09,230.25,230.25,230.25,230.25,230.26,230.26,230.26,230.26
07/20/2026,14:10,230.26,230.26,230.26,230.26,230.28,230.28,230.28,230.28
07/20/2026,14:11,230.28,230.3,230.28,230.3,230.3,230.33,230.3,230.33
07/20/2026,14:12,230.34,230.37,230.34,230.36,230.36,230.38,230.36,230.37
07/20/2026,14:13,230.38,230.38,230.37,230.38,230.41,230.41,230.39,230.39
07/20/2026,14:14,230.39,230.39,230.31,230.31,230.4,230.4,230.33,230.33
07/20/2026,14:15,230.33,230.36,230.33,230.36,230.35,230.38,230.35,230.38
07/20/2026,14:16,230.38,230.38,230.38,230.38,230.39,230.39,230.39,230.39
07/20/2026,14:17,230.4,230.4,230.39,230.39,230.41,230.41,230.4,230.4
07/20/2026,14:18,230.39,230.4,230.39,230.4,230.41,230.41,230.4,230.41
07/20/2026,14:19,230.39,230.42,230.39,230.42,230.41,230.44,230.41,230.44
07/20/2026,14:20,230.43,230.44,230.43,230.44,230.45,230.45,230.45,230.45
07/20/2026,14:21,230.46,230.46,230.42,230.43,230.48,230.48,230.43,230.44
07/20/2026,14:22,230.39,230.39,230.36,230.36,230.4,230.4,230.37,230.37
07/20/2026,14:23,230.33,230.33,230.33,230.33,230.34,230.34,230.34,230.34
07/20/2026,14:24,230.31,230.31,230.28,230.28,230.32,230.32,230.3,230.3
07/20/2026,14:25,230.3,230.32,230.3,230.32,230.31,230.33,230.31,230.33
07/20/2026,14:26,230.36,230.36,230.33,230.33,230.37,230.37,230.34,230.34
07/20/2026,14:27,230.29,230.29,230.29,230.29,230.31,230.31,230.31,230.31
07/20/2026,14:28,230.3,230.31,230.3,230.31,230.32,230.32,230.32,230.32
07/20/2026,14:29,230.36,230.36,230.36,230.36,230.37,230.37,230.37,230.37
07/20/2026,14:30,230.33,230.33,230.3,230.3,230.34,230.34,230.31,230.31
07/20/2026,14:31,230.26,230.26,230.25,230.25,230.27,230.27,230.27,230.27
07/20/2026,14:32,230.24,230.24,230.24,230.24,230.25,230.25,230.25,230.25
07/20/2026,14:33,230.22,230.23,230.2,230.21,230.23,230.24,230.22,230.23
07/20/2026,14:34,230.21,230.21,230.19,230.19,230.22,230.22,230.2,230.2
07/20/2026,14:35,230.17,230.17,230.17,230.17,230.18,230.19,230.18,230.19
07/20/2026,14:36,230.19,230.19,230.18,230.18,230.2,230.2,230.19,230.19
07/20/2026,14:37,230.23,230.23,230.22,230.22,230.24,230.24,230.23,230.23
07/20/2026,14:38,230.2,230.23,230.16,230.16,230.21,230.24,230.18,230.18
07/20/2026,14:39,230.11,230.11,230.11,230.11,230.12,230.12,230.12,230.12
07/20/2026,14:40,230.08,230.08,230.05,230.05,230.09,230.1,230.06,230.06
07/20/2026,14:41,230.03,230.05,230.03,230.05,230.04,230.07,230.04,230.07
07/20/2026,14:42,230.03,230.03,229.97,229.97,230.04,230.04,229.98,229.99
07/20/2026,14:43,229.99,229.99,229.98,229.99,230,230,229.99,230
07/20/2026,14:44,229.98,229.99,229.91,229.91,230,230,229.92,229.92
07/20/2026,14:45,229.89,229.89,229.89,229.89,229.9,229.9,229.9,229.9
07/20/2026,14:46,229.92,229.95,229.92,229.93,229.94,229.98,229.94,229.96
07/20/2026,14:47,229.95,229.95,229.93,229.93,229.96,229.96,229.95,229.95
07/20/2026,14:48,229.97,229.97,229.97,229.97,229.99,229.99,229.98,229.98
07/20/2026,14:49,229.96,229.96,229.93,229.93,229.98,229.98,229.94,229.94
07/20/2026,14:50,229.88,229.88,229.88,229.88,229.9,229.9,229.89,229.9
07/20/2026,14:52,229.93,229.94,229.93,229.94,229.94,229.96,229.94,229.96
07/20/2026,14:54,230,230,230,230,230.01,230.01,230.01,230.01
07/20/2026,14:55,229.98,229.98,229.97,229.98,230,230,229.98,230
07/20/2026,14:56,229.98,229.98,229.97,229.98,229.99,230.01,229.99,230.01
07/20/2026,14:57,229.96,229.96,229.94,229.94,229.97,229.97,229.95,229.95
07/20/2026,14:58,229.92,229.92,229.91,229.91,229.93,229.93,229.92,229.92
07/20/2026,14:59,229.93,229.93,229.88,229.88,229.95,229.95,229.89,229.89
07/20/2026,15:00,229.88,229.96,229.88,229.96,229.9,229.97,229.9,229.97
07/20/2026,15:01,229.97,229.98,229.97,229.97,230,230,229.98,229.98
07/20/2026,15:02,229.96,229.96,229.9,229.91,229.97,229.97,229.92,229.93
07/20/2026,15:03,229.9,229.9,229.85,229.86,229.91,229.91,229.86,229.87
07/20/2026,15:04,229.88,229.9,229.88,229.89,229.91,229.91,229.9,229.9
07/20/2026,15:05,229.9,229.91,229.88,229.88,229.92,229.92,229.9,229.9
07/20/2026,15:06,229.86,229.89,229.86,229.89,229.87,229.9,229.87,229.9
07/20/2026,15:07,229.92,229.92,229.89,229.89,229.93,229.93,229.91,229.91
07/20/2026,15:08,229.89,229.89,229.87,229.88,229.9,229.9,229.88,229.88
07/20/2026,15:09,229.89,229.94,229.89,229.94,229.91,229.96,229.91,229.96
07/20/2026,15:10,229.94,229.96,229.92,229.92,229.95,229.98,229.93,229.93
07/20/2026,15:11,229.9,229.9,229.86,229.86,229.91,229.91,229.88,229.88
07/20/2026,15:12,229.85,229.85,229.81,229.82,229.86,229.86,229.83,229.83
07/20/2026,15:13,229.82,229.83,229.78,229.78,229.83,229.84,229.8,229.8
07/20/2026,15:14,229.77,229.77,229.66,229.66,229.78,229.78,229.67,229.67
07/20/2026,15:15,229.61,229.69,229.61,229.69,229.62,229.71,229.62,229.71
07/20/2026,15:16,229.69,229.69,229.69,229.69,229.71,229.71,229.71,229.71
07/20/2026,15:17,229.73,229.74,229.68,229.7,229.74,229.75,229.7,229.73
07/20/2026,15:18,229.69,229.69,229.69,229.69,229.72,229.72,229.7,229.71
07/20/2026,15:19,229.71,229.73,229.7,229.73,229.72,229.75,229.71,229.74
07/20/2026,15:20,229.75,229.8,229.75,229.76,229.76,229.81,229.76,229.77
07/20/2026,15:21,229.77,229.8,229.77,229.79,229.79,229.82,229.79,229.8
07/20/2026,15:22,229.81,229.83,229.77,229.77,229.83,229.85,229.79,229.79
07/20/2026,15:23,229.78,229.79,229.78,229.79,229.8,229.81,229.8,229.81
07/20/2026,15:24,229.85,229.85,229.83,229.83,229.87,229.87,229.85,229.85
07/20/2026,15:25,229.84,229.86,229.84,229.86,229.86,229.88,229.86,229.88
07/20/2026,15:26,229.79,229.79,229.76,229.76,229.81,229.81,229.78,229.78
07/20/2026,15:27,229.77,229.77,229.77,229.77,229.79,229.79,229.79,229.79
07/20/2026,15:28,229.78,229.78,229.76,229.76,229.81,229.81,229.78,229.78
07/20/2026,15:29,229.76,229.86,229.75,229.86,229.78,229.88,229.77,229.87
07/20/2026,15:30,229.9,229.9,229.8,229.81,229.92,229.92,229.82,229.82
07/20/2026,15:31,229.86,229.92,229.85,229.92,229.89,229.94,229.87,229.94
07/20/2026,15:32,229.92,229.92,229.91,229.91,229.94,229.94,229.92,229.94
07/20/2026,15:33,229.92,229.92,229.88,229.88,229.94,229.94,229.9,229.9
07/20/2026,15:34,229.88,229.91,229.88,229.9,229.9,229.93,229.9,229.92
07/20/2026,15:35,229.89,229.89,229.83,229.84,229.91,229.91,229.85,229.85
07/20/2026,15:36,229.82,229.85,229.82,229.85,229.84,229.88,229.84,229.87
07/20/2026,15:37,229.79,229.83,229.79,229.83,229.82,229.85,229.81,229.85
07/20/2026,15:38,229.82,229.87,229.82,229.85,229.83,229.87,229.83,229.87
07/20/2026,15:39,229.88,229.9,229.88,229.9,229.9,229.92,229.9,229.91
07/20/2026,15:40,229.89,229.92,229.89,229.89,229.91,229.93,229.9,229.91
07/20/2026,15:41,229.93,229.96,229.93,229.94,229.95,229.97,229.95,229.95
07/20/2026,15:42,229.95,229.95,229.87,229.87,229.97,229.97,229.88,229.88
07/20/2026,15:43,229.89,229.89,229.89,229.89,229.91,229.91,229.91,229.91
07/20/2026,15:44,229.89,229.89,229.89,229.89,229.92,229.92,229.91,229.91
07/20/2026,15:45,229.95,229.97,229.92,229.92,229.97,229.98,229.93,229.93
07/20/2026,15:46,229.9,229.97,229.9,229.97,229.92,230,229.92,230
07/20/2026,15:47,229.95,229.97,229.93,229.93,229.98,229.98,229.95,229.95
07/20/2026,15:48,229.91,229.91,229.88,229.9,229.94,229.94,229.9,229.92
07/20/2026,15:49,229.9,229.95,229.9,229.94,229.92,229.97,229.92,229.96
07/20/2026,15:50,229.87,229.95,229.87,229.89,229.92,229.96,229.89,229.9
07/20/2026,15:51,229.89,229.89,229.85,229.85,229.91,229.91,229.86,229.86
07/20/2026,15:52,229.83,229.85,229.78,229.81,229.84,229.87,229.79,229.83
07/20/2026,15:53,229.81,229.81,229.76,229.76,229.82,229.82,229.78,229.78
07/20/2026,15:54,229.77,229.78,229.73,229.78,229.78,229.81,229.74,229.81
07/20/2026,15:55,229.81,229.81,229.69,229.73,229.83,229.83,229.71,229.74
07/20/2026,15:56,229.7,229.73,229.59,229.73,229.71,229.75,229.6,229.74
07/20/2026,15:57,229.75,229.76,229.72,229.73,229.76,229.79,229.73,229.74
07/20/2026,15:58,229.75,229.75,229.71,229.72,229.76,229.76,229.72,229.74
07/20/2026,15:59,229.73,229.73,229.64,229.73,229.74,229.75,229.65,229.75
07/21/2026,09:30,229.58,229.6,229.58,229.59,229.86,229.86,229.84,229.84
07/21/2026,09:31,229.55,229.55,229.55,229.55,229.72,229.72,229.72,229.72
07/21/2026,09:32,229.56,229.56,229.56,229.56,229.72,229.72,229.72,229.72
07/21/2026,09:34,229.66,229.72,229.62,229.72,229.73,229.84,229.71,229.84
07/21/2026,09:35,229.77,229.78,229.77,229.78,229.84,229.84,229.84,229.84
07/21/2026,09:36,229.73,229.73,229.66,229.66,229.77,229.77,229.7,229.7
07/21/2026,09:37,229.6,229.7,229.6,229.61,229.68,229.8,229.66,229.66
07/21/2026,09:38,229.61,229.61,229.54,229.54,229.68,229.68,229.61,229.61
07/21/2026,09:39,229.49,229.49,229.49,229.49,229.56,229.56,229.56,229.56
07/21/2026,09:40,229.41,229.41,229.22,229.22,229.51,229.51,229.29,229.29
07/21/2026,09:41,229.16,229.2,229.16,229.2,229.22,229.26,229.22,229.26
07/21/2026,09:42,229.18,229.18,229.09,229.09,229.25,229.25,229.12,229.12
07/21/2026,09:43,229.18,229.18,229.18,229.18,229.22,229.22,229.22,229.22
07/21/2026,09:44,229.12,229.12,229.12,229.12,229.21,229.21,229.21,229.21
07/21/2026,09:46,229.33,229.37,229.32,229.37,229.38,229.47,229.38,229.47
07/21/2026,09:47,229.39,229.39,229.39,229.39,229.45,229.46,229.45,229.46
07/21/2026,09:48,229.51,229.72,229.5,229.72,229.57,229.77,229.57,229.77
07/21/2026,09:49,229.75,229.75,229.7,229.7,229.82,229.82,229.75,229.75
07/21/2026,09:50,229.67,229.67,229.54,229.58,229.71,229.71,229.58,229.63
07/21/2026,09:51,229.54,229.54,229.51,229.51,229.58,229.58,229.52,229.52
07/21/2026,09:52,229.55,229.55,229.52,229.52,229.59,229.59,229.58,229.58
07/21/2026,09:53,229.57,229.7,229.57,229.7,229.61,229.74,229.61,229.74
07/21/2026,09:54,229.77,229.77,229.71,229.71,229.8,229.8,229.76,229.76
07/21/2026,09:55,229.83,229.83,229.81,229.81,229.88,229.88,229.84,229.84
07/21/2026,09:56,229.84,229.84,229.84,229.84,229.89,229.89,229.89,229.89
07/21/2026,09:57,229.81,229.81,229.81,229.81,229.86,229.86,229.86,229.86
07/21/2026,09:58,229.85,229.85,229.76,229.76,229.87,229.87,229.78,229.78
07/21/2026,09:59,229.85,229.85,229.85,229.85,229.9,229.9,229.9,229.9
07/21/2026,10:00,229.88,229.9,229.87,229.87,229.9,229.94,229.9,229.94
07/21/2026,10:01,229.86,229.86,229.86,229.86,229.92,229.92,229.92,229.92
07/21/2026,10:02,229.88,229.97,229.88,229.95,229.92,230,229.92,230
07/21/2026,10:03,230,230.05,230,230.05,230.05,230.1,230.05,230.1
07/21/2026,10:04,230.08,230.08,230.08,230.08,230.14,230.14,230.14,230.14
07/21/2026,10:05,230.04,230.06,230.04,230.06,230.1,230.11,230.1,230.11
07/21/2026,10:07,230.03,230.03,230.02,230.02,230.06,230.08,230.06,230.08
07/21/2026,10:09,230.11,230.11,230.09,230.09,230.16,230.16,230.14,230.14
07/21/2026,10:10,230.07,230.08,230.07,230.08,230.12,230.15,230.11,230.14
07/21/2026,10:11,230.07,230.08,230.05,230.05,230.11,230.14,230.1,230.12
07/21/2026,10:12,230.07,230.09,230.07,230.09,230.11,230.11,230.1,230.11
07/21/2026,10:13,230,230.02,230,230.02,230.02,230.07,230.02,230.07
07/21/2026,10:14,230.09,230.13,230.09,230.13,230.1,230.18,230.1,230.18
07/21/2026,10:15,230.15,230.15,230.08,230.11,230.19,230.19,230.11,230.13
07/21/2026,10:16,230.1,230.1,230.04,230.04,230.11,230.11,230.07,230.07
07/21/2026,10:18,230.14,230.19,230.14,230.19,230.18,230.21,230.18,230.21
07/21/2026,10:20,230.17,230.17,230.11,230.11,230.22,230.22,230.15,230.16
07/21/2026,10:21,230.14,230.14,230.12,230.12,230.15,230.15,230.14,230.14
07/21/2026,10:22,230.15,230.15,230.13,230.13,230.16,230.17,230.16,230.16
07/21/2026,10:23,230.2,230.23,230.2,230.23,230.21,230.27,230.21,230.27
07/21/2026,10:24,230.23,230.23,230.23,230.23,230.25,230.25,230.25,230.25
07/21/2026,10:25,230.23,230.28,230.23,230.28,230.26,230.3,230.26,230.29
07/21/2026,10:26,230.24,230.28,230.24,230.24,230.28,230.31,230.27,230.27
07/21/2026,10:27,230.23,230.25,230.23,230.25,230.25,230.29,230.25,230.29
07/21/2026,10:28,230.28,230.29,230.28,230.29,230.31,230.33,230.3,230.3
07/21/2026,10:29,230.32,230.35,230.32,230.35,230.35,230.38,230.35,230.38
07/21/2026,10:30,230.4,230.4,230.39,230.4,230.43,230.44,230.41,230.41
07/21/2026,10:31,230.42,230.42,230.42,230.42,230.45,230.45,230.45,230.45
07/21/2026,10:32,230.4,230.42,230.36,230.37,230.42,230.44,230.38,230.38
07/21/2026,10:35,230.35,230.36,230.23,230.23,230.38,230.38,230.26,230.26
07/21/2026,10:36,230.24,230.24,230.24,230.24,230.25,230.25,230.25,230.25
07/21/2026,10:37,230.15,230.18,230.15,230.18,230.19,230.22,230.19,230.22
07/21/2026,10:38,230.07,230.07,230.07,230.07,230.1,230.1,230.1,230.1
07/21/2026,10:39,230.09,230.09,230.09,230.09,230.13,230.13,230.13,230.13
07/21/2026,10:40,230.12,230.12,230.09,230.09,230.15,230.15,230.12,230.12
07/21/2026,10:41,230.06,230.07,230.06,230.07,230.1,230.11,230.1,230.11
07/21/2026,10:42,230.1,230.1,230.1,230.1,230.15,230.15,230.15,230.15
07/21/2026,10:43,230.14,230.24,230.14,230.24,230.18,230.27,230.18,230.27
07/21/2026,10:44,230.24,230.24,230.24,230.24,230.25,230.25,230.25,230.25
07/21/2026,10:45,230.22,230.22,230.21,230.21,230.26,230.26,230.24,230.24
07/21/2026,10:46,230.21,230.21,230.2,230.2,230.22,230.23,230.22,230.23
07/21/2026,10:47,230.2,230.2,230.2,230.2,230.22,230.22,230.22,230.22
07/21/2026,10:48,230.24,230.26,230.24,230.26,230.25,230.3,230.25,230.3
07/21/2026,10:49,230.27,230.27,230.27,230.27,230.3,230.3,230.3,230.3
07/21/2026,10:50,230.28,230.28,230.23,230.23,230.31,230.31,230.25,230.25
07/21/2026,10:51,230.24,230.25,230.23,230.23,230.27,230.27,230.25,230.25
07/21/2026,10:54,230.1,230.1,230.1,230.1,230.11,230.11,230.11,230.11
07/21/2026,10:56,230.12,230.12,230.11,230.11,230.15,230.15,230.13,230.13
07/21/2026,10:57,230.09,230.12,230.09,230.12,230.13,230.13,230.13,230.13
07/21/2026,10:59,230.2,230.2,230.2,230.2,230.23,230.23,230.23,230.23
07/21/2026,11:00,230.2,230.2,230.18,230.18,230.22,230.22,230.2,230.2
07/21/2026,11:01,230.15,230.15,230.15,230.15,230.16,230.16,230.16,230.16
07/21/2026,11:02,230.08,230.08,230,230,230.11,230.11,230.03,230.03
07/21/2026,11:03,229.98,229.98,229.98,229.98,229.99,229.99,229.99,229.99
07/21/2026,11:04,230.01,230.01,230,230,230.02,230.03,230.02,230.03
07/21/2026,11:05,230.01,230.01,230.01,230.01,230.04,230.04,230.04,230.04
07/21/2026,11:06,230.07,230.07,230.07,230.07,230.08,230.08,230.08,230.08
07/21/2026,11:07,230.06,230.06,230.06,230.06,230.09,230.09,230.08,230.08
07/21/2026,11:08,230.06,230.06,230.06,230.06,230.07,230.07,230.07,230.07
07/21/2026,11:09,230.18,230.18,230.17,230.17,230.2,230.2,230.18,230.18
07/21/2026,11:10,230.19,230.23,230.19,230.19,230.22,230.25,230.22,230.22
07/21/2026,11:11,230.18,230.18,230.17,230.17,230.22,230.22,230.19,230.19
07/21/2026,11:12,230.24,230.24,230.24,230.24,230.28,230.28,230.28,230.28
07/21/2026,11:13,230.22,230.22,230.17,230.17,230.23,230.23,230.19,230.19
07/21/2026,11:14,230.17,230.17,230.17,230.17,230.21,230.21,230.21,230.21
07/21/2026,11:15,230.16,230.16,230.16,230.16,230.2,230.2,230.2,230.2
07/21/2026,11:17,230.29,230.29,230.29,230.29,230.32,230.32,230.32,230.32
07/21/2026,11:18,230.3,230.3,230.3,230.3,230.33,230.33,230.33,230.33
07/21/2026,11:19,230.34,230.38,230.34,230.37,230.36,230.41,230.36,230.41
07/21/2026,11:20,230.37,230.37,230.37,230.37,230.4,230.4,230.4,230.4
07/21/2026,11:21,230.46,230.47,230.4,230.4,230.49,230.5,230.42,230.42
07/21/2026,11:22,230.39,230.39,230.39,230.39,230.43,230.43,230.43,230.43
07/21/2026,11:24,230.41,230.41,230.41,230.41,230.43,230.43,230.43,230.43
07/21/2026,11:26,230.4,230.4,230.4,230.4,230.41,230.41,230.41,230.41
07/21/2026,11:27,230.46,230.46,230.46,230.46,230.5,230.5,230.5,230.5
07/21/2026,11:32,230.48,230.52,230.48,230.52,230.49,230.55,230.49,230.55
07/21/2026,11:33,230.5,230.5,230.44,230.44,230.52,230.52,230.47,230.47
07/21/2026,11:34,230.37,230.37,230.37,230.37,230.4,230.4,230.4,230.4
07/21/2026,11:35,230.37,230.38,230.26,230.28,230.4,230.41,230.31,230.31
07/21/2026,11:36,230.25,230.25,230.25,230.25,230.28,230.28,230.28,230.28
07/21/2026,11:37,230.28,230.28,230.28,230.28,230.31,230.31,230.31,230.31
07/21/2026,11:40,230.34,230.36,230.34,230.36,230.37,230.4,230.37,230.4
07/21/2026,11:41,230.39,230.42,230.39,230.41,230.42,230.45,230.41,230.44
07/21/2026,11:42,230.44,230.44,230.44,230.44,230.45,230.45,230.45,230.45
07/21/2026,11:43,230.41,230.41,230.38,230.39,230.43,230.43,230.4,230.4
07/21/2026,11:45,230.39,230.39,230.39,230.39,230.42,230.42,230.4,230.4
07/21/2026,11:46,230.38,230.38,230.38,230.38,230.4,230.41,230.39,230.39
07/21/2026,11:47,230.39,230.39,230.39,230.39,230.41,230.41,230.41,230.41
07/21/2026,11:48,230.36,230.36,230.36,230.36,230.39,230.39,230.39,230.39
07/21/2026,11:49,230.42,230.42,230.39,230.39,230.44,230.44,230.42,230.42
07/21/2026,11:50,230.4,230.4,230.4,230.4,230.42,230.42,230.41,230.41
07/21/2026,11:51,230.41,230.41,230.41,230.41,230.44,230.44,230.44,230.44
07/21/2026,11:52,230.42,230.42,230.39,230.39,230.44,230.44,230.42,230.42
07/21/2026,11:55,230.41,230.44,230.41,230.44,230.43,230.46,230.43,230.46
07/21/2026,11:56,230.43,230.43,230.43,230.43,230.46,230.46,230.46,230.46
07/21/2026,11:58,230.41,230.41,230.41,230.41,230.44,230.44,230.44,230.44
07/21/2026,11:59,230.4,230.41,230.4,230.41,230.43,230.44,230.43,230.44
07/21/2026,12:01,230.45,230.45,230.45,230.45,230.48,230.48,230.48,230.48
07/21/2026,12:02,230.46,230.46,230.46,230.46,230.49,230.49,230.49,230.49
07/21/2026,12:03,230.48,230.48,230.48,230.48,230.5,230.5,230.5,230.5
07/21/2026,12:04,230.49,230.49,230.49,230.49,230.51,230.51,230.51,230.51
07/21/2026,12:05,230.52,230.52,230.5,230.51,230.53,230.53,230.52,230.52
07/21/2026,12:06,230.48,230.48,230.48,230.48,230.5,230.51,230.5,230.51
07/21/2026,12:07,230.48,230.48,230.48,230.48,230.5,230.5,230.5,230.5
07/21/2026,12:09,230.48,230.48,230.48,230.48,230.49,230.49,230.49,230.49
07/21/2026,12:11,230.51,230.51,230.51,230.51,230.52,230.52,230.52,230.52
07/21/2026,12:13,230.52,230.53,230.52,230.53,230.55,230.56,230.55,230.56
07/21/2026,12:14,230.57,230.58,230.57,230.58,230.6,230.61,230.6,230.61
07/21/2026,12:15,230.62,230.62,230.62,230.62,230.64,230.64,230.64,230.64
07/21/2026,12:16,230.62,230.63,230.62,230.63,230.65,230.66,230.65,230.66
07/21/2026,12:17,230.62,230.63,230.62,230.63,230.64,230.65,230.64,230.65
07/21/2026,12:18,230.7,230.7,230.7,230.7,230.71,230.71,230.71,230.71
07/21/2026,12:19,230.67,230.68,230.67,230.68,230.68,230.71,230.68,230.71
07/21/2026,12:20,230.67,230.68,230.67,230.68,230.69,230.7,230.69,230.69
07/21/2026,12:21,230.68,230.68,230.65,230.65,230.69,230.69,230.68,230.68
07/21/2026,12:22,230.69,230.69,230.69,230.69,230.72,230.72,230.72,230.72
07/21/2026,12:23,230.68,230.71,230.68,230.7,230.7,230.73,230.7,230.73
07/21/2026,12:24,230.71,230.73,230.71,230.73,230.73,230.75,230.73,230.75
07/21/2026,12:25,230.73,230.74,230.71,230.71,230.75,230.76,230.73,230.73
07/21/2026,12:26,230.71,230.77,230.71,230.77,230.74,230.78,230.74,230.78
07/21/2026,12:27,230.77,230.78,230.77,230.78,230.8,230.81,230.8,230.81
07/21/2026,12:28,230.81,230.82,230.81,230.82,230.82,230.85,230.82,230.85
07/21/2026,12:29,230.85,230.85,230.84,230.84,230.86,230.86,230.85,230.85
07/21/2026,12:31,230.86,230.86,230.82,230.82,230.87,230.87,230.84,230.84
07/21/2026,12:32,230.85,230.85,230.85,230.85,230.88,230.88,230.88,230.88
07/21/2026,12:34,230.87,230.87,230.87,230.87,230.9,230.9,230.9,230.9
07/21/2026,12:35,230.87,230.87,230.81,230.81,230.88,230.88,230.84,230.84
07/21/2026,12:36,230.8,230.8,230.77,230.77,230.82,230.82,230.8,230.8
07/21/2026,12:37,230.78,230.78,230.73,230.74,230.79,230.79,230.75,230.77
07/21/2026,12:38,230.75,230.75,230.75,230.75,230.77,230.77,230.77,230.77
07/21/2026,12:39,230.74,230.74,230.74,230.74,230.75,230.75,230.75,230.75
07/21/2026,12:40,230.74,230.74,230.74,230.74,230.77,230.77,230.77,230.77
07/21/2026,12:41,230.72,230.72,230.72,230.72,230.73,230.73,230.73,230.73
07/21/2026,12:42,230.71,230.72,230.71,230.72,230.73,230.74,230.73,230.74
07/21/2026,12:43,230.72,230.72,230.72,230.72,230.73,230.73,230.73,230.73
07/21/2026,12:44,230.71,230.71,230.71,230.71,230.72,230.73,230.72,230.73
07/21/2026,12:45,230.69,230.7,230.67,230.7,230.71,230.71,230.69,230.71
07/21/2026,12:46,230.71,230.71,230.68,230.7,230.73,230.73,230.71,230.71
07/21/2026,12:47,230.69,230.69,230.68,230.68,230.71,230.71,230.7,230.7
07/21/2026,12:48,230.67,230.67,230.66,230.67,230.68,230.68,230.67,230.68
07/21/2026,12:49,230.67,230.67,230.65,230.65,230.68,230.68,230.66,230.66
07/21/2026,12:50,230.64,230.67,230.64,230.67,230.66,230.69,230.66,230.69
07/21/2026,12:51,230.67,230.67,230.66,230.66,230.69,230.69,230.68,230.68
07/21/2026,12:52,230.69,230.7,230.69,230.7,230.71,230.72,230.71,230.72
07/21/2026,12:53,230.68,230.69,230.68,230.69,230.7,230.71,230.7,230.71
07/21/2026,12:54,230.69,230.7,230.68,230.7,230.71,230.71,230.71,230.71
07/21/2026,12:55,230.71,230.71,230.71,230.71,230.73,230.73,230.73,230.73
07/21/2026,12:56,230.7,230.7,230.68,230.68,230.71,230.71,230.7,230.7
07/21/2026,12:57,230.67,230.68,230.67,230.68,230.69,230.69,230.69,230.69
07/21/2026,12:59,230.67,230.67,230.66,230.66,230.69,230.69,230.67,230.68
07/21/2026,13:00,230.64,230.64,230.64,230.64,230.66,230.66,230.66,230.66
07/21/2026,13:03,230.61,230.61,230.61,230.61,230.64,230.64,230.64,230.64
07/21/2026,13:04,230.62,230.62,230.62,230.62,230.65,230.65,230.65,230.65
07/21/2026,13:05,230.64,230.65,230.64,230.65,230.66,230.68,230.66,230.67
07/21/2026,13:06,230.68,230.68,230.67,230.67,230.7,230.7,230.7,230.7
07/21/2026,13:07,230.68,230.68,230.68,230.68,230.7,230.7,230.7,230.7
07/21/2026,13:08,230.69,230.71,230.69,230.71,230.71,230.73,230.71,230.73
07/21/2026,13:09,230.7,230.7,230.7,230.7,230.72,230.72,230.72,230.72
07/21/2026,13:10,230.65,230.65,230.63,230.63,230.66,230.66,230.65,230.65
07/21/2026,13:11,230.64,230.67,230.64,230.65,230.66,230.69,230.66,230.68
07/21/2026,13:12,230.66,230.66,230.65,230.65,230.68,230.68,230.67,230.67
07/21/2026,13:13,230.68,230.68,230.68,230.68,230.69,230.69,230.69,230.69
07/21/2026,13:14,230.65,230.65,230.65,230.65,230.66,230.66,230.66,230.66
07/21/2026,13:15,230.63,230.63,230.57,230.57,230.64,230.64,230.59,230.59
07/21/2026,13:16,230.55,230.55,230.55,230.55,230.57,230.57,230.57,230.57
07/21/2026,13:17,230.56,230.56,230.56,230.56,230.57,230.57,230.57,230.57
07/21/2026,13:18,230.56,230.57,230.56,230.56,230.57,230.58,230.57,230.58
07/21/2026,13:19,230.58,230.58,230.55,230.55,230.59,230.59,230.56,230.56
07/21/2026,13:20,230.52,230.52,230.52,230.52,230.53,230.53,230.53,230.53
07/21/2026,13:21,230.52,230.53,230.52,230.52,230.53,230.54,230.53,230.54
07/21/2026,13:23,230.58,230.58,230.58,230.58,230.61,230.61,230.61,230.61
07/21/2026,13:24,230.57,230.57,230.57,230.57,230.59,230.59,230.58,230.58
07/21/2026,13:25,230.59,230.59,230.59,230.59,230.61,230.61,230.6,230.6
07/21/2026,13:26,230.58,230.58,230.58,230.58,230.6,230.6,230.6,230.6
07/21/2026,13:27,230.57,230.57,230.55,230.55,230.58,230.58,230.56,230.56
07/21/2026,13:29,230.53,230.53,230.53,230.53,230.55,230.55,230.54,230.54
07/21/2026,13:30,230.52,230.54,230.52,230.53,230.54,230.55,230.54,230.55
07/21/2026,13:31,230.51,230.51,230.5,230.51,230.52,230.53,230.51,230.53
07/21/2026,13:32,230.52,230.52,230.52,230.52,230.53,230.54,230.53,230.54
07/21/2026,13:33,230.52,230.52,230.52,230.52,230.54,230.54,230.54,230.54
07/21/2026,13:35,230.49,230.5,230.49,230.5,230.51,230.52,230.51,230.52
07/21/2026,13:36,230.55,230.55,230.55,230.55,230.57,230.57,230.57,230.57
07/21/2026,13:37,230.55,230.56,230.55,230.56,230.56,230.59,230.56,230.59
07/21/2026,13:38,230.58,230.58,230.58,230.58,230.61,230.61,230.61,230.61
07/21/2026,13:39,230.6,230.6,230.6,230.6,230.61,230.61,230.61,230.61
07/21/2026,13:40,230.59,230.59,230.59,230.59,230.6,230.6,230.6,230.6
07/21/2026,13:41,230.56,230.57,230.56,230.56,230.57,230.59,230.57,230.59
07/21/2026,13:42,230.55,230.55,230.55,230.55,230.58,230.58,230.58,230.58
07/21/2026,13:43,230.56,230.57,230.56,230.57,230.59,230.59,230.59,230.59
07/21/2026,13:44,230.59,230.59,230.58,230.58,230.61,230.61,230.6,230.6
07/21/2026,13:45,230.62,230.62,230.61,230.61,230.63,230.64,230.63,230.63
07/21/2026,13:47,230.61,230.61,230.61,230.61,230.62,230.62,230.62,230.62
07/21/2026,13:49,230.64,230.64,230.64,230.64,230.65,230.65,230.65,230.65
07/21/2026,13:50,230.63,230.63,230.63,230.63,230.64,230.64,230.64,230.64
07/21/2026,13:51,230.61,230.62,230.61,230.62,230.62,230.64,230.62,230.63
07/21/2026,13:53,230.68,230.68,230.67,230.67,230.69,230.7,230.69,230.7
07/21/2026,13:54,230.64,230.64,230.64,230.64,230.66,230.66,230.66,230.66
07/21/2026,13:55,230.63,230.63,230.63,230.63,230.64,230.64,230.64,230.64
07/21/2026,13:56,230.64,230.64,230.59,230.59,230.65,230.65,230.62,230.62
07/21/2026,13:57,230.59,230.62,230.59,230.62,230.61,230.63,230.61,230.63
07/21/2026,13:58,230.61,230.63,230.61,230.63,230.63,230.65,230.63,230.65
07/21/2026,13:59,230.65,230.65,230.65,230.65,230.67,230.67,230.67,230.67
07/21/2026,14:00,230.64,230.64,230.63,230.63,230.65,230.65,230.64,230.64
07/21/2026,14:01,230.62,230.62,230.62,230.62,230.64,230.64,230.64,230.64
07/21/2026,14:02,230.62,230.62,230.57,230.57,230.63,230.63,230.58,230.58
07/21/2026,14:03,230.5,230.5,230.48,230.48,230.53,230.53,230.5,230.5
07/21/2026,14:04,230.53,230.53,230.52,230.52,230.54,230.54,230.54,230.54
07/21/2026,14:05,230.48,230.48,230.48,230.48,230.49,230.49,230.49,230.49
07/21/2026,14:07,230.5,230.5,230.5,230.5,230.52,230.52,230.52,230.52
07/21/2026,14:08,230.55,230.55,230.55,230.55,230.58,230.58,230.58,230.58
07/21/2026,14:09,230.58,230.58,230.58,230.58,230.59,230.59,230.59,230.59
07/21/2026,14:10,230.55,230.55,230.54,230.54,230.57,230.57,230.56,230.56
07/21/2026,14:12,230.6,230.6,230.58,230.59,230.62,230.62,230.6,230.61
07/21/2026,14:13,230.59,230.59,230.54,230.54,230.61,230.61,230.56,230.56
07/21/2026,14:14,230.51,230.51,230.51,230.51,230.54,230.54,230.52,230.52
07/21/2026,14:15,230.49,230.49,230.49,230.49,230.51,230.51,230.5,230.5
07/21/2026,14:16,230.49,230.49,230.48,230.48,230.51,230.51,230.5,230.51
07/21/2026,14:17,230.5,230.52,230.49,230.52,230.53,230.54,230.51,230.53
07/21/2026,14:18,230.49,230.49,230.49,230.49,230.52,230.52,230.52,230.52
07/21/2026,14:19,230.48,230.51,230.48,230.51,230.49,230.53,230.49,230.53
07/21/2026,14:20,230.54,230.54,230.54,230.54,230.55,230.55,230.55,230.55
07/21/2026,14:21,230.54,230.55,230.54,230.55,230.57,230.57,230.55,230.56
07/21/2026,14:22,230.54,230.54,230.54,230.54,230.57,230.57,230.56,230.56
07/21/2026,14:24,230.54,230.54,230.54,230.54,230.55,230.55,230.55,230.55
07/21/2026,14:25,230.5,230.5,230.5,230.5,230.51,230.51,230.51,230.51
07/21/2026,14:26,230.47,230.48,230.47,230.48,230.5,230.5,230.5,230.5
07/21/2026,14:27,230.49,230.51,230.49,230.5,230.5,230.52,230.5,230.51
07/21/2026,14:30,230.55,230.55,230.52,230.52,230.57,230.57,230.53,230.53
07/21/2026,14:31,230.5,230.5,230.47,230.47,230.51,230.51,230.5,230.5
07/21/2026,14:33,230.5,230.51,230.49,230.49,230.52,230.52,230.51,230.51
07/21/2026,14:34,230.49,230.49,230.49,230.49,230.51,230.51,230.5,230.5
07/21/2026,14:35,230.47,230.48,230.46,230.46,230.49,230.49,230.48,230.48
07/21/2026,14:36,230.47,230.47,230.46,230.46,230.49,230.49,230.48,230.48
07/21/2026,14:37,230.46,230.46,230.46,230.46,230.49,230.49,230.49,230.49
07/21/2026,14:38,230.47,230.49,230.47,230.49,230.49,230.5,230.49,230.5
07/21/2026,14:39,230.49,230.49,230.47,230.47,230.51,230.51,230.49,230.49
07/21/2026,14:40,230.45,230.45,230.45,230.45,230.47,230.47,230.47,230.47
07/21/2026,14:41,230.49,230.49,230.47,230.47,230.5,230.5,230.48,230.48
07/21/2026,14:42,230.45,230.45,230.45,230.45,230.47,230.47,230.47,230.47
07/21/2026,14:44,230.53,230.56,230.53,230.55,230.55,230.58,230.55,230.57
07/21/2026,14:45,230.57,230.57,230.55,230.55,230.59,230.59,230.57,230.57
07/21/2026,14:46,230.55,230.55,230.53,230.53,230.56,230.56,230.54,230.54
07/21/2026,14:47,230.51,230.52,230.51,230.52,230.53,230.53,230.53,230.53
07/21/2026,14:48,230.48,230.51,230.48,230.51,230.5,230.53,230.5,230.53
07/21/2026,14:49,230.52,230.55,230.52,230.54,230.54,230.56,230.54,230.56
07/21/2026,14:50,230.55,230.56,230.55,230.55,230.56,230.58,230.56,230.57
07/21/2026,14:51,230.55,230.55,230.55,230.55,230.56,230.56,230.56,230.56
07/21/2026,14:52,230.53,230.53,230.49,230.49,230.55,230.55,230.52,230.52
07/21/2026,14:54,230.47,230.47,230.47,230.47,230.49,230.49,230.49,230.49
07/21/2026,14:55,230.47,230.49,230.47,230.49,230.48,230.51,230.48,230.5
07/21/2026,14:56,230.5,230.5,230.48,230.49,230.51,230.51,230.5,230.51
07/21/2026,14:57,230.49,230.49,230.48,230.48,230.51,230.51,230.5,230.5
07/21/2026,14:58,230.49,230.51,230.49,230.51,230.52,230.52,230.52,230.52
07/21/2026,14:59,230.5,230.51,230.47,230.48,230.52,230.53,230.49,230.5
07/21/2026,15:00,230.5,230.5,230.43,230.43,230.51,230.51,230.45,230.45
07/21/2026,15:02,230.5,230.5,230.5,230.5,230.53,230.53,230.53,230.53
07/21/2026,15:03,230.52,230.54,230.52,230.54,230.54,230.55,230.54,230.55
07/21/2026,15:04,230.53,230.53,230.53,230.53,230.55,230.55,230.55,230.55
07/21/2026,15:05,230.54,230.54,230.54,230.54,230.56,230.56,230.56,230.56
07/21/2026,15:06,230.53,230.54,230.53,230.54,230.55,230.56,230.55,230.56
07/21/2026,15:08,230.51,230.51,230.51,230.51,230.53,230.53,230.53,230.53
07/21/2026,15:10,230.51,230.51,230.51,230.51,230.53,230.53,230.53,230.53
07/21/2026,15:11,230.53,230.53,230.53,230.53,230.54,230.56,230.54,230.56
07/21/2026,15:12,230.51,230.53,230.51,230.53,230.52,230.55,230.52,230.55
07/21/2026,15:13,230.53,230.53,230.53,230.53,230.54,230.55,230.54,230.55
07/21/2026,15:14,230.53,230.55,230.53,230.55,230.55,230.55,230.55,230.55
07/21/2026,15:15,230.56,230.58,230.55,230.58,230.57,230.6,230.57,230.6
07/21/2026,15:17,230.57,230.57,230.56,230.56,230.58,230.58,230.58,230.58
07/21/2026,15:19,230.54,230.54,230.54,230.54,230.56,230.56,230.56,230.56
07/21/2026,15:20,230.54,230.54,230.54,230.54,230.55,230.55,230.55,230.55
07/21/2026,15:22,230.54,230.54,230.54,230.54,230.56,230.56,230.56,230.56
07/21/2026,15:23,230.52,230.52,230.5,230.5,230.53,230.53,230.52,230.52
07/21/2026,15:24,230.51,230.51,230.51,230.51,230.53,230.53,230.53,230.53
07/21/2026,15:25,230.53,230.53,230.53,230.53,230.55,230.55,230.55,230.55
07/21/2026,15:26,230.54,230.55,230.54,230.55,230.55,230.56,230.55,230.56
07/21/2026,15:27,230.57,230.57,230.54,230.54,230.58,230.58,230.56,230.56
07/21/2026,15:30,230.56,230.56,230.53,230.53,230.57,230.57,230.55,230.55
07/21/2026,15:31,230.56,230.56,230.51,230.51,230.58,230.58,230.54,230.54
07/21/2026,15:32,230.53,230.53,230.52,230.53,230.55,230.55,230.53,230.55
07/21/2026,15:33,230.5,230.5,230.5,230.5,230.52,230.53,230.52,230.53
07/21/2026,15:34,230.51,230.51,230.49,230.49,230.53,230.54,230.5,230.5
07/21/2026,15:35,230.5,230.5,230.5,230.5,230.53,230.53,230.53,230.53
07/21/2026,15:36,230.55,230.55,230.54,230.55,230.57,230.57,230.56,230.57
07/21/2026,15:37,230.6,230.6,230.59,230.59,230.61,230.61,230.61,230.61
07/21/2026,15:38,230.59,230.59,230.54,230.57,230.6,230.6,230.57,230.58
07/21/2026,15:39,230.56,230.56,230.54,230.54,230.58,230.58,230.56,230.56
07/21/2026,15:40,230.53,230.53,230.53,230.53,230.54,230.56,230.54,230.56
07/21/2026,15:41,230.5,230.5,230.48,230.48,230.52,230.52,230.5,230.5
07/21/2026,15:42,230.47,230.47,230.47,230.47,230.49,230.49,230.48,230.48
07/21/2026,15:43,230.47,230.51,230.47,230.51,230.49,230.52,230.49,230.52
07/21/2026,15:44,230.51,230.57,230.51,230.57,230.53,230.59,230.53,230.59
07/21/2026,15:45,230.57,230.57,230.54,230.54,230.58,230.58,230.56,230.56
07/21/2026,15:46,230.55,230.55,230.55,230.55,230.57,230.57,230.56,230.56
07/21/2026,15:47,230.54,230.54,230.51,230.51,230.55,230.55,230.53,230.53
07/21/2026,15:48,230.55,230.56,230.55,230.56,230.57,230.59,230.57,230.59
07/21/2026,15:49,230.62,230.62,230.62,230.62,230.64,230.64,230.63,230.63
07/21/2026,15:50,230.57,230.6,230.54,230.54,230.59,230.61,230.56,230.56
07/21/2026,15:51,230.56,230.57,230.53,230.55,230.59,230.59,230.56,230.58
07/21/2026,15:52,230.58,230.58,230.55,230.56,230.6,230.6,230.57,230.57
07/21/2026,15:53,230.58,230.58,230.58,230.58,230.6,230.6,230.59,230.59
07/21/2026,15:54,230.56,230.56,230.52,230.52,230.59,230.59,230.55,230.55
07/21/2026,15:55,230.53,230.54,230.5,230.5,230.55,230.55,230.53,230.53
07/21/2026,15:56,230.55,230.59,230.55,230.59,230.57,230.6,230.57,230.6
07/21/2026,15:57,230.57,230.57,230.55,230.57,230.58,230.58,230.57,230.58
07/21/2026,15:58,230.55,230.55,230.52,230.53,230.57,230.57,230.53,230.54
07/21/2026,15:59,230.53,230.61,230.52,230.56,230.55,230.62,230.53,230.59
07/22/2026,09:30,230.9,230.9,230.79,230.79,231.01,231.13,231.01,231.13
07/22/2026,09:31,231.4,231.4,231.4,231.4,231.53,231.53,231.53,231.53
07/22/2026,09:33,231.12,231.12,231.12,231.12,231.23,231.23,231.23,231.23
07/22/2026,09:34,231.1,231.1,231.1,231.1,231.21,231.21,231.21,231.21
07/22/2026,09:35,231.01,231.07,231.01,231.07,231.12,231.13,231.12,231.13
07/22/2026,09:36,231.05,231.1,231.05,231.1,231.08,231.16,231.08,231.16
07/22/2026,09:37,231.05,231.05,231.05,231.05,231.11,231.11,231.11,231.11
07/22/2026,09:38,231.08,231.24,231.07,231.24,231.12,231.29,231.12,231.29
07/22/2026,09:39,231.27,231.29,231.27,231.29,231.29,231.31,231.29,231.31
07/22/2026,09:40,231.24,231.24,231.2,231.22,231.28,231.28,231.24,231.26
07/22/2026,09:41,231.27,231.27,231.2,231.2,231.34,231.34,231.26,231.26
07/22/2026,09:42,231.19,231.19,231.1,231.12,231.21,231.21,231.13,231.13
07/22/2026,09:43,231.09,231.17,231.09,231.17,231.12,231.2,231.12,231.2
07/22/2026,09:45,231.23,231.23,231.23,231.23,231.26,231.26,231.26,231.26
07/22/2026,09:46,231.33,231.35,231.33,231.35,231.35,231.4,231.35,231.4
07/22/2026,09:47,231.38,231.42,231.38,231.42,231.4,231.47,231.4,231.47
07/22/2026,09:48,231.43,231.46,231.43,231.46,231.48,231.51,231.48,231.51
07/22/2026,09:49,231.46,231.46,231.45,231.45,231.52,231.52,231.47,231.47
07/22/2026,09:52,231.27,231.41,231.27,231.41,231.33,231.46,231.33,231.46
07/22/2026,09:53,231.35,231.35,231.27,231.27,231.37,231.37,231.33,231.33
07/22/2026,09:54,231.28,231.28,231.28,231.28,231.3,231.3,231.3,231.3
07/22/2026,09:55,231.32,231.34,231.31,231.34,231.34,231.38,231.34,231.38
07/22/2026,09:56,231.29,231.33,231.29,231.3,231.34,231.38,231.34,231.35
07/22/2026,09:57,231.43,231.43,231.43,231.43,231.48,231.48,231.48,231.48
07/22/2026,09:58,231.51,231.51,231.49,231.49,231.56,231.56,231.54,231.54
07/22/2026,09:59,231.43,231.43,231.43,231.43,231.49,231.49,231.49,231.49
07/22/2026,10:00,231.46,231.53,231.46,231.5,231.48,231.57,231.48,231.56
07/22/2026,10:01,231.49,231.55,231.49,231.55,231.56,231.6,231.56,231.6
07/22/2026,10:02,231.55,231.56,231.55,231.56,231.6,231.62,231.59,231.59
07/22/2026,10:03,231.59,231.59,231.56,231.56,231.63,231.63,231.59,231.6
07/22/2026,10:04,231.61,231.64,231.61,231.64,231.66,231.68,231.66,231.68
07/22/2026,10:05,231.66,231.68,231.66,231.68,231.71,231.71,231.71,231.71
07/22/2026,10:06,231.72,231.72,231.72,231.72,231.75,231.76,231.75,231.76
07/22/2026,10:07,231.73,231.73,231.72,231.72,231.77,231.77,231.74,231.74
07/22/2026,10:08,231.58,231.58,231.57,231.57,231.62,231.62,231.61,231.62
07/22/2026,10:09,231.62,231.62,231.62,231.62,231.64,231.64,231.64,231.64
07/22/2026,10:10,231.63,231.65,231.62,231.64,231.67,231.71,231.65,231.68
07/22/2026,10:11,231.66,231.66,231.61,231.61,231.69,231.69,231.62,231.62
07/22/2026,10:12,231.59,231.64,231.56,231.64,231.61,231.68,231.6,231.68
07/22/2026,10:13,231.61,231.61,231.54,231.55,231.66,231.66,231.58,231.61
07/22/2026,10:14,231.54,231.54,231.54,231.54,231.57,231.57,231.57,231.57
07/22/2026,10:15,231.52,231.59,231.52,231.56,231.55,231.64,231.55,231.59
07/22/2026,10:16,231.57,231.57,231.57,231.57,231.58,231.58,231.58,231.58
07/22/2026,10:17,231.51,231.55,231.51,231.55,231.55,231.58,231.55,231.58
07/22/2026,10:18,231.53,231.53,231.52,231.52,231.58,231.58,231.56,231.56
07/22/2026,10:19,231.48,231.48,231.47,231.47,231.52,231.52,231.5,231.5
07/22/2026,10:21,231.48,231.48,231.47,231.47,231.49,231.52,231.49,231.49
07/22/2026,10:22,231.45,231.45,231.36,231.36,231.48,231.48,231.41,231.41
07/22/2026,10:23,231.35,231.41,231.35,231.41,231.39,231.45,231.39,231.45
07/22/2026,10:24,231.4,231.4,231.4,231.4,231.45,231.45,231.45,231.45
07/22/2026,10:25,231.38,231.38,231.3,231.31,231.39,231.39,231.34,231.35
07/22/2026,10:26,231.24,231.27,231.24,231.26,231.27,231.29,231.27,231.29
07/22/2026,10:27,231.25,231.25,231.19,231.19,231.28,231.28,231.22,231.22
07/22/2026,10:28,231.21,231.21,231.21,231.21,231.25,231.25,231.25,231.25
07/22/2026,10:30,231.15,231.15,231.15,231.15,231.18,231.18,231.18,231.18
07/22/2026,10:31,231.1,231.11,231.08,231.08,231.13,231.13,231.11,231.12
07/22/2026,10:32,231.12,231.14,231.1,231.12,231.15,231.16,231.13,231.15
07/22/2026,10:33,231.13,231.13,231.02,231.02,231.14,231.14,231.05,231.05
07/22/2026,10:34,231.04,231.08,231.04,231.08,231.06,231.11,231.06,231.11
07/22/2026,10:35,231.07,231.08,231.07,231.07,231.1,231.1,231.1,231.1
07/22/2026,10:36,231.02,231.02,230.97,230.98,231.04,231.04,230.99,230.99
07/22/2026,10:37,230.99,231.01,230.99,231,231.02,231.02,231.01,231.01
07/22/2026,10:38,231.02,231.05,231.02,231.03,231.04,231.07,231.04,231.05
07/22/2026,10:39,230.99,231.07,230.99,231.06,231.02,231.09,231.02,231.08
07/22/2026,10:40,231.05,231.06,231,231,231.07,231.08,231.02,231.02
07/22/2026,10:42,230.98,230.99,230.97,230.97,231,231.01,230.99,230.99
07/22/2026,10:43,230.98,230.99,230.98,230.99,231.01,231.01,231.01,231.01
07/22/2026,10:45,230.97,230.98,230.97,230.97,230.98,231,230.98,230.99
07/22/2026,10:46,230.97,231,230.97,231,230.99,231.02,230.99,231.02
07/22/2026,10:47,231.02,231.03,231.02,231.03,231.04,231.06,231.04,231.06
07/22/2026,10:48,231.04,231.05,231.03,231.03,231.05,231.06,231.04,231.04
07/22/2026,10:49,231.02,231.02,230.97,230.97,231.04,231.04,231,231
07/22/2026,10:50,231,231,231,231,231.01,231.01,231.01,231.01
07/22/2026,10:51,231.02,231.04,231.02,231.04,231.05,231.06,231.05,231.06
07/22/2026,10:52,231.02,231.02,230.98,230.99,231.04,231.04,231,231.02
07/22/2026,10:53,231,231.02,231,231.02,231.03,231.05,231.03,231.05
07/22/2026,10:54,231.11,231.12,231.11,231.12,231.14,231.14,231.13,231.13
07/22/2026,10:55,231.05,231.05,231,231,231.06,231.06,231.02,231.02
07/22/2026,10:56,230.98,230.99,230.97,230.98,231,231,231,231
07/22/2026,10:58,230.99,231.01,230.98,231.01,231.01,231.02,231,231.02
07/22/2026,10:59,231.04,231.07,231.04,231.05,231.06,231.09,231.06,231.07
07/22/2026,11:00,231.06,231.06,231.06,231.06,231.08,231.08,231.07,231.07
07/22/2026,11:01,231.01,231.01,231,231,231.02,231.02,231.01,231.01
07/22/2026,11:03,231.02,231.02,231.02,231.02,231.04,231.04,231.03,231.03
07/22/2026,11:04,231,231.02,231,231.02,231.02,231.04,231.02,231.03
07/22/2026,11:05,231,231,231,231,231.02,231.02,231.02,231.02
07/22/2026,11:06,230.95,230.95,230.92,230.93,230.96,230.96,230.94,230.96
07/22/2026,11:07,230.95,230.95,230.92,230.94,230.98,230.98,230.95,230.95
07/22/2026,11:08,230.91,230.91,230.9,230.9,230.92,230.92,230.91,230.91
07/22/2026,11:09,230.89,230.89,230.89,230.89,230.91,230.91,230.91,230.91
07/22/2026,11:10,230.89,230.91,230.89,230.91,230.92,230.92,230.92,230.92
07/22/2026,11:11,230.93,230.93,230.89,230.89,230.96,230.96,230.92,230.92
07/22/2026,11:12,230.92,230.92,230.91,230.91,230.93,230.93,230.93,230.93
07/22/2026,11:13,230.9,230.91,230.9,230.9,230.91,230.94,230.91,230.92
07/22/2026,11:14,230.88,230.88,230.84,230.85,230.9,230.9,230.86,230.87
07/22/2026,11:16,230.82,230.83,230.81,230.81,230.83,230.85,230.82,230.82
07/22/2026,11:17,230.77,230.79,230.77,230.79,230.79,230.8,230.79,230.8
07/22/2026,11:18,230.76,230.76,230.76,230.76,230.77,230.77,230.77,230.77
07/22/2026,11:20,230.93,230.93,230.93,230.93,230.95,230.95,230.95,230.95
07/22/2026,11:21,230.93,230.95,230.92,230.95,230.96,230.98,230.94,230.96
07/22/2026,11:22,231,231,230.98,230.98,231.03,231.03,230.99,231
07/22/2026,11:23,230.98,230.98,230.96,230.96,231,231,230.97,230.97
07/22/2026,11:24,230.95,231.04,230.94,231.04,230.97,231.06,230.95,231.06
07/22/2026,11:25,231.05,231.05,231.04,231.04,231.07,231.07,231.05,231.05
07/22/2026,11:28,231.16,231.16,231.16,231.16,231.17,231.17,231.17,231.17
07/22/2026,11:29,231.15,231.16,231.13,231.16,231.16,231.18,231.14,231.18
07/22/2026,11:30,231.13,231.13,231.12,231.12,231.14,231.14,231.13,231.13
07/22/2026,11:31,231.13,231.13,231.13,231.13,231.15,231.15,231.14,231.14
07/22/2026,11:32,231.13,231.13,231.13,231.13,231.14,231.15,231.14,231.15
07/22/2026,11:33,231.13,231.13,231.11,231.11,231.14,231.14,231.12,231.12
07/22/2026,11:34,231.1,231.1,231.08,231.08,231.12,231.12,231.09,231.09
07/22/2026,11:35,231.04,231.05,231.04,231.05,231.05,231.08,231.05,231.08
07/22/2026,11:36,231.04,231.05,231.01,231.04,231.06,231.06,231.03,231.05
07/22/2026,11:37,231.03,231.06,231.03,231.06,231.06,231.07,231.06,231.07
07/22/2026,11:38,231.07,231.07,231.04,231.04,231.09,231.09,231.05,231.05
07/22/2026,11:39,231.05,231.1,231.05,231.1,231.06,231.12,231.06,231.12
07/22/2026,11:40,231.1,231.14,231.1,231.14,231.12,231.17,231.11,231.17
07/22/2026,11:41,231.14,231.14,231.1,231.1,231.16,231.16,231.11,231.11
07/22/2026,11:42,231.11,231.11,231.09,231.09,231.13,231.13,231.1,231.1
07/22/2026,11:44,231.09,231.11,231.09,231.11,231.1,231.12,231.1,231.12
07/22/2026,11:45,231.13,231.17,231.13,231.17,231.14,231.19,231.14,231.19
07/22/2026,11:46,231.16,231.16,231.14,231.14,231.17,231.17,231.16,231.16
07/22/2026,11:47,231.13,231.13,231.13,231.13,231.15,231.15,231.15,231.15
07/22/2026,11:48,231.14,231.14,231.14,231.14,231.16,231.16,231.16,231.16
07/22/2026,11:49,231.13,231.13,231.13,231.13,231.15,231.15,231.15,231.15
07/22/2026,11:51,231.1,231.1,231.1,231.1,231.12,231.12,231.12,231.12
07/22/2026,11:53,231.04,231.05,231.03,231.03,231.05,231.06,231.04,231.05
07/22/2026,11:54,231.05,231.05,231.05,231.05,231.06,231.06,231.06,231.06
07/22/2026,11:55,231.05,231.05,231.05,231.05,231.07,231.07,231.07,231.07
07/22/2026,11:56,231.08,231.09,231.08,231.08,231.1,231.1,231.09,231.09
07/22/2026,11:57,231.09,231.1,231.08,231.1,231.11,231.11,231.1,231.11
07/22/2026,11:58,231.1,231.11,231.1,231.1,231.11,231.13,231.11,231.11
07/22/2026,11:59,231.09,231.1,231.09,231.1,231.1,231.11,231.1,231.11
07/22/2026,12:00,231.14,231.14,231.13,231.13,231.16,231.16,231.15,231.15
07/22/2026,12:01,231.12,231.12,231.12,231.12,231.13,231.13,231.13,231.13
07/22/2026,12:02,231.08,231.08,231.08,231.08,231.1,231.1,231.1,231.1
07/22/2026,12:03,231.07,231.1,231.07,231.1,231.08,231.12,231.08,231.12
07/22/2026,12:04,231.12,231.16,231.12,231.16,231.14,231.18,231.14,231.18
07/22/2026,12:05,231.15,231.16,231.12,231.16,231.16,231.18,231.13,231.18
07/22/2026,12:06,231.18,231.18,231.18,231.18,231.19,231.19,231.19,231.19
07/22/2026,12:07,231.18,231.18,231.18,231.18,231.19,231.19,231.19,231.19
07/22/2026,12:08,231.19,231.19,231.18,231.18,231.21,231.21,231.19,231.19
07/22/2026,12:09,231.16,231.16,231.16,231.16,231.17,231.17,231.17,231.17
07/22/2026,12:10,231.13,231.13,231.13,231.13,231.15,231.15,231.14,231.14
07/22/2026,12:11,231.15,231.15,231.12,231.12,231.17,231.17,231.13,231.13
07/22/2026,12:12,231.13,231.15,231.13,231.15,231.14,231.16,231.14,231.16
07/22/2026,12:14,231.12,231.13,231.09,231.09,231.13,231.14,231.1,231.1
07/22/2026,12:15,231.07,231.07,231.06,231.06,231.09,231.09,231.07,231.07
07/22/2026,12:16,231.05,231.05,231.03,231.03,231.07,231.07,231.05,231.05
07/22/2026,12:17,231,231.01,231,231.01,231.01,231.02,231.01,231.02
07/22/2026,12:18,231.01,231.08,231.01,231.07,231.03,231.09,231.02,231.09
07/22/2026,12:19,231.09,231.1,231.08,231.1,231.11,231.11,231.09,231.11
07/22/2026,12:20,231.1,231.1,231.07,231.07,231.11,231.11,231.08,231.08
07/22/2026,12:22,231.1,231.1,231.08,231.08,231.12,231.12,231.09,231.09
07/22/2026,12:24,231.07,231.09,231.07,231.09,231.09,231.1,231.09,231.1
07/22/2026,12:25,231.1,231.11,231.07,231.07,231.12,231.13,231.09,231.09
07/22/2026,12:26,231.07,231.09,231.07,231.09,231.09,231.11,231.08,231.11
07/22/2026,12:27,231.12,231.12,231.08,231.08,231.14,231.14,231.09,231.09
07/22/2026,12:28,231.08,231.09,231.08,231.09,231.1,231.1,231.1,231.1
07/22/2026,12:29,231.12,231.12,231.12,231.12,231.14,231.14,231.14,231.14
07/22/2026,12:30,231.11,231.11,231.09,231.09,231.13,231.13,231.11,231.11
07/22/2026,12:31,231.11,231.11,231.08,231.09,231.13,231.13,231.1,231.1
07/22/2026,12:32,231.1,231.1,231.09,231.09,231.11,231.11,231.1,231.1
07/22/2026,12:33,231.08,231.08,231.07,231.08,231.09,231.1,231.08,231.1
07/22/2026,12:35,231.08,231.09,231.08,231.09,231.09,231.11,231.09,231.1
07/22/2026,12:36,231.09,231.09,231.09,231.09,231.1,231.1,231.1,231.1
07/22/2026,12:37,231.08,231.11,231.08,231.11,231.09,231.13,231.09,231.13
07/22/2026,12:38,231.12,231.12,231.08,231.08,231.14,231.14,231.1,231.1
07/22/2026,12:39,231.09,231.09,231.08,231.08,231.11,231.11,231.1,231.11
07/22/2026,12:41,231.13,231.16,231.13,231.16,231.15,231.18,231.14,231.17
07/22/2026,12:42,231.16,231.16,231.16,231.16,231.17,231.17,231.17,231.17
07/22/2026,12:44,231.17,231.17,231.17,231.17,231.18,231.18,231.18,231.18
07/22/2026,12:45,231.2,231.22,231.17,231.17,231.22,231.23,231.19,231.19
07/22/2026,12:46,231.18,231.19,231.18,231.19,231.2,231.2,231.2,231.2
07/22/2026,12:47,231.15,231.16,231.13,231.13,231.17,231.18,231.14,231.14
07/22/2026,12:48,231.13,231.13,231.11,231.11,231.14,231.14,231.13,231.13
07/22/2026,12:49,231.15,231.15,231.15,231.15,231.17,231.17,231.17,231.17
07/22/2026,12:50,231.13,231.13,231.11,231.11,231.15,231.15,231.12,231.12
07/22/2026,12:51,231.09,231.09,231.09,231.09,231.1,231.1,231.1,231.1
07/22/2026,12:52,231.05,231.05,231.05,231.05,231.07,231.07,231.06,231.06
07/22/2026,12:53,231.06,231.06,231.06,231.06,231.07,231.07,231.07,231.07
07/22/2026,12:55,231.04,231.05,231.04,231.05,231.06,231.07,231.05,231.07
07/22/2026,12:57,231.05,231.06,231.05,231.06,231.07,231.08,231.07,231.08
07/22/2026,12:58,231.07,231.07,231.06,231.07,231.09,231.09,231.08,231.08
07/22/2026,12:59,231.07,231.08,231.07,231.07,231.1,231.1,231.08,231.08
07/22/2026,13:01,231.04,231.04,231.02,231.02,231.06,231.06,231.03,231.04
07/22/2026,13:02,231,231,230.98,230.98,231.01,231.01,231,231
07/22/2026,13:03,231,231,230.97,230.97,231.02,231.02,230.99,230.99
07/22/2026,13:04,230.97,230.98,230.97,230.98,230.98,231.01,230.98,230.99
07/22/2026,13:05,230.95,230.97,230.95,230.97,230.96,230.98,230.96,230.98
07/22/2026,13:06,230.96,230.96,230.93,230.93,230.97,230.97,230.95,230.95
07/22/2026,13:07,230.95,230.95,230.95,230.95,230.97,230.97,230.97,230.97
07/22/2026,13:08,230.98,230.99,230.97,230.99,231,231.01,230.99,231
07/22/2026,13:10,230.97,230.97,230.97,230.97,230.99,230.99,230.99,230.99
07/22/2026,13:11,230.96,230.97,230.96,230.97,230.97,230.98,230.97,230.98
07/22/2026,13:12,230.96,230.96,230.96,230.96,230.98,230.98,230.97,230.98
07/22/2026,13:13,230.97,230.98,230.97,230.97,230.98,230.99,230.98,230.98
07/22/2026,13:14,230.95,230.95,230.93,230.93,230.97,230.97,230.95,230.95
07/22/2026,13:15,230.94,230.94,230.91,230.92,230.96,230.96,230.93,230.93
07/22/2026,13:17,230.97,230.97,230.97,230.97,230.99,230.99,230.98,230.98
07/22/2026,13:18,230.97,230.97,230.96,230.97,230.98,230.99,230.98,230.98
07/22/2026,13:19,230.97,230.97,230.94,230.97,230.98,230.98,230.96,230.98
07/22/2026,13:21,230.95,230.95,230.92,230.92,230.96,230.96,230.93,230.93
07/22/2026,13:22,230.9,230.9,230.88,230.88,230.91,230.91,230.9,230.9
07/22/2026,13:23,230.86,230.86,230.86,230.86,230.88,230.88,230.88,230.88
07/22/2026,13:24,230.87,230.87,230.87,230.87,230.88,230.88,230.88,230.88
07/22/2026,13:25,230.86,230.86,230.83,230.83,230.87,230.87,230.84,230.85
07/22/2026,13:26,230.85,230.86,230.85,230.86,230.86,230.88,230.86,230.88
07/22/2026,13:27,230.86,230.86,230.86,230.86,230.88,230.88,230.88,230.88
07/22/2026,13:29,230.87,230.87,230.85,230.85,230.88,230.88,230.87,230.87
07/22/2026,13:30,230.84,230.84,230.83,230.83,230.85,230.85,230.84,230.84
07/22/2026,13:31,230.82,230.85,230.82,230.84,230.84,230.86,230.84,230.86
07/22/2026,13:32,230.86,230.88,230.86,230.88,230.87,230.89,230.87,230.89
07/22/2026,13:33,230.9,230.9,230.88,230.88,230.92,230.92,230.9,230.9
07/22/2026,13:35,230.84,230.85,230.84,230.85,230.86,230.87,230.86,230.87
07/22/2026,13:36,230.85,230.87,230.85,230.87,230.86,230.89,230.86,230.89
07/22/2026,13:37,230.88,230.88,230.88,230.88,230.91,230.91,230.91,230.91
07/22/2026,13:38,230.9,230.9,230.88,230.88,230.91,230.91,230.9,230.9
07/22/2026,13:40,230.89,230.89,230.88,230.88,230.9,230.9,230.9,230.9
07/22/2026,13:41,230.87,230.91,230.87,230.91,230.88,230.93,230.88,230.93
07/22/2026,13:42,230.94,230.95,230.94,230.95,230.96,230.96,230.96,230.96
07/22/2026,13:43,230.96,230.96,230.96,230.96,230.98,230.98,230.98,230.98
07/22/2026,13:44,230.93,230.93,230.93,230.93,230.95,230.95,230.95,230.95
07/22/2026,13:45,230.92,230.92,230.91,230.91,230.93,230.93,230.93,230.93
07/22/2026,13:46,230.89,230.89,230.89,230.89,230.91,230.91,230.91,230.91
07/22/2026,13:50,230.94,230.96,230.93,230.96,230.95,230.98,230.94,230.98
07/22/2026,13:51,230.95,230.95,230.95,230.95,230.96,230.97,230.96,230.97
07/22/2026,13:53,230.95,230.95,230.95,230.95,230.97,230.97,230.97,230.97
07/22/2026,13:54,230.93,230.93,230.93,230.93,230.94,230.94,230.94,230.94
07/22/2026,13:55,230.91,230.91,230.89,230.89,230.92,230.92,230.91,230.91
07/22/2026,13:56,230.91,230.91,230.87,230.87,230.92,230.92,230.88,230.88
07/22/2026,13:59,230.87,230.87,230.87,230.87,230.88,230.88,230.88,230.88
07/22/2026,14:00,230.86,230.86,230.86,230.86,230.87,230.88,230.87,230.88
07/22/2026,14:01,230.87,230.87,230.83,230.83,230.88,230.88,230.84,230.84
07/22/2026,14:02,230.81,230.83,230.8,230.8,230.83,230.84,230.82,230.82
07/22/2026,14:03,230.76,230.76,230.76,230.76,230.78,230.78,230.78,230.78
07/22/2026,14:04,230.75,230.75,230.74,230.74,230.77,230.77,230.77,230.77
07/22/2026,14:05,230.72,230.72,230.72,230.72,230.74,230.74,230.74,230.74
07/22/2026,14:06,230.75,230.75,230.75,230.75,230.77,230.77,230.77,230.77
07/22/2026,14:08,230.78,230.78,230.76,230.76,230.8,230.8,230.77,230.78
07/22/2026,14:09,230.75,230.75,230.75,230.75,230.76,230.76,230.76,230.76
07/22/2026,14:10,230.73,230.73,230.73,230.73,230.75,230.75,230.75,230.75
07/22/2026,14:11,230.71,230.71,230.71,230.71,230.72,230.72,230.72,230.72
07/22/2026,14:12,230.68,230.68,230.68,230.68,230.7,230.7,230.7,230.7
07/22/2026,14:14,230.68,230.68,230.68,230.68,230.7,230.7,230.7,230.7
07/22/2026,14:16,230.73,230.73,230.73,230.73,230.75,230.75,230.75,230.75
07/22/2026,14:17,230.75,230.75,230.75,230.75,230.77,230.77,230.77,230.77
07/22/2026,14:18,230.75,230.75,230.75,230.75,230.77,230.77,230.77,230.77
07/22/2026,14:19,230.77,230.77,230.75,230.75,230.78,230.78,230.77,230.77
07/22/2026,14:21,230.81,230.81,230.81,230.81,230.83,230.83,230.83,230.83
07/22/2026,14:22,230.79,230.79,230.79,230.79,230.8,230.8,230.8,230.8
07/22/2026,14:23,230.81,230.81,230.77,230.77,230.82,230.82,230.79,230.79
07/22/2026,14:24,230.77,230.79,230.77,230.79,230.79,230.81,230.79,230.81
07/22/2026,14:27,230.77,230.77,230.76,230.76,230.78,230.78,230.78,230.78
07/22/2026,14:28,230.77,230.81,230.77,230.8,230.78,230.83,230.78,230.81
07/22/2026,14:29,230.8,230.8,230.8,230.8,230.81,230.81,230.81,230.81
07/22/2026,14:30,230.81,230.81,230.78,230.78,230.83,230.83,230.79,230.79
07/22/2026,14:32,230.75,230.75,230.75,230.75,230.76,230.77,230.76,230.77
07/22/2026,14:33,230.75,230.75,230.75,230.75,230.77,230.77,230.77,230.77
07/22/2026,14:34,230.78,230.79,230.77,230.79,230.79,230.8,230.79,230.8
07/22/2026,14:36,230.8,230.8,230.78,230.78,230.81,230.81,230.8,230.8
07/22/2026,14:37,230.78,230.78,230.76,230.77,230.79,230.79,230.78,230.79
07/22/2026,14:38,230.78,230.78,230.78,230.78,230.79,230.79,230.79,230.79
07/22/2026,14:39,230.77,230.77,230.77,230.77,230.79,230.79,230.79,230.79
07/22/2026,14:40,230.76,230.76,230.76,230.76,230.78,230.78,230.78,230.78
07/22/2026,14:41,230.77,230.77,230.77,230.77,230.78,230.78,230.78,230.78
07/22/2026,14:42,230.79,230.8,230.78,230.78,230.8,230.82,230.79,230.79
07/22/2026,14:43,230.76,230.76,230.75,230.75,230.77,230.77,230.76,230.76
07/22/2026,14:45,230.73,230.77,230.72,230.77,230.74,230.78,230.73,230.78
07/22/2026,14:46,230.77,230.77,230.76,230.76,230.78,230.78,230.77,230.77
07/22/2026,14:47,230.74,230.74,230.74,230.74,230.75,230.75,230.75,230.75
07/22/2026,14:48,230.7,230.7,230.7,230.7,230.71,230.71,230.71,230.71
07/22/2026,14:49,230.68,230.69,230.66,230.67,230.7,230.7,230.68,230.68
07/22/2026,14:50,230.66,230.66,230.66,230.66,230.67,230.68,230.67,230.68
07/22/2026,14:51,230.67,230.67,230.67,230.67,230.68,230.68,230.68,230.68
07/22/2026,14:52,230.69,230.69,230.69,230.69,230.7,230.7,230.7,230.7
07/22/2026,14:53,230.69,230.7,230.69,230.7,230.7,230.72,230.7,230.72
07/22/2026,14:54,230.7,230.72,230.7,230.72,230.72,230.73,230.71,230.73
07/22/2026,14:56,230.71,230.71,230.71,230.71,230.72,230.72,230.72,230.72
07/22/2026,14:57,230.75,230.76,230.75,230.76,230.77,230.78,230.77,230.78
07/22/2026,14:58,230.75,230.75,230.75,230.75,230.77,230.77,230.77,230.77
07/22/2026,14:59,230.75,230.75,230.75,230.75,230.77,230.77,230.77,230.77
07/22/2026,15:00,230.76,230.76,230.73,230.73,230.78,230.78,230.74,230.74
07/22/2026,15:01,230.7,230.71,230.67,230.67,230.72,230.73,230.69,230.69
07/22/2026,15:02,230.65,230.65,230.65,230.65,230.66,230.66,230.66,230.66
07/22/2026,15:03,230.64,230.67,230.64,230.67,230.66,230.68,230.66,230.68
07/22/2026,15:04,230.66,230.66,230.63,230.63,230.68,230.68,230.65,230.65
07/22/2026,15:05,230.63,230.63,230.6,230.61,230.64,230.64,230.62,230.62
07/22/2026,15:06,230.59,230.61,230.59,230.61,230.61,230.63,230.61,230.63
07/22/2026,15:07,230.6,230.65,230.6,230.64,230.62,230.66,230.61,230.66
07/22/2026,15:08,230.67,230.67,230.67,230.67,230.69,230.69,230.68,230.68
07/22/2026,15:09,230.65,230.65,230.64,230.64,230.66,230.66,230.65,230.65
07/22/2026,15:10,230.62,230.64,230.62,230.63,230.64,230.65,230.64,230.65
07/22/2026,15:11,230.63,230.63,230.61,230.61,230.65,230.65,230.63,230.63
07/22/2026,15:12,230.62,230.62,230.58,230.58,230.63,230.63,230.61,230.61
07/22/2026,15:13,230.59,230.6,230.58,230.6,230.61,230.62,230.6,230.62
07/22/2026,15:14,230.6,230.6,230.58,230.58,230.61,230.61,230.6,230.6
07/22/2026,15:15,230.6,230.63,230.6,230.63,230.62,230.65,230.62,230.65
07/22/2026,15:16,230.63,230.63,230.63,230.63,230.64,230.64,230.64,230.64
07/22/2026,15:17,230.63,230.63,230.61,230.62,230.64,230.64,230.63,230.63
07/22/2026,15:18,230.63,230.64,230.63,230.63,230.64,230.65,230.64,230.65
07/22/2026,15:19,230.65,230.65,230.63,230.63,230.67,230.67,230.64,230.64
07/22/2026,15:20,230.61,230.62,230.61,230.62,230.63,230.64,230.63,230.64
07/22/2026,15:21,230.63,230.63,230.58,230.58,230.65,230.65,230.59,230.59
07/22/2026,15:22,230.56,230.56,230.54,230.54,230.58,230.58,230.55,230.56
07/22/2026,15:23,230.54,230.54,230.5,230.5,230.55,230.55,230.52,230.52
07/22/2026,15:24,230.51,230.51,230.48,230.48,230.53,230.53,230.5,230.5
07/22/2026,15:25,230.49,230.49,230.49,230.49,230.5,230.5,230.5,230.5
07/22/2026,15:26,230.42,230.44,230.42,230.44,230.43,230.46,230.43,230.46
07/22/2026,15:27,230.44,230.45,230.43,230.45,230.45,230.48,230.45,230.48
07/22/2026,15:28,230.47,230.47,230.47,230.47,230.49,230.49,230.48,230.48
07/22/2026,15:29,230.47,230.47,230.47,230.47,230.48,230.48,230.48,230.48
07/22/2026,15:30,230.46,230.47,230.43,230.47,230.47,230.49,230.45,230.49
07/22/2026,15:31,230.5,230.5,230.49,230.49,230.51,230.51,230.5,230.5
07/22/2026,15:32,230.49,230.52,230.49,230.52,230.5,230.53,230.5,230.53
07/22/2026,15:33,230.5,230.5,230.5,230.5,230.52,230.52,230.51,230.51
07/22/2026,15:34,230.49,230.49,230.49,230.49,230.51,230.51,230.51,230.51
07/22/2026,15:35,230.49,230.52,230.49,230.52,230.52,230.54,230.52,230.54
07/22/2026,15:36,230.52,230.52,230.51,230.51,230.53,230.53,230.52,230.52
07/22/2026,15:37,230.54,230.54,230.52,230.54,230.55,230.56,230.53,230.56
07/22/2026,15:39,230.5,230.52,230.5,230.52,230.52,230.53,230.52,230.53
07/22/2026,15:40,230.52,230.52,230.5,230.5,230.54,230.54,230.51,230.51
07/22/2026,15:42,230.52,230.59,230.52,230.59,230.54,230.6,230.54,230.6
07/22/2026,15:43,230.62,230.63,230.62,230.62,230.63,230.64,230.63,230.63
07/22/2026,15:45,230.66,230.66,230.61,230.62,230.68,230.68,230.62,230.63
07/22/2026,15:46,230.61,230.67,230.61,230.67,230.63,230.68,230.63,230.68
07/22/2026,15:47,230.67,230.68,230.67,230.68,230.68,230.7,230.68,230.7
07/22/2026,15:48,230.68,230.68,230.68,230.68,230.7,230.7,230.7,230.7
07/22/2026,15:49,230.68,230.73,230.68,230.72,230.69,230.76,230.69,230.73
07/22/2026,15:50,230.75,230.81,230.72,230.74,230.75,230.82,230.73,230.76
07/22/2026,15:51,230.73,230.76,230.68,230.7,230.75,230.78,230.71,230.72
07/22/2026,15:52,230.73,230.74,230.72,230.72,230.74,230.76,230.74,230.75
07/22/2026,15:53,230.72,230.78,230.72,230.75,230.73,230.79,230.73,230.77
07/22/2026,15:54,230.71,230.74,230.71,230.72,230.72,230.76,230.72,230.75
07/22/2026,15:55,230.74,230.8,230.74,230.8,230.76,230.82,230.76,230.82
07/22/2026,15:56,230.83,230.86,230.82,230.85,230.84,230.88,230.83,230.88
07/22/2026,15:57,230.85,230.93,230.85,230.92,230.87,230.95,230.86,230.95
07/22/2026,15:58,230.92,230.96,230.87,230.88,230.95,230.97,230.88,230.89
07/22/2026,15:59,230.88,230.93,230.74,230.74,230.89,230.94,230.79,230.79
07/23/2026,09:30,229.2,229.2,229.09,229.09,229.31,229.89,229.31,229.89
07/23/2026,09:31,229.28,229.39,229.28,229.39,229.42,229.54,229.42,229.54
07/23/2026,09:32,229.68,229.86,229.55,229.85,229.7,229.94,229.65,229.94
07/23/2026,09:33,229.9,230.04,229.78,229.97,229.97,230.1,229.91,230.1
07/23/2026,09:34,230.09,230.25,230.09,230.11,230.17,230.28,230.17,230.23
07/23/2026,09:35,230.17,230.22,230.12,230.12,230.23,230.3,230.2,230.2
07/23/2026,09:36,230.11,230.11,230.09,230.09,230.21,230.21,230.17,230.17
07/23/2026,09:37,230.11,230.11,230.11,230.11,230.17,230.17,230.17,230.17
07/23/2026,09:38,230.12,230.17,230.11,230.15,230.18,230.22,230.18,230.19
07/23/2026,09:39,230.14,230.17,230.13,230.13,230.21,230.22,230.2,230.22
07/23/2026,09:40,230.11,230.11,230.03,230.06,230.18,230.18,230.14,230.16
07/23/2026,09:41,229.96,230.05,229.96,230.05,230.05,230.11,230.05,230.11
07/23/2026,09:42,230.01,230.06,230.01,230.06,230.09,230.14,230.09,230.14
07/23/2026,09:43,230.08,230.11,230.06,230.1,230.14,230.18,230.13,230.15
07/23/2026,09:44,230.1,230.1,229.99,229.99,230.15,230.15,230.08,230.08
07/23/2026,09:45,229.93,229.93,229.88,229.88,230,230,229.93,229.93
07/23/2026,09:46,229.93,229.93,229.88,229.88,230.01,230.01,229.93,229.93
07/23/2026,09:47,229.76,229.76,229.74,229.74,229.82,229.82,229.81,229.81
07/23/2026,09:48,229.83,229.83,229.73,229.77,229.88,229.88,229.78,229.8
07/23/2026,09:49,229.81,229.81,229.67,229.67,229.88,229.88,229.72,229.72
07/23/2026,09:50,229.66,229.66,229.66,229.66,229.69,229.69,229.69,229.69
07/23/2026,09:51,229.56,229.56,229.56,229.56,229.62,229.62,229.62,229.62
07/23/2026,09:52,229.52,229.53,229.52,229.53,229.55,229.55,229.55,229.55
07/23/2026,09:53,229.46,229.46,229.46,229.46,229.54,229.54,229.54,229.54
07/23/2026,09:54,229.52,229.56,229.52,229.56,229.58,229.6,229.58,229.59
07/23/2026,09:55,229.64,229.7,229.64,229.66,229.69,229.73,229.69,229.73
07/23/2026,09:57,229.43,229.43,229.43,229.43,229.48,229.48,229.48,229.48
07/23/2026,09:58,229.44,229.46,229.41,229.41,229.47,229.51,229.47,229.48
07/23/2026,10:00,229.47,229.56,229.46,229.54,229.51,229.59,229.51,229.59
07/23/2026,10:01,229.54,229.59,229.54,229.54,229.59,229.65,229.59,229.6
07/23/2026,10:02,229.53,229.53,229.5,229.5,229.6,229.6,229.53,229.53
07/23/2026,10:03,229.5,229.57,229.5,229.57,229.57,229.63,229.57,229.63
07/23/2026,10:04,229.61,229.61,229.61,229.61,229.64,229.67,229.64,229.67
07/23/2026,10:05,229.57,229.61,229.54,229.61,229.61,229.65,229.59,229.64
07/23/2026,10:06,229.59,229.63,229.59,229.63,229.64,229.68,229.64,229.68
07/23/2026,10:07,229.54,229.54,229.54,229.54,229.59,229.59,229.59,229.59
07/23/2026,10:08,229.36,229.36,229.36,229.36,229.43,229.43,229.43,229.43
07/23/2026,10:09,229.36,229.36,229.34,229.34,229.42,229.42,229.4,229.4
07/23/2026,10:10,229.46,229.46,229.46,229.46,229.51,229.51,229.51,229.51
07/23/2026,10:11,229.46,229.51,229.45,229.5,229.51,229.56,229.5,229.56
07/23/2026,10:12,229.59,229.67,229.59,229.67,229.65,229.69,229.62,229.69
07/23/2026,10:13,229.72,229.76,229.68,229.68,229.76,229.78,229.74,229.74
07/23/2026,10:14,229.67,229.67,229.61,229.67,229.72,229.72,229.63,229.69
07/23/2026,10:15,229.69,229.71,229.69,229.71,229.75,229.75,229.74,229.74
07/23/2026,10:16,229.77,229.77,229.76,229.76,229.78,229.79,229.78,229.79
07/23/2026,10:17,229.79,229.79,229.73,229.73,229.84,229.84,229.78,229.78
07/23/2026,10:19,229.66,229.66,229.62,229.62,229.71,229.71,229.67,229.67
07/23/2026,10:20,229.62,229.62,229.62,229.62,229.67,229.67,229.67,229.67
07/23/2026,10:21,229.65,229.71,229.65,229.71,229.7,229.74,229.7,229.74
07/23/2026,10:22,229.63,229.71,229.63,229.71,229.69,229.73,229.69,229.73
07/23/2026,10:24,229.55,229.55,229.55,229.55,229.61,229.61,229.61,229.61
07/23/2026,10:25,229.55,229.55,229.54,229.54,229.59,229.59,229.56,229.56
07/23/2026,10:26,229.46,229.5,229.46,229.5,229.5,229.53,229.5,229.53
07/23/2026,10:27,229.49,229.49,229.49,229.49,229.52,229.52,229.52,229.52
07/23/2026,10:28,229.47,229.48,229.47,229.48,229.49,229.5,229.49,229.5
07/23/2026,10:29,229.48,229.54,229.48,229.54,229.53,229.58,229.51,229.58
07/23/2026,10:30,229.52,229.53,229.52,229.53,229.53,229.56,229.53,229.56
07/23/2026,10:31,229.54,229.54,229.54,229.54,229.56,229.56,229.56,229.56
07/23/2026,10:33,229.55,229.61,229.55,229.61,229.58,229.63,229.58,229.63
07/23/2026,10:34,229.58,229.58,229.57,229.57,229.62,229.62,229.6,229.6
07/23/2026,10:36,229.5,229.51,229.5,229.51,229.53,229.55,229.53,229.55
07/23/2026,10:37,229.62,229.72,229.62,229.72,229.63,229.76,229.63,229.76
07/23/2026,10:38,229.69,229.69,229.69,229.69,229.73,229.73,229.73,229.73
07/23/2026,10:40,229.77,229.77,229.77,229.77,229.8,229.8,229.8,229.8
07/23/2026,10:41,229.7,229.73,229.66,229.66,229.74,229.74,229.69,229.69
07/23/2026,10:43,229.68,229.72,229.67,229.69,229.7,229.74,229.7,229.73
07/23/2026,10:44,229.67,229.69,229.65,229.65,229.7,229.71,229.69,229.7
07/23/2026,10:45,229.7,229.7,229.7,229.7,229.73,229.74,229.72,229.72
07/23/2026,10:46,229.69,229.75,229.69,229.75,229.72,229.78,229.72,229.78
07/23/2026,10:48,229.82,229.82,229.82,229.82,229.87,229.87,229.87,229.87
07/23/2026,10:49,229.78,229.79,229.73,229.75,229.82,229.82,229.77,229.78
07/23/2026,10:50,229.75,229.77,229.69,229.69,229.8,229.8,229.71,229.71
07/23/2026,10:51,229.7,229.7,229.63,229.63,229.73,229.73,229.67,229.67
07/23/2026,10:53,229.66,229.7,229.64,229.7,229.68,229.74,229.67,229.74
07/23/2026,10:54,229.79,229.79,229.78,229.78,229.81,229.81,229.8,229.8
07/23/2026,10:55,229.78,229.78,229.76,229.76,229.81,229.81,229.8,229.8
07/23/2026,10:56,229.78,229.78,229.75,229.75,229.8,229.8,229.77,229.78
07/23/2026,10:57,229.77,229.77,229.77,229.77,229.79,229.79,229.79,229.79
07/23/2026,10:58,229.76,229.76,229.76,229.76,229.78,229.78,229.78,229.78
07/23/2026,10:59,229.79,229.82,229.79,229.82,229.8,229.85,229.8,229.85
07/23/2026,11:00,229.82,229.87,229.82,229.86,229.84,229.89,229.84,229.87
07/23/2026,11:01,229.76,229.76,229.76,229.76,229.78,229.78,229.78,229.78
07/23/2026,11:02,229.76,229.76,229.71,229.74,229.8,229.8,229.73,229.77
07/23/2026,11:03,229.72,229.74,229.72,229.73,229.75,229.77,229.75,229.77
07/23/2026,11:04,229.7,229.74,229.7,229.74,229.73,229.77,229.73,229.77
07/23/2026,11:05,229.73,229.73,229.64,229.64,229.75,229.75,229.66,229.66
07/23/2026,11:06,229.62,229.62,229.56,229.56,229.63,229.65,229.6,229.6
07/23/2026,11:07,229.63,229.63,229.63,229.63,229.66,229.66,229.66,229.66
07/23/2026,11:08,229.63,229.65,229.63,229.65,229.66,229.69,229.66,229.69
07/23/2026,11:09,229.68,229.68,229.65,229.66,229.69,229.7,229.68,229.69
07/23/2026,11:10,229.64,229.65,229.64,229.65,229.67,229.67,229.66,229.66
07/23/2026,11:11,229.64,229.64,229.64,229.64,229.66,229.66,229.66,229.66
07/23/2026,11:12,229.57,229.57,229.52,229.52,229.58,229.58,229.54,229.54
07/23/2026,11:13,229.49,229.54,229.49,229.54,229.52,229.56,229.52,229.56
07/23/2026,11:14,229.52,229.56,229.52,229.56,229.55,229.59,229.55,229.59
07/23/2026,11:15,229.57,229.58,229.57,229.58,229.58,229.61,229.58,229.61
07/23/2026,11:16,229.51,229.51,229.51,229.51,229.54,229.54,229.53,229.54
07/23/2026,11:17,229.59,229.59,229.59,229.59,229.6,229.61,229.6,229.61
07/23/2026,11:19,229.49,229.53,229.49,229.53,229.51,229.54,229.5,229.54
07/23/2026,11:20,229.52,229.52,229.46,229.46,229.55,229.55,229.49,229.49
07/23/2026,11:21,229.5,229.5,229.46,229.46,229.54,229.54,229.5,229.5
07/23/2026,11:22,229.48,229.5,229.33,229.33,229.49,229.53,229.36,229.36
07/23/2026,11:23,229.32,229.39,229.32,229.38,229.33,229.41,229.33,229.41
07/23/2026,11:24,229.36,229.38,229.35,229.38,229.38,229.42,229.38,229.42
07/23/2026,11:25,229.33,229.33,229.33,229.33,229.36,229.36,229.36,229.36
07/23/2026,11:26,229.35,229.35,229.35,229.35,229.36,229.36,229.36,229.36
07/23/2026,11:27,229.35,229.35,229.35,229.35,229.37,229.38,229.37,229.38
07/23/2026,11:28,229.38,229.38,229.36,229.36,229.41,229.41,229.39,229.39
07/23/2026,11:29,229.26,229.26,229.26,229.26,229.27,229.27,229.27,229.27
07/23/2026,11:30,229.24,229.24,229.11,229.11,229.25,229.25,229.13,229.13
07/23/2026,11:31,229.09,229.15,229.09,229.15,229.12,229.18,229.12,229.18
07/23/2026,11:32,229.15,229.17,229.15,229.17,229.18,229.2,229.18,229.19
07/23/2026,11:34,229.28,229.3,229.27,229.3,229.31,229.32,229.31,229.32
07/23/2026,11:35,229.34,229.34,229.33,229.33,229.37,229.37,229.36,229.36
07/23/2026,11:36,229.29,229.29,229.27,229.29,229.32,229.32,229.3,229.31
07/23/2026,11:37,229.3,229.39,229.29,229.34,229.33,229.42,229.3,229.35
07/23/2026,11:38,229.37,229.37,229.37,229.37,229.39,229.39,229.39,229.39
07/23/2026,11:39,229.46,229.46,229.46,229.46,229.48,229.48,229.48,229.48
07/23/2026,11:40,229.46,229.46,229.46,229.46,229.48,229.48,229.48,229.48
07/23/2026,11:41,229.37,229.45,229.37,229.45,229.41,229.46,229.41,229.46
07/23/2026,11:42,229.46,229.46,229.46,229.46,229.49,229.49,229.49,229.49
07/23/2026,11:44,229.36,229.36,229.31,229.34,229.37,229.37,229.34,229.36
07/23/2026,11:45,229.28,229.33,229.28,229.33,229.3,229.36,229.3,229.36
07/23/2026,11:46,229.27,229.31,229.27,229.31,229.29,229.32,229.29,229.32
07/23/2026,11:47,229.25,229.25,229.25,229.25,229.27,229.27,229.27,229.27
07/23/2026,11:48,229.23,229.23,229.2,229.21,229.26,229.26,229.22,229.24
07/23/2026,11:49,229.17,229.17,229.17,229.17,229.19,229.19,229.19,229.19
07/23/2026,11:50,229.17,229.17,229.17,229.17,229.2,229.2,229.2,229.2
07/23/2026,11:52,229.13,229.13,229.09,229.1,229.15,229.15,229.11,229.11
07/23/2026,11:53,229.09,229.09,229.09,229.09,229.12,229.12,229.12,229.12
07/23/2026,11:54,229.12,229.14,229.12,229.14,229.13,229.17,229.13,229.17
07/23/2026,11:55,229.19,229.19,229.18,229.18,229.22,229.22,229.21,229.21
07/23/2026,11:57,229.13,229.13,229.13,229.13,229.14,229.14,229.14,229.14
07/23/2026,11:58,229.23,229.23,229.23,229.23,229.25,229.25,229.25,229.25
07/23/2026,11:59,229.29,229.29,229.29,229.29,229.31,229.32,229.31,229.32
07/23/2026,12:00,229.3,229.3,229.25,229.26,229.32,229.32,229.27,229.29
07/23/2026,12:01,229.21,229.24,229.21,229.24,229.22,229.25,229.22,229.25
07/23/2026,12:02,229.25,229.25,229.25,229.25,229.27,229.28,229.27,229.28
07/23/2026,12:03,229.3,229.3,229.3,229.3,229.31,229.31,229.31,229.31
07/23/2026,12:06,229.17,229.22,229.17,229.22,229.18,229.25,229.18,229.25
07/23/2026,12:07,229.24,229.24,229.24,229.24,229.27,229.27,229.27,229.27
07/23/2026,12:08,229.25,229.34,229.25,229.34,229.26,229.36,229.26,229.36
07/23/2026,12:09,229.31,229.32,229.31,229.32,229.32,229.33,229.32,229.33
07/23/2026,12:11,229.43,229.43,229.43,229.43,229.45,229.45,229.45,229.45
07/23/2026,12:14,229.38,229.41,229.38,229.41,229.41,229.42,229.41,229.42
07/23/2026,12:16,229.33,229.38,229.33,229.38,229.36,229.4,229.36,229.4
07/23/2026,12:18,229.35,229.35,229.35,229.35,229.38,229.38,229.38,229.38
07/23/2026,12:19,229.28,229.28,229.28,229.28,229.32,229.32,229.32,229.32
07/23/2026,12:21,229.4,229.41,229.4,229.41,229.42,229.42,229.42,229.42
07/23/2026,12:22,229.44,229.44,229.44,229.44,229.47,229.47,229.47,229.47
07/23/2026,12:23,229.44,229.49,229.44,229.49,229.47,229.51,229.47,229.51
07/23/2026,12:24,229.44,229.44,229.44,229.44,229.47,229.47,229.47,229.47
07/23/2026,12:25,229.46,229.46,229.46,229.46,229.5,229.5,229.5,229.5
07/23/2026,12:26,229.44,229.44,229.44,229.44,229.47,229.47,229.47,229.47
07/23/2026,12:27,229.37,229.38,229.37,229.38,229.39,229.39,229.39,229.39
07/23/2026,12:29,229.38,229.4,229.36,229.36,229.4,229.42,229.39,229.39
07/23/2026,12:30,229.4,229.4,229.4,229.4,229.41,229.41,229.41,229.41
07/23/2026,12:31,229.4,229.4,229.37,229.37,229.42,229.42,229.39,229.39
07/23/2026,12:32,229.35,229.35,229.33,229.35,229.37,229.37,229.37,229.37
07/23/2026,12:33,229.32,229.32,229.32,229.32,229.35,229.35,229.35,229.35
07/23/2026,12:34,229.33,229.33,229.32,229.32,229.34,229.35,229.34,229.35
07/23/2026,12:35,229.32,229.34,229.31,229.34,229.34,229.36,229.33,229.36
07/23/2026,12:36,229.37,229.4,229.37,229.39,229.38,229.43,229.38,229.41
07/23/2026,12:37,229.33,229.33,229.33,229.33,229.35,229.35,229.35,229.35
07/23/2026,12:39,229.39,229.39,229.36,229.37,229.4,229.4,229.38,229.39
07/23/2026,12:40,229.37,229.37,229.35,229.36,229.38,229.38,229.37,229.37
07/23/2026,12:41,229.35,229.35,229.34,229.34,229.38,229.38,229.36,229.36
07/23/2026,12:42,229.32,229.32,229.3,229.3,229.34,229.34,229.31,229.31
07/23/2026,12:43,229.28,229.29,229.28,229.29,229.3,229.31,229.3,229.3
07/23/2026,12:44,229.3,229.31,229.3,229.31,229.33,229.33,229.32,229.33
07/23/2026,12:45,229.28,229.28,229.26,229.26,229.31,229.31,229.29,229.29
07/23/2026,12:47,229.23,229.23,229.17,229.17,229.25,229.25,229.19,229.19
07/23/2026,12:48,229.18,229.18,229.09,229.09,229.19,229.19,229.12,229.12
07/23/2026,12:49,229.1,229.1,229.1,229.1,229.12,229.12,229.12,229.12
07/23/2026,12:51,229.06,229.06,229.06,229.06,229.08,229.08,229.08,229.08
07/23/2026,12:52,229.08,229.08,229.08,229.08,229.09,229.09,229.09,229.09
07/23/2026,12:53,229.07,229.07,229.07,229.07,229.09,229.09,229.09,229.09
07/23/2026,12:55,229.19,229.19,229.19,229.19,229.21,229.21,229.21,229.21
07/23/2026,12:58,229.14,229.14,229.13,229.13,229.17,229.17,229.15,229.15
07/23/2026,12:59,229.14,229.14,229.14,229.14,229.15,229.15,229.15,229.15
07/23/2026,13:00,229.21,229.21,229.21,229.21,229.22,229.22,229.22,229.22
07/23/2026,13:01,229.26,229.26,229.26,229.26,229.29,229.29,229.29,229.29
07/23/2026,13:02,229.29,229.29,229.23,229.23,229.32,229.32,229.26,229.26
07/23/2026,13:03,229.26,229.26,229.26,229.26,229.29,229.29,229.29,229.29
07/23/2026,13:04,229.22,229.22,229.22,229.22,229.24,229.24,229.24,229.24
07/23/2026,13:05,229.17,229.17,229.14,229.14,229.2,229.2,229.16,229.16
07/23/2026,13:06,229.11,229.12,229.11,229.12,229.14,229.15,229.14,229.15
07/23/2026,13:08,229.1,229.16,229.1,229.16,229.13,229.18,229.13,229.18
07/23/2026,13:12,229.21,229.22,229.2,229.2,229.23,229.25,229.22,229.22
07/23/2026,13:13,229.2,229.2,229.16,229.17,229.22,229.22,229.17,229.19
07/23/2026,13:14,229.14,229.14,229.14,229.14,229.16,229.16,229.16,229.16
07/23/2026,13:15,229.14,229.14,229.14,229.14,229.16,229.16,229.16,229.16
07/23/2026,13:16,229.15,229.17,229.15,229.17,229.16,229.19,229.16,229.19
07/23/2026,13:17,229.2,229.2,229.2,229.2,229.22,229.22,229.22,229.22
07/23/2026,13:20,229.05,229.08,229.05,229.08,229.08,229.09,229.08,229.09
07/23/2026,13:22,229.09,229.09,229.09,229.09,229.12,229.12,229.12,229.12
07/23/2026,13:27,229.13,229.13,229.06,229.06,229.16,229.16,229.08,229.08
07/23/2026,13:28,229.09,229.09,229.09,229.09,229.11,229.11,229.11,229.11
07/23/2026,13:30,229.05,229.05,229.03,229.03,229.08,229.08,229.06,229.06
07/23/2026,13:31,229.06,229.06,229.03,229.03,229.07,229.07,229.05,229.05
07/23/2026,13:32,229.02,229.04,229.02,229.04,229.05,229.06,229.05,229.06
07/23/2026,13:33,229.03,229.03,229.03,229.03,229.04,229.04,229.04,229.04
07/23/2026,13:35,228.93,228.93,228.93,228.93,228.95,228.95,228.95,228.95
07/23/2026,13:36,228.84,228.84,228.84,228.84,228.87,228.87,228.87,228.87
07/23/2026,13:37,228.89,228.89,228.89,228.89,228.9,228.9,228.9,228.9
07/23/2026,13:38,228.9,228.9,228.9,228.9,228.92,228.92,228.92,228.92
07/23/2026,13:39,228.93,228.93,228.93,228.93,228.95,228.95,228.95,228.95
07/23/2026,13:40,228.91,228.91,228.91,228.91,228.92,228.92,228.92,228.92
07/23/2026,13:41,228.87,228.89,228.87,228.89,228.88,228.91,228.88,228.91
07/23/2026,13:42,228.89,228.89,228.89,228.89,228.91,228.91,228.91,228.91
07/23/2026,13:43,228.9,228.9,228.9,228.9,228.93,228.93,228.93,228.93
07/23/2026,13:45,228.89,228.96,228.89,228.96,228.92,228.99,228.92,228.99
07/23/2026,13:46,229,229,229,229,229.03,229.03,229.03,229.03
07/23/2026,13:47,229.02,229.02,229.02,229.02,229.05,229.05,229.05,229.05
07/23/2026,13:48,228.98,228.98,228.98,228.98,229.01,229.01,229.01,229.01
07/23/2026,13:49,229.02,229.03,229.02,229.03,229.06,229.06,229.05,229.05
07/23/2026,13:50,229,229,229,229,229.02,229.02,229.02,229.02
07/23/2026,13:51,228.98,228.98,228.98,228.98,229.01,229.01,229.01,229.01
07/23/2026,13:52,228.99,228.99,228.99,228.99,229.02,229.02,229.02,229.02
07/23/2026,13:53,228.97,228.97,228.97,228.97,228.98,228.98,228.98,228.98
07/23/2026,13:55,228.89,228.89,228.89,228.89,228.91,228.91,228.91,228.91
07/23/2026,13:56,228.83,228.83,228.83,228.83,228.86,228.86,228.86,228.86
07/23/2026,13:57,228.78,228.78,228.78,228.78,228.8,228.8,228.8,228.8
07/23/2026,13:58,228.79,228.79,228.79,228.79,228.81,228.81,228.81,228.81
07/23/2026,14:00,228.78,228.78,228.78,228.78,228.8,228.8,228.8,228.8
07/23/2026,14:01,228.76,228.76,228.76,228.76,228.77,228.77,228.77,228.77
07/23/2026,14:03,228.81,228.81,228.79,228.79,228.83,228.83,228.8,228.8
07/23/2026,14:04,228.8,228.8,228.77,228.77,228.82,228.82,228.79,228.79
07/23/2026,14:05,228.74,228.75,228.74,228.75,228.76,228.77,228.76,228.77
07/23/2026,14:06,228.8,228.8,228.8,228.8,228.81,228.81,228.81,228.81
07/23/2026,14:07,228.79,228.8,228.79,228.8,228.82,228.83,228.82,228.83
07/23/2026,14:08,228.85,228.86,228.85,228.86,228.88,228.89,228.88,228.89
07/23/2026,14:10,228.86,228.86,228.86,228.86,228.88,228.88,228.88,228.88
07/23/2026,14:11,228.85,228.85,228.83,228.83,228.86,228.88,228.85,228.85
07/23/2026,14:12,228.84,228.87,228.84,228.87,228.85,228.88,228.85,228.88
07/23/2026,14:13,228.83,228.86,228.82,228.86,228.85,228.87,228.85,228.87
07/23/2026,14:14,228.81,228.81,228.81,228.81,228.83,228.83,228.83,228.83
07/23/2026,14:16,228.83,228.83,228.83,228.83,228.86,228.86,228.86,228.86
07/23/2026,14:17,228.78,228.78,228.78,228.78,228.81,228.81,228.81,228.81
07/23/2026,14:18,228.79,228.83,228.79,228.83,228.81,228.85,228.81,228.85
07/23/2026,14:20,228.84,228.84,228.84,228.84,228.86,228.86,228.86,228.86
07/23/2026,14:21,228.87,228.9,228.87,228.9,228.9,228.92,228.9,228.92
07/23/2026,14:22,228.89,228.89,228.86,228.86,228.91,228.91,228.88,228.88
07/23/2026,14:23,228.86,228.86,228.86,228.86,228.88,228.88,228.88,228.88
07/23/2026,14:25,228.89,228.89,228.89,228.89,228.91,228.91,228.91,228.91
07/23/2026,14:26,228.84,228.84,228.84,228.84,228.87,228.87,228.87,228.87
07/23/2026,14:27,228.85,228.85,228.85,228.85,228.87,228.87,228.87,228.87
07/23/2026,14:28,228.87,228.87,228.87,228.87,228.9,228.9,228.9,228.9
07/23/2026,14:30,228.93,228.94,228.93,228.94,228.95,228.97,228.95,228.97
07/23/2026,14:31,228.95,228.95,228.95,228.95,228.96,228.96,228.96,228.96
07/23/2026,14:32,228.95,228.95,228.95,228.95,228.97,228.97,228.97,228.97
07/23/2026,14:34,228.98,228.98,228.98,228.98,229,229,229,229
07/23/2026,14:36,228.93,228.93,228.89,228.89,228.96,228.96,228.91,228.91
07/23/2026,14:38,228.85,228.85,228.84,228.84,228.88,228.88,228.86,228.86
07/23/2026,14:39,228.83,228.86,228.81,228.81,228.86,228.88,228.84,228.84
07/23/2026,14:40,228.82,228.82,228.81,228.81,228.84,228.84,228.82,228.84
07/23/2026,14:41,228.81,228.81,228.81,228.81,228.83,228.83,228.83,228.83
07/23/2026,14:43,228.84,228.84,228.84,228.84,228.86,228.86,228.86,228.86
07/23/2026,14:45,228.91,228.94,228.91,228.94,228.94,228.96,228.94,228.96
07/23/2026,14:46,228.98,228.99,228.98,228.99,229,229.01,229,229.01
07/23/2026,14:47,228.99,229.01,228.99,229.01,229.01,229.02,229.01,229.02
07/23/2026,14:48,229.02,229.02,229,229,229.04,229.04,229.01,229.01
07/23/2026,14:49,229.05,229.05,229.05,229.05,229.07,229.07,229.07,229.07
07/23/2026,14:50,229.03,229.03,229.03,229.03,229.05,229.05,229.05,229.05
07/23/2026,14:51,228.94,228.96,228.94,228.96,228.97,228.98,228.97,228.98
07/23/2026,14:54,228.93,228.93,228.9,228.9,228.95,228.95,228.93,228.93
07/23/2026,14:55,228.9,228.93,228.9,228.93,228.92,228.95,228.92,228.95
07/23/2026,14:56,228.91,228.91,228.91,228.91,228.93,228.93,228.93,228.93
07/23/2026,14:57,228.93,228.94,228.91,228.91,228.95,228.96,228.94,228.94
07/23/2026,14:58,228.95,228.95,228.95,228.95,228.97,228.97,228.97,228.97
07/23/2026,14:59,228.94,228.94,228.94,228.94,228.97,228.97,228.97,228.97
07/23/2026,15:00,229,229.02,228.99,229.02,229.02,229.03,229.02,229.03
07/23/2026,15:01,229.07,229.07,229.07,229.07,229.1,229.1,229.1,229.1
07/23/2026,15:03,229.09,229.09,229.07,229.07,229.1,229.1,229.08,229.08
07/23/2026,15:04,229.07,229.1,229.07,229.09,229.08,229.11,229.08,229.11
07/23/2026,15:05,229.08,229.08,229.08,229.08,229.09,229.09,229.09,229.09
07/23/2026,15:06,229.07,229.07,229.05,229.05,229.1,229.1,229.07,229.07
07/23/2026,15:07,229.08,229.1,229.08,229.1,229.1,229.12,229.1,229.12
07/23/2026,15:08,229.12,229.15,229.12,229.14,229.13,229.17,229.13,229.15
07/23/2026,15:11,229,229.03,229,229.02,229.02,229.05,229.02,229.04
07/23/2026,15:12,229.04,229.04,229.04,229.04,229.06,229.06,229.06,229.06
07/23/2026,15:13,229.04,229.04,229.03,229.03,229.06,229.06,229.05,229.05
07/23/2026,15:14,229.03,229.05,229.02,229.02,229.05,229.06,229.04,229.04
07/23/2026,15:15,229.02,229.05,229.02,229.05,229.04,229.06,229.04,229.06
07/23/2026,15:16,229.04,229.04,229.04,229.04,229.06,229.06,229.06,229.06
07/23/2026,15:17,229.06,229.12,229.06,229.12,229.07,229.14,229.07,229.14
07/23/2026,15:18,229.1,229.1,229.06,229.07,229.13,229.13,229.08,229.09
07/23/2026,15:19,229.08,229.08,229.08,229.08,229.09,229.09,229.09,229.09
07/23/2026,15:20,229.1,229.18,229.1,229.18,229.12,229.2,229.12,229.2
07/23/2026,15:21,229.18,229.2,229.18,229.18,229.2,229.21,229.19,229.2
07/23/2026,15:22,229.17,229.17,229.17,229.17,229.19,229.19,229.19,229.19
07/23/2026,15:23,229.17,229.17,229.16,229.16,229.19,229.19,229.18,229.18
07/23/2026,15:24,229.15,229.16,229.15,229.16,229.17,229.18,229.17,229.18
07/23/2026,15:25,229.22,229.24,229.19,229.19,229.24,229.25,229.2,229.2
07/23/2026,15:26,229.19,229.19,229.18,229.18,229.2,229.21,229.19,229.19
07/23/2026,15:27,229.18,229.2,229.18,229.2,229.19,229.22,229.19,229.22
07/23/2026,15:28,229.21,229.21,229.14,229.15,229.22,229.22,229.16,229.17
07/23/2026,15:29,229.1,229.1,229.08,229.09,229.13,229.13,229.11,229.11
07/23/2026,15:30,229.09,229.12,229.08,229.12,229.1,229.14,229.09,229.14
07/23/2026,15:32,228.99,229.01,228.99,229,229,229.02,229,229.01
07/23/2026,15:33,228.97,228.98,228.92,228.94,228.99,229,228.94,228.96
07/23/2026,15:34,228.98,229.01,228.98,229.01,228.99,229.04,228.99,229.04
07/23/2026,15:35,229.01,229.01,229.01,229.01,229.03,229.03,229.03,229.03
07/23/2026,15:36,228.99,228.99,228.98,228.98,229.01,229.01,228.99,229
07/23/2026,15:37,228.97,228.98,228.97,228.98,228.99,229,228.99,229
07/23/2026,15:38,228.97,228.97,228.93,228.93,228.99,228.99,228.95,228.96
07/23/2026,15:39,228.97,228.97,228.97,228.97,228.99,228.99,228.99,228.99
07/23/2026,15:40,228.98,229,228.98,229,229,229.01,229,229.01
07/23/2026,15:41,228.97,228.98,228.97,228.98,228.98,228.99,228.98,228.99
07/23/2026,15:42,228.97,228.98,228.97,228.98,228.99,229,228.99,229
07/23/2026,15:43,228.97,228.98,228.95,228.98,228.98,229,228.96,229
07/23/2026,15:44,229,229,228.99,228.99,229.02,229.02,229.01,229.01
07/23/2026,15:45,228.93,228.94,228.92,228.94,228.95,228.95,228.93,228.95
07/23/2026,15:46,228.86,228.86,228.8,228.81,228.88,228.88,228.81,228.82
07/23/2026,15:47,228.77,228.82,228.77,228.78,228.78,228.83,228.78,228.8
07/23/2026,15:48,228.77,228.78,228.77,228.78,228.79,228.8,228.79,228.8
07/23/2026,15:49,228.74,228.76,228.69,228.7,228.75,228.77,228.71,228.72
07/23/2026,15:50,228.73,228.96,228.68,228.93,228.75,228.98,228.7,228.94
07/23/2026,15:51,228.93,228.93,228.87,228.93,228.94,228.95,228.89,228.95
07/23/2026,15:52,228.91,228.91,228.89,228.89,228.94,228.94,228.9,228.9
07/23/2026,15:53,228.88,228.88,228.76,228.76,228.9,228.9,228.77,228.77
07/23/2026,15:54,228.76,228.82,228.76,228.82,228.77,228.83,228.77,228.83
07/23/2026,15:55,228.86,229.02,228.86,229.02,228.89,229.03,228.87,229.03
07/23/2026,15:56,229.01,229.06,229.01,229.06,229.03,229.09,229.03,229.09
07/23/2026,15:57,229.09,229.19,229.09,229.19,229.1,229.22,229.1,229.22
07/23/2026,15:58,229.19,229.37,229.19,229.37,229.22,229.38,229.22,229.38
07/23/2026,15:59,229.37,229.37,229.25,229.25,229.38,229.38,229.3,229.3
07/24/2026,09:30,229.59,229.59,229.59,229.59,229.82,229.82,229.82,229.82
07/24/2026,09:31,229.86,229.86,229.86,229.86,230.02,230.02,230.02,230.02
07/24/2026,09:32,230.11,230.17,230.11,230.17,230.25,230.29,230.25,230.29
07/24/2026,09:33,230.1,230.1,230.06,230.06,230.16,230.16,230.14,230.14
07/24/2026,09:34,229.9,229.9,229.9,229.9,230.02,230.02,230.02,230.02
07/24/2026,09:35,229.83,229.89,229.83,229.84,229.93,229.96,229.88,229.88
07/24/2026,09:36,229.98,229.98,229.97,229.97,230.03,230.03,230.03,230.03
07/24/2026,09:39,230.23,230.23,230.23,230.23,230.35,230.35,230.35,230.35
07/24/2026,09:40,230.1,230.28,230.1,230.28,230.2,230.36,230.2,230.36
07/24/2026,09:43,230.36,230.36,230.36,230.36,230.43,230.43,230.43,230.43
07/24/2026,09:44,230.22,230.24,230.22,230.24,230.3,230.32,230.3,230.32
07/24/2026,09:45,230.25,230.35,230.25,230.35,230.32,230.42,230.32,230.42
07/24/2026,09:46,230.42,230.49,230.42,230.49,230.47,230.56,230.47,230.56
07/24/2026,09:47,230.61,230.64,230.58,230.58,230.66,230.68,230.65,230.65
07/24/2026,09:48,230.61,230.7,230.61,230.61,230.65,230.71,230.65,230.68
07/24/2026,09:49,230.59,230.59,230.59,230.59,230.63,230.63,230.63,230.63
07/24/2026,09:50,230.46,230.46,230.37,230.37,230.54,230.54,230.4,230.4
07/24/2026,09:51,230.38,230.4,230.28,230.28,230.4,230.43,230.33,230.33
07/24/2026,09:52,230.26,230.26,230.26,230.26,230.33,230.33,230.32,230.32
07/24/2026,09:53,230.36,230.43,230.36,230.43,230.41,230.46,230.41,230.44
07/24/2026,09:54,230.38,230.38,230.38,230.38,230.41,230.41,230.41,230.41
07/24/2026,09:56,230.4,230.4,230.37,230.37,230.44,230.44,230.4,230.42
07/24/2026,09:57,230.37,230.37,230.37,230.37,230.41,230.41,230.41,230.41
07/24/2026,09:58,230.33,230.38,230.3,230.3,230.39,230.4,230.37,230.37
07/24/2026,09:59,230.27,230.27,230.27,230.27,230.33,230.33,230.33,230.33
07/24/2026,10:00,230.24,230.24,230.24,230.24,230.25,230.25,230.25,230.25
07/24/2026,10:01,230.26,230.31,230.26,230.27,230.33,230.38,230.32,230.34
07/24/2026,10:02,230.29,230.34,230.29,230.33,230.34,230.36,230.34,230.36
07/24/2026,10:03,230.33,230.39,230.33,230.39,230.38,230.44,230.38,230.44
07/24/2026,10:04,230.28,230.28,230.28,230.28,230.35,230.35,230.35,230.35
07/24/2026,10:05,230.28,230.32,230.28,230.32,230.33,230.35,230.33,230.35
07/24/2026,10:06,230.32,230.33,230.3,230.32,230.37,230.38,230.33,230.37
07/24/2026,10:07,230.33,230.33,230.27,230.27,230.38,230.38,230.32,230.32
07/24/2026,10:08,230.3,230.3,230.3,230.3,230.32,230.32,230.32,230.32
07/24/2026,10:09,230.42,230.45,230.42,230.45,230.47,230.47,230.47,230.47
07/24/2026,10:10,230.56,230.58,230.56,230.58,230.6,230.63,230.6,230.63
07/24/2026,10:11,230.64,230.64,230.61,230.61,230.67,230.67,230.65,230.65
07/24/2026,10:12,230.58,230.59,230.57,230.58,230.64,230.64,230.62,230.62
07/24/2026,10:13,230.56,230.65,230.56,230.63,230.6,230.69,230.58,230.67
07/24/2026,10:14,230.66,230.68,230.66,230.68,230.69,230.7,230.69,230.7
07/24/2026,10:17,230.74,230.76,230.65,230.65,230.78,230.8,230.66,230.66
07/24/2026,10:18,230.66,230.66,230.66,230.66,230.71,230.71,230.71,230.71
07/24/2026,10:19,230.65,230.65,230.65,230.65,230.71,230.71,230.71,230.71
07/24/2026,10:20,230.67,230.67,230.67,230.67,230.7,230.7,230.7,230.7
07/24/2026,10:21,230.77,230.79,230.75,230.79,230.82,230.82,230.8,230.82
07/24/2026,10:22,230.81,230.86,230.81,230.84,230.87,230.88,230.84,230.87
07/24/2026,10:23,230.85,230.87,230.85,230.87,230.89,230.94,230.89,230.94
07/24/2026,10:24,230.88,230.88,230.87,230.88,230.9,230.9,230.9,230.9
07/24/2026,10:25,230.8,230.82,230.8,230.82,230.83,230.87,230.82,230.87
07/24/2026,10:26,230.86,230.86,230.86,230.86,230.88,230.88,230.88,230.88
07/24/2026,10:27,230.82,230.82,230.7,230.7,230.84,230.84,230.75,230.75
07/24/2026,10:28,230.73,230.73,230.71,230.73,230.74,230.78,230.74,230.78
07/24/2026,10:29,230.77,230.77,230.77,230.77,230.78,230.78,230.78,230.78
07/24/2026,10:30,230.76,230.76,230.76,230.76,230.8,230.8,230.8,230.8
07/24/2026,10:31,230.78,230.78,230.78,230.78,230.81,230.81,230.81,230.81
07/24/2026,10:32,230.79,230.84,230.79,230.84,230.81,230.85,230.81,230.85
07/24/2026,10:33,230.82,230.83,230.82,230.83,230.85,230.85,230.84,230.84
07/24/2026,10:34,230.82,230.82,230.77,230.77,230.83,230.83,230.79,230.79
07/24/2026,10:35,230.71,230.72,230.71,230.72,230.74,230.75,230.74,230.75
07/24/2026,10:36,230.76,230.76,230.76,230.76,230.78,230.78,230.78,230.78
07/24/2026,10:37,230.74,230.74,230.74,230.74,230.77,230.77,230.77,230.77
07/24/2026,10:38,230.74,230.77,230.74,230.77,230.78,230.8,230.78,230.8
07/24/2026,10:39,230.79,230.79,230.75,230.76,230.8,230.8,230.78,230.78
07/24/2026,10:41,230.84,230.86,230.83,230.86,230.86,230.89,230.86,230.89
07/24/2026,10:42,230.83,230.83,230.83,230.83,230.88,230.88,230.85,230.86
07/24/2026,10:44,230.79,230.82,230.72,230.72,230.82,230.86,230.74,230.75
07/24/2026,10:45,230.72,230.74,230.69,230.69,230.73,230.75,230.71,230.71
07/24/2026,10:46,230.66,230.7,230.64,230.7,230.67,230.71,230.67,230.71
07/24/2026,10:47,230.72,230.72,230.72,230.72,230.74,230.74,230.74,230.74
07/24/2026,10:48,230.7,230.72,230.7,230.72,230.74,230.75,230.74,230.75
07/24/2026,10:49,230.75,230.8,230.75,230.8,230.78,230.83,230.76,230.81
07/24/2026,10:50,230.82,230.86,230.81,230.84,230.83,230.87,230.83,230.87
07/24/2026,10:51,230.9,230.99,230.9,230.99,230.92,231,230.92,231
07/24/2026,10:52,231,231,230.96,230.96,231.03,231.04,230.99,231
07/24/2026,10:53,230.96,231,230.96,231,230.98,231.02,230.98,231.02
07/24/2026,10:54,230.95,230.95,230.95,230.95,230.97,230.97,230.97,230.97
07/24/2026,10:55,230.99,231,230.98,231,231.02,231.03,231.02,231.03
07/24/2026,10:56,230.99,231.02,230.99,231,231.02,231.04,231.02,231.04
07/24/2026,10:57,231,231.05,230.99,231.04,231.04,231.08,231.03,231.05
07/24/2026,10:58,231.05,231.08,231.04,231.08,231.06,231.08,231.06,231.08
07/24/2026,10:59,231.07,231.12,231.06,231.12,231.09,231.13,231.09,231.13
07/24/2026,11:00,231.1,231.11,231.06,231.08,231.12,231.13,231.09,231.12
07/24/2026,11:01,231.07,231.07,231.06,231.06,231.09,231.09,231.07,231.08
07/24/2026,11:02,231.07,231.11,231.06,231.11,231.08,231.13,231.08,231.13
07/24/2026,11:03,231.1,231.15,231.1,231.15,231.11,231.18,231.11,231.18
07/24/2026,11:04,231.14,231.17,231.14,231.17,231.17,231.17,231.16,231.17
07/24/2026,11:05,231.19,231.22,231.19,231.22,231.2,231.23,231.2,231.23
07/24/2026,11:06,231.21,231.25,231.2,231.21,231.25,231.28,231.23,231.23
07/24/2026,11:08,231.12,231.15,231.12,231.15,231.13,231.19,231.13,231.19
07/24/2026,11:09,231.08,231.08,231.08,231.08,231.1,231.1,231.1,231.1
07/24/2026,11:10,231.07,231.26,231.04,231.26,231.08,231.27,231.07,231.27
07/24/2026,11:11,231.25,231.43,231.25,231.32,231.27,231.46,231.27,231.33
07/24/2026,11:12,231.31,231.38,231.31,231.38,231.34,231.41,231.34,231.41
07/24/2026,11:13,231.32,231.32,231.31,231.31,231.36,231.36,231.35,231.35
07/24/2026,11:14,231.34,231.53,231.34,231.53,231.36,231.57,231.36,231.57
07/24/2026,11:15,231.47,231.67,231.47,231.67,231.48,231.72,231.48,231.72
07/24/2026,11:17,231.55,231.59,231.55,231.56,231.58,231.6,231.58,231.59
07/24/2026,11:18,231.54,231.55,231.54,231.55,231.58,231.58,231.58,231.58
07/24/2026,11:19,231.51,231.52,231.51,231.52,231.56,231.56,231.55,231.55
07/24/2026,11:20,231.52,231.58,231.52,231.58,231.55,231.59,231.55,231.59
07/24/2026,11:21,231.63,231.71,231.63,231.71,231.67,231.72,231.67,231.72
07/24/2026,11:22,231.74,231.75,231.74,231.75,231.77,231.77,231.77,231.77
07/24/2026,11:24,231.78,231.78,231.78,231.78,231.81,231.81,231.81,231.81
07/24/2026,11:25,231.7,231.7,231.7,231.7,231.73,231.73,231.73,231.73
07/24/2026,11:28,231.81,231.82,231.81,231.82,231.84,231.84,231.83,231.84
07/24/2026,11:29,231.75,231.75,231.75,231.75,231.78,231.78,231.78,231.78
07/24/2026,11:30,231.72,231.73,231.72,231.73,231.75,231.76,231.75,231.75
07/24/2026,11:31,231.74,231.75,231.7,231.7,231.75,231.76,231.73,231.73
07/24/2026,11:32,231.66,231.66,231.66,231.66,231.68,231.7,231.68,231.69
07/24/2026,11:34,231.68,231.69,231.68,231.69,231.69,231.71,231.69,231.71
07/24/2026,11:35,231.66,231.66,231.66,231.66,231.68,231.68,231.68,231.68
07/24/2026,11:36,231.7,231.7,231.7,231.7,231.73,231.73,231.73,231.73
07/24/2026,11:37,231.69,231.72,231.69,231.72,231.73,231.74,231.73,231.74
07/24/2026,11:38,231.71,231.74,231.71,231.74,231.75,231.75,231.75,231.75
07/24/2026,11:41,231.69,231.71,231.66,231.68,231.71,231.74,231.68,231.71
07/24/2026,11:42,231.68,231.71,231.68,231.71,231.69,231.73,231.69,231.73
07/24/2026,11:44,231.66,231.7,231.66,231.7,231.7,231.73,231.7,231.73
07/24/2026,11:46,231.74,231.74,231.74,231.74,231.75,231.75,231.75,231.75
07/24/2026,11:48,231.64,231.64,231.61,231.61,231.67,231.67,231.62,231.62
07/24/2026,11:49,231.59,231.59,231.59,231.59,231.62,231.62,231.62,231.62
07/24/2026,11:50,231.6,231.64,231.6,231.64,231.61,231.65,231.61,231.65
07/24/2026,11:51,231.67,231.67,231.67,231.67,231.69,231.69,231.69,231.69
07/24/2026,11:52,231.61,231.61,231.56,231.58,231.64,231.64,231.58,231.6
07/24/2026,11:54,231.62,231.63,231.62,231.63,231.65,231.66,231.65,231.66
07/24/2026,11:55,231.65,231.65,231.63,231.63,231.68,231.68,231.65,231.65
07/24/2026,11:57,231.66,231.66,231.66,231.66,231.69,231.69,231.69,231.69
07/24/2026,11:58,231.64,231.64,231.64,231.64,231.67,231.67,231.67,231.67
07/24/2026,11:59,231.66,231.66,231.66,231.66,231.7,231.7,231.7,231.7
07/24/2026,12:00,231.67,231.67,231.61,231.61,231.68,231.68,231.64,231.64
07/24/2026,12:01,231.62,231.62,231.62,231.62,231.64,231.64,231.64,231.64
07/24/2026,12:02,231.62,231.63,231.62,231.63,231.65,231.66,231.65,231.66
07/24/2026,12:03,231.63,231.63,231.6,231.6,231.64,231.64,231.62,231.62
07/24/2026,12:04,231.6,231.6,231.6,231.6,231.63,231.63,231.63,231.63
07/24/2026,12:05,231.59,231.61,231.59,231.61,231.61,231.63,231.6,231.63
07/24/2026,12:06,231.56,231.57,231.56,231.57,231.59,231.59,231.59,231.59
07/24/2026,12:07,231.61,231.63,231.59,231.63,231.62,231.64,231.62,231.64
07/24/2026,12:08,231.62,231.63,231.62,231.63,231.63,231.66,231.63,231.66
07/24/2026,12:09,231.6,231.6,231.56,231.56,231.61,231.61,231.58,231.58
07/24/2026,12:10,231.56,231.6,231.56,231.6,231.58,231.62,231.58,231.62
07/24/2026,12:11,231.64,231.64,231.61,231.61,231.65,231.65,231.64,231.64
07/24/2026,12:12,231.62,231.63,231.6,231.6,231.65,231.65,231.63,231.63
07/24/2026,12:13,231.58,231.58,231.54,231.57,231.61,231.61,231.57,231.6
07/24/2026,12:14,231.57,231.6,231.57,231.6,231.6,231.63,231.6,231.63
07/24/2026,12:15,231.6,231.6,231.59,231.59,231.63,231.63,231.62,231.62
07/24/2026,12:16,231.58,231.58,231.58,231.58,231.6,231.6,231.59,231.59
07/24/2026,12:17,231.61,231.61,231.61,231.61,231.64,231.64,231.64,231.64
07/24/2026,12:18,231.58,231.65,231.58,231.64,231.6,231.68,231.6,231.67
07/24/2026,12:19,231.63,231.63,231.62,231.63,231.68,231.68,231.65,231.66
07/24/2026,12:20,231.63,231.63,231.63,231.63,231.66,231.66,231.66,231.66
07/24/2026,12:21,231.66,231.66,231.62,231.62,231.67,231.67,231.65,231.65
07/24/2026,12:22,231.61,231.64,231.61,231.64,231.64,231.67,231.64,231.67
07/24/2026,12:23,231.65,231.65,231.64,231.65,231.67,231.68,231.67,231.68
07/24/2026,12:24,231.66,231.66,231.66,231.66,231.68,231.69,231.68,231.69
07/24/2026,12:25,231.65,231.7,231.65,231.68,231.67,231.71,231.67,231.7
07/24/2026,12:26,231.68,231.68,231.65,231.68,231.7,231.7,231.67,231.7
07/24/2026,12:27,231.7,231.71,231.7,231.71,231.74,231.74,231.74,231.74
07/24/2026,12:29,231.66,231.66,231.66,231.66,231.68,231.68,231.68,231.68
07/24/2026,12:30,231.65,231.65,231.55,231.58,231.67,231.67,231.57,231.6
07/24/2026,12:31,231.6,231.63,231.6,231.62,231.63,231.65,231.63,231.65
07/24/2026,12:32,231.6,231.6,231.57,231.57,231.63,231.63,231.6,231.6
07/24/2026,12:33,231.59,231.59,231.59,231.59,231.63,231.63,231.63,231.63
07/24/2026,12:34,231.52,231.52,231.52,231.52,231.55,231.55,231.55,231.55
07/24/2026,12:35,231.51,231.55,231.51,231.55,231.55,231.58,231.55,231.58
07/24/2026,12:36,231.56,231.56,231.56,231.56,231.6,231.6,231.6,231.6
07/24/2026,12:38,231.54,231.54,231.54,231.54,231.56,231.56,231.56,231.56
07/24/2026,12:39,231.51,231.53,231.51,231.53,231.53,231.55,231.53,231.55
07/24/2026,12:40,231.46,231.46,231.43,231.44,231.47,231.47,231.46,231.46
07/24/2026,12:41,231.45,231.46,231.43,231.44,231.47,231.47,231.45,231.47
07/24/2026,12:42,231.42,231.42,231.41,231.41,231.44,231.44,231.43,231.43
07/24/2026,12:43,231.42,231.43,231.42,231.42,231.43,231.45,231.43,231.43
07/24/2026,12:44,231.34,231.34,231.34,231.34,231.35,231.36,231.35,231.36
07/24/2026,12:45,231.34,231.39,231.34,231.39,231.37,231.41,231.37,231.41
07/24/2026,12:46,231.37,231.4,231.35,231.4,231.41,231.42,231.38,231.41
07/24/2026,12:47,231.36,231.36,231.28,231.29,231.39,231.39,231.3,231.31
07/24/2026,12:48,231.25,231.27,231.25,231.27,231.29,231.3,231.28,231.3
07/24/2026,12:49,231.27,231.27,231.24,231.27,231.3,231.3,231.26,231.29
07/24/2026,12:50,231.26,231.28,231.26,231.27,231.29,231.31,231.29,231.31
07/24/2026,12:51,231.24,231.24,231.24,231.24,231.27,231.27,231.27,231.27
07/24/2026,12:52,231.26,231.26,231.22,231.24,231.29,231.29,231.25,231.27
07/24/2026,12:53,231.17,231.17,231.17,231.17,231.19,231.2,231.19,231.2
07/24/2026,12:54,231.19,231.23,231.19,231.23,231.21,231.26,231.21,231.25
07/24/2026,12:55,231.2,231.25,231.2,231.25,231.22,231.28,231.22,231.27
07/24/2026,12:56,231.23,231.26,231.23,231.26,231.26,231.27,231.26,231.27
07/24/2026,12:57,231.26,231.3,231.26,231.3,231.27,231.32,231.27,231.32
07/24/2026,13:02,231.29,231.29,231.25,231.25,231.3,231.3,231.28,231.28
07/24/2026,13:03,231.22,231.22,231.22,231.22,231.25,231.25,231.25,231.25
07/24/2026,13:05,231.22,231.24,231.22,231.24,231.25,231.26,231.25,231.25
07/24/2026,13:06,231.21,231.21,231.08,231.14,231.23,231.23,231.11,231.15
07/24/2026,13:07,231.11,231.12,231.11,231.12,231.14,231.14,231.14,231.14
07/24/2026,13:08,231.12,231.12,231.06,231.08,231.14,231.14,231.1,231.1
07/24/2026,13:09,231.06,231.08,231.05,231.05,231.07,231.11,231.07,231.08
07/24/2026,13:10,231.02,231.08,231.02,231.06,231.03,231.1,231.03,231.07
07/24/2026,13:11,231.07,231.12,231.07,231.12,231.1,231.14,231.1,231.14
07/24/2026,13:12,231.13,231.13,231.13,231.13,231.15,231.15,231.15,231.15
07/24/2026,13:13,231.15,231.16,231.15,231.15,231.18,231.19,231.18,231.18
07/24/2026,13:14,231.15,231.18,231.15,231.18,231.18,231.2,231.18,231.19
07/24/2026,13:15,231.17,231.17,231.13,231.13,231.18,231.19,231.15,231.15
07/24/2026,13:16,231.14,231.16,231.14,231.16,231.15,231.18,231.15,231.18
07/24/2026,13:17,231.19,231.21,231.19,231.21,231.2,231.23,231.2,231.23
07/24/2026,13:19,231.22,231.27,231.22,231.25,231.24,231.28,231.23,231.28
07/24/2026,13:20,231.24,231.24,231.23,231.23,231.27,231.27,231.26,231.26
07/24/2026,13:21,231.26,231.26,231.26,231.26,231.27,231.27,231.27,231.27
07/24/2026,13:22,231.21,231.23,231.19,231.19,231.24,231.24,231.2,231.2
07/24/2026,13:23,231.19,231.19,231.19,231.19,231.22,231.22,231.22,231.22
07/24/2026,13:24,231.18,231.18,231.18,231.18,231.21,231.21,231.21,231.21
07/24/2026,13:27,231.27,231.27,231.27,231.27,231.3,231.3,231.3,231.3
07/24/2026,13:28,231.27,231.28,231.26,231.26,231.29,231.31,231.29,231.29
07/24/2026,13:29,231.3,231.31,231.29,231.31,231.32,231.32,231.31,231.32
07/24/2026,13:30,231.3,231.34,231.3,231.34,231.33,231.37,231.33,231.37
07/24/2026,13:31,231.32,231.34,231.31,231.34,231.34,231.37,231.33,231.37
07/24/2026,13:32,231.34,231.34,231.32,231.32,231.36,231.36,231.34,231.34
07/24/2026,13:33,231.33,231.35,231.33,231.34,231.35,231.36,231.35,231.36
07/24/2026,13:34,231.35,231.38,231.35,231.38,231.36,231.41,231.36,231.41
07/24/2026,13:35,231.39,231.4,231.39,231.4,231.41,231.41,231.41,231.41
07/24/2026,13:39,231.36,231.37,231.36,231.36,231.38,231.39,231.38,231.39
07/24/2026,13:40,231.33,231.33,231.33,231.33,231.35,231.35,231.35,231.35
07/24/2026,13:41,231.38,231.39,231.38,231.39,231.39,231.4,231.39,231.4
07/24/2026,13:42,231.38,231.38,231.38,231.38,231.39,231.39,231.39,231.39
07/24/2026,13:44,231.31,231.33,231.31,231.33,231.33,231.35,231.33,231.35
07/24/2026,13:45,231.3,231.35,231.3,231.35,231.33,231.36,231.33,231.36
07/24/2026,13:46,231.36,231.36,231.36,231.36,231.39,231.39,231.39,231.39
07/24/2026,13:49,231.32,231.32,231.32,231.32,231.34,231.34,231.34,231.34
07/24/2026,13:50,231.32,231.34,231.31,231.34,231.34,231.36,231.34,231.36
07/24/2026,13:51,231.27,231.27,231.27,231.27,231.3,231.3,231.3,231.3
07/24/2026,13:52,231.25,231.25,231.24,231.25,231.28,231.28,231.27,231.27
07/24/2026,13:53,231.26,231.26,231.25,231.25,231.28,231.28,231.28,231.28
07/24/2026,13:54,231.29,231.29,231.28,231.29,231.31,231.31,231.29,231.31
07/24/2026,13:55,231.32,231.32,231.29,231.29,231.35,231.35,231.31,231.31
07/24/2026,13:56,231.28,231.32,231.27,231.3,231.3,231.34,231.29,231.32
07/24/2026,13:57,231.31,231.31,231.31,231.31,231.33,231.33,231.33,231.33
07/24/2026,13:58,231.3,231.33,231.3,231.33,231.33,231.35,231.33,231.35
07/24/2026,13:59,231.29,231.29,231.29,231.29,231.3,231.3,231.3,231.3
07/24/2026,14:00,231.27,231.28,231.27,231.28,231.28,231.3,231.28,231.3
07/24/2026,14:01,231.3,231.3,231.3,231.3,231.32,231.32,231.32,231.32
07/24/2026,14:02,231.24,231.25,231.22,231.22,231.26,231.27,231.24,231.24
07/24/2026,14:03,231.23,231.23,231.23,231.23,231.25,231.25,231.25,231.25
07/24/2026,14:05,231.23,231.24,231.21,231.24,231.26,231.26,231.23,231.26
07/24/2026,14:06,231.24,231.27,231.24,231.27,231.26,231.3,231.26,231.3
07/24/2026,14:07,231.3,231.35,231.3,231.35,231.32,231.38,231.32,231.38
07/24/2026,14:08,231.38,231.38,231.37,231.37,231.4,231.4,231.39,231.39
07/24/2026,14:09,231.35,231.35,231.34,231.34,231.37,231.37,231.37,231.37
07/24/2026,14:10,231.33,231.33,231.29,231.3,231.35,231.35,231.31,231.32
07/24/2026,14:11,231.29,231.32,231.29,231.32,231.31,231.34,231.31,231.34
07/24/2026,14:12,231.31,231.31,231.28,231.28,231.33,231.33,231.31,231.31
07/24/2026,14:14,231.28,231.28,231.27,231.28,231.31,231.31,231.3,231.31
07/24/2026,14:15,231.25,231.27,231.25,231.25,231.27,231.28,231.27,231.28
07/24/2026,14:16,231.27,231.3,231.25,231.3,231.28,231.32,231.28,231.32
07/24/2026,14:17,231.29,231.3,231.28,231.29,231.31,231.32,231.31,231.32
07/24/2026,14:19,231.29,231.29,231.29,231.29,231.32,231.32,231.32,231.32
07/24/2026,14:23,231.19,231.23,231.19,231.23,231.21,231.24,231.21,231.24
07/24/2026,14:24,231.24,231.26,231.24,231.24,231.27,231.28,231.27,231.27
07/24/2026,14:25,231.25,231.25,231.18,231.2,231.27,231.27,231.21,231.22
07/24/2026,14:26,231.2,231.2,231.19,231.19,231.23,231.23,231.22,231.22
07/24/2026,14:28,231.13,231.13,231.13,231.13,231.16,231.16,231.16,231.16
07/24/2026,14:29,231.1,231.13,231.1,231.13,231.13,231.14,231.13,231.14
07/24/2026,14:30,231.11,231.12,231.11,231.12,231.13,231.14,231.13,231.14
07/24/2026,14:31,231.11,231.11,231.08,231.09,231.14,231.14,231.09,231.1
07/24/2026,14:32,231.07,231.07,231.07,231.07,231.08,231.1,231.08,231.1
07/24/2026,14:33,231.01,231.01,231,231,231.04,231.04,231.01,231.01
07/24/2026,14:34,230.95,230.95,230.93,230.93,230.98,230.98,230.96,230.96
07/24/2026,14:35,230.9,230.97,230.89,230.97,230.92,230.99,230.91,230.99
07/24/2026,14:36,230.99,230.99,230.99,230.99,231.02,231.02,231.02,231.02
07/24/2026,14:37,230.97,230.99,230.97,230.98,231,231.02,231,231
07/24/2026,14:38,230.99,231.04,230.99,231.02,231.01,231.05,231.01,231.05
07/24/2026,14:39,231.04,231.05,230.99,231.05,231.07,231.09,231,231.07
07/24/2026,14:40,231.03,231.03,230.95,230.96,231.06,231.06,230.97,230.97
07/24/2026,14:41,230.98,230.98,230.94,230.96,231.01,231.01,230.98,230.99
07/24/2026,14:42,230.97,230.99,230.95,230.99,231,231,230.98,231
07/24/2026,14:43,230.99,231.01,230.99,231.01,231.01,231.04,231.01,231.04
07/24/2026,14:44,231.01,231.03,231,231,231.05,231.06,231.02,231.02
07/24/2026,14:45,231.06,231.06,231.06,231.06,231.09,231.09,231.08,231.08
07/24/2026,14:46,231.07,231.08,231.06,231.06,231.08,231.1,231.08,231.1
07/24/2026,14:47,231.09,231.09,231.07,231.07,231.12,231.12,231.1,231.1
07/24/2026,14:48,231.11,231.11,231.08,231.08,231.13,231.13,231.09,231.09
07/24/2026,14:49,231.05,231.07,231.05,231.07,231.07,231.08,231.07,231.08
07/24/2026,14:50,231.08,231.09,231.03,231.09,231.09,231.1,231.05,231.1
07/24/2026,14:51,231.1,231.1,231.09,231.09,231.12,231.12,231.11,231.11
07/24/2026,14:52,231.05,231.08,231.05,231.08,231.07,231.1,231.07,231.1
07/24/2026,14:53,231.09,231.09,231.07,231.09,231.1,231.11,231.09,231.11
07/24/2026,14:54,231.08,231.08,231.06,231.06,231.1,231.1,231.07,231.07
07/24/2026,14:55,231.05,231.09,231.05,231.09,231.09,231.1,231.09,231.1
07/24/2026,14:56,231.08,231.14,231.08,231.14,231.09,231.16,231.09,231.16
07/24/2026,14:57,231.13,231.17,231.13,231.16,231.14,231.19,231.14,231.18
07/24/2026,14:58,231.15,231.15,231.14,231.15,231.16,231.18,231.16,231.16
07/24/2026,14:59,231.13,231.16,231.12,231.12,231.15,231.18,231.14,231.14
07/24/2026,15:00,231.13,231.16,231.12,231.16,231.15,231.18,231.13,231.18
07/24/2026,15:01,231.15,231.23,231.14,231.23,231.18,231.26,231.16,231.25
07/24/2026,15:02,231.23,231.23,231.17,231.17,231.25,231.25,231.19,231.19
07/24/2026,15:03,231.17,231.17,231.13,231.13,231.18,231.18,231.15,231.15
07/24/2026,15:04,231.14,231.16,231.14,231.15,231.15,231.17,231.15,231.16
07/24/2026,15:05,231.17,231.17,231.17,231.17,231.19,231.2,231.18,231.2
07/24/2026,15:06,231.18,231.18,231.18,231.18,231.2,231.2,231.19,231.2
07/24/2026,15:07,231.17,231.17,231.11,231.12,231.18,231.18,231.13,231.13
07/24/2026,15:08,231.12,231.14,231.1,231.1,231.13,231.16,231.13,231.13
07/24/2026,15:09,231.12,231.12,231.09,231.09,231.14,231.14,231.12,231.12
07/24/2026,15:10,231.09,231.14,231.08,231.12,231.11,231.16,231.1,231.15
07/24/2026,15:11,231.12,231.13,231.12,231.13,231.13,231.16,231.13,231.15
07/24/2026,15:12,231.16,231.22,231.16,231.21,231.19,231.24,231.19,231.22
07/24/2026,15:13,231.2,231.2,231.18,231.18,231.22,231.22,231.19,231.19
07/24/2026,15:14,231.16,231.16,231.15,231.15,231.18,231.19,231.16,231.16
07/24/2026,15:15,231.14,231.17,231.14,231.14,231.16,231.19,231.16,231.16
07/24/2026,15:16,231.15,231.15,231.11,231.11,231.16,231.16,231.13,231.13
07/24/2026,15:17,231.1,231.13,231.1,231.12,231.13,231.15,231.13,231.13
07/24/2026,15:18,231.09,231.16,231.09,231.16,231.12,231.18,231.12,231.18
07/24/2026,15:19,231.16,231.19,231.15,231.19,231.17,231.21,231.17,231.21
07/24/2026,15:20,231.21,231.21,231.16,231.18,231.22,231.22,231.18,231.2
07/24/2026,15:21,231.17,231.21,231.17,231.2,231.19,231.22,231.19,231.22
07/24/2026,15:22,231.21,231.21,231.16,231.19,231.23,231.23,231.19,231.22
07/24/2026,15:23,231.18,231.18,231.12,231.12,231.2,231.2,231.15,231.15
07/24/2026,15:24,231.11,231.12,231.04,231.05,231.14,231.15,231.08,231.08
07/24/2026,15:25,231.07,231.09,231.05,231.07,231.08,231.11,231.08,231.1
07/24/2026,15:26,231.07,231.08,231.05,231.05,231.1,231.1,231.07,231.07
07/24/2026,15:27,231.06,231.1,231.06,231.09,231.07,231.12,231.07,231.1
07/24/2026,15:28,231.06,231.06,231.04,231.05,231.08,231.08,231.05,231.07
07/24/2026,15:29,231.05,231.06,231.03,231.06,231.06,231.06,231.04,231.06
07/24/2026,15:30,231.05,231.07,231.05,231.06,231.06,231.09,231.06,231.07
07/24/2026,15:31,231.1,231.1,231.1,231.1,231.13,231.13,231.13,231.13
07/24/2026,15:32,231.1,231.14,231.1,231.12,231.12,231.17,231.12,231.14
07/24/2026,15:33,231.13,231.16,231.13,231.15,231.15,231.18,231.14,231.18
07/24/2026,15:34,231.12,231.15,231.11,231.12,231.14,231.16,231.14,231.15
07/24/2026,15:35,231.12,231.26,231.12,231.26,231.13,231.28,231.13,231.28
07/24/2026,15:36,231.26,231.26,231.21,231.21,231.28,231.28,231.24,231.24
07/24/2026,15:37,231.21,231.27,231.21,231.22,231.24,231.3,231.23,231.24
07/24/2026,15:38,231.23,231.24,231.2,231.2,231.26,231.26,231.22,231.22
07/24/2026,15:39,231.19,231.22,231.12,231.12,231.21,231.24,231.15,231.15
07/24/2026,15:40,231.11,231.16,231.11,231.15,231.14,231.18,231.14,231.17
07/24/2026,15:41,231.14,231.19,231.14,231.17,231.17,231.22,231.17,231.21
07/24/2026,15:42,231.17,231.2,231.16,231.2,231.21,231.21,231.2,231.21
07/24/2026,15:43,231.19,231.22,231.15,231.18,231.21,231.23,231.18,231.19
07/24/2026,15:44,231.17,231.2,231.17,231.2,231.2,231.23,231.2,231.23
07/24/2026,15:45,231.24,231.24,231.19,231.19,231.25,231.27,231.21,231.21
07/24/2026,15:46,231.18,231.18,231.15,231.15,231.21,231.21,231.19,231.19
07/24/2026,15:47,231.14,231.14,231.12,231.12,231.15,231.15,231.14,231.14
07/24/2026,15:48,231.08,231.09,231.06,231.06,231.11,231.12,231.09,231.09
07/24/2026,15:49,231.09,231.15,231.07,231.15,231.12,231.19,231.1,231.17
07/24/2026,15:50,231.16,231.24,231.15,231.18,231.19,231.25,231.16,231.19
07/24/2026,15:51,231.17,231.17,231.11,231.13,231.2,231.2,231.14,231.15
07/24/2026,15:52,231.09,231.1,231.09,231.1,231.11,231.13,231.11,231.12
07/24/2026,15:53,231.14,231.22,231.14,231.21,231.17,231.25,231.16,231.23
07/24/2026,15:54,231.23,231.25,231.23,231.24,231.25,231.27,231.25,231.27
07/24/2026,15:55,231.22,231.25,231.15,231.15,231.24,231.28,231.17,231.18
07/24/2026,15:56,231.13,231.2,231.13,231.2,231.14,231.23,231.14,231.23
07/24/2026,15:57,231.18,231.21,231.18,231.21,231.2,231.23,231.2,231.22
07/24/2026,15:58,231.19,231.25,231.19,231.24,231.21,231.26,231.21,231.25
07/24/2026,15:59,231.24,231.34,231.16,231.29,231.25,231.36,231.18,231.36
07/27/2026,09:30,232.29,232.44,232,232.44,232.71,232.71,232.49,232.64
07/27/2026,09:32,232.62,232.7,232.56,232.7,232.65,232.83,232.65,232.83
07/27/2026,09:33,232.73,232.85,232.73,232.85,232.8,232.9,232.8,232.9
07/27/2026,09:34,232.79,232.79,232.77,232.77,232.85,232.88,232.85,232.88
07/27/2026,09:36,232.81,232.88,232.81,232.88,232.87,232.93,232.87,232.93
07/27/2026,09:37,232.76,232.76,232.75,232.75,232.81,232.81,232.8,232.8
07/27/2026,09:38,232.88,232.99,232.88,232.97,232.95,233.02,232.95,233.01
07/27/2026,09:39,233.07,233.07,233.02,233.02,233.13,233.13,233.09,233.09
07/27/2026,09:40,233.07,233.13,233.07,233.07,233.13,233.19,233.13,233.15
07/27/2026,09:41,233.09,233.11,233.09,233.11,233.18,233.19,233.18,233.19
07/27/2026,09:42,233.17,233.18,233.05,233.08,233.21,233.22,233.1,233.13
07/27/2026,09:43,233.11,233.12,233.05,233.05,233.14,233.16,233.09,233.09
07/27/2026,09:44,233.05,233.09,232.9,232.9,233.13,233.15,232.99,232.99
07/27/2026,09:45,232.92,233.08,232.92,233.02,232.99,233.12,232.99,233.07
07/27/2026,09:46,233.1,233.1,233,233,233.16,233.16,233.05,233.05
07/27/2026,09:47,232.94,233.04,232.94,233.04,233,233.09,233,233.09
07/27/2026,09:49,233,233,233,233,233.06,233.06,233.05,233.05
07/27/2026,09:50,233.02,233.02,232.96,232.96,233.07,233.07,233,233
07/27/2026,09:51,232.84,232.84,232.84,232.84,232.87,232.87,232.87,232.87
07/27/2026,09:52,232.84,232.87,232.83,232.83,232.88,232.9,232.87,232.87
07/27/2026,09:53,232.83,232.88,232.83,232.88,232.85,232.9,232.85,232.9
07/27/2026,09:54,232.8,232.8,232.8,232.8,232.84,232.84,232.84,232.84
07/27/2026,09:55,232.69,232.69,232.69,232.69,232.75,232.75,232.75,232.75
07/27/2026,09:56,232.72,232.72,232.72,232.72,232.75,232.75,232.75,232.75
07/27/2026,09:57,232.59,232.59,232.59,232.59,232.64,232.64,232.64,232.64
07/27/2026,09:58,232.6,232.63,232.6,232.63,232.62,232.65,232.62,232.64
07/27/2026,09:59,232.53,232.53,232.5,232.51,232.59,232.59,232.52,232.53
07/27/2026,10:00,232.51,232.52,232.41,232.52,232.55,232.57,232.46,232.57
07/27/2026,10:01,232.58,232.59,232.56,232.57,232.61,232.61,232.58,232.61
07/27/2026,10:02,232.67,232.73,232.67,232.7,232.68,232.75,232.68,232.72
07/27/2026,10:03,232.71,232.71,232.71,232.71,232.74,232.74,232.74,232.74
07/27/2026,10:05,232.58,232.58,232.58,232.58,232.62,232.62,232.62,232.62
07/27/2026,10:06,232.53,232.53,232.53,232.53,232.54,232.54,232.54,232.54
07/27/2026,10:07,232.47,232.48,232.4,232.4,232.5,232.5,232.44,232.44
07/27/2026,10:08,232.37,232.38,232.33,232.35,232.39,232.41,232.38,232.39
07/27/2026,10:09,232.38,232.43,232.38,232.4,232.4,232.46,232.4,232.45
07/27/2026,10:10,232.38,232.44,232.38,232.43,232.41,232.45,232.41,232.44
07/27/2026,10:11,232.4,232.42,232.36,232.42,232.43,232.46,232.4,232.44
07/27/2026,10:12,232.43,232.45,232.39,232.45,232.45,232.48,232.43,232.48
07/27/2026,10:15,232.47,232.49,232.45,232.45,232.52,232.52,232.5,232.5
07/27/2026,10:16,232.5,232.52,232.5,232.51,232.52,232.54,232.52,232.54
07/27/2026,10:17,232.51,232.53,232.48,232.53,232.55,232.56,232.52,232.56
07/27/2026,10:18,232.51,232.51,232.44,232.44,232.54,232.54,232.49,232.49
07/27/2026,10:19,232.55,232.55,232.55,232.55,232.56,232.56,232.56,232.56
07/27/2026,10:21,232.47,232.54,232.47,232.54,232.5,232.57,232.49,232.57
07/27/2026,10:22,232.58,232.58,232.56,232.56,232.61,232.61,232.6,232.6
07/27/2026,10:23,232.57,232.57,232.52,232.52,232.62,232.62,232.57,232.57
07/27/2026,10:24,232.52,232.55,232.5,232.55,232.57,232.57,232.55,232.57
07/27/2026,10:25,232.42,232.49,232.42,232.49,232.45,232.52,232.45,232.52
07/27/2026,10:26,232.49,232.53,232.49,232.53,232.52,232.54,232.52,232.54
07/27/2026,10:27,232.51,232.53,232.51,232.51,232.52,232.56,232.52,232.54
07/27/2026,10:28,232.46,232.46,232.46,232.46,232.51,232.51,232.51,232.51
07/27/2026,10:29,232.39,232.39,232.34,232.38,232.42,232.42,232.38,232.4
07/27/2026,10:30,232.4,232.4,232.28,232.39,232.42,232.42,232.33,232.42
07/27/2026,10:31,232.4,232.41,232.39,232.39,232.43,232.44,232.43,232.43
07/27/2026,10:32,232.4,232.41,232.39,232.41,232.43,232.43,232.43,232.43
07/27/2026,10:34,232.38,232.46,232.37,232.46,232.41,232.49,232.41,232.49
07/27/2026,10:35,232.42,232.43,232.42,232.43,232.44,232.44,232.43,232.44
07/27/2026,10:36,232.45,232.47,232.39,232.42,232.46,232.48,232.42,232.44
07/27/2026,10:37,232.4,232.44,232.4,232.44,232.43,232.45,232.42,232.45
07/27/2026,10:38,232.47,232.56,232.47,232.56,232.48,232.57,232.48,232.57
07/27/2026,10:39,232.62,232.63,232.62,232.63,232.64,232.64,232.64,232.64
07/27/2026,10:40,232.6,232.6,232.6,232.6,232.64,232.64,232.64,232.64
07/27/2026,10:41,232.54,232.56,232.46,232.49,232.55,232.57,232.47,232.51
07/27/2026,10:42,232.5,232.5,232.49,232.49,232.51,232.51,232.5,232.5
07/27/2026,10:43,232.46,232.53,232.45,232.53,232.48,232.54,232.48,232.54
07/27/2026,10:44,232.59,232.59,232.58,232.58,232.62,232.62,232.61,232.61
07/27/2026,10:45,232.54,232.55,232.47,232.48,232.57,232.57,232.49,232.5
07/27/2026,10:46,232.42,232.43,232.35,232.41,232.46,232.46,232.38,232.45
07/27/2026,10:47,232.43,232.43,232.38,232.38,232.47,232.47,232.42,232.42
07/27/2026,10:48,232.31,232.37,232.31,232.37,232.33,232.4,232.33,232.4
07/27/2026,10:49,232.36,232.37,232.36,232.37,232.4,232.41,232.37,232.38
07/27/2026,10:50,232.31,232.39,232.31,232.39,232.34,232.41,232.34,232.41
07/27/2026,10:51,232.38,232.4,232.37,232.4,232.4,232.42,232.4,232.42
07/27/2026,10:53,232.38,232.38,232.38,232.38,232.39,232.39,232.39,232.39
07/27/2026,10:54,232.38,232.4,232.38,232.4,232.4,232.42,232.4,232.42
07/27/2026,10:55,232.44,232.45,232.44,232.45,232.45,232.47,232.45,232.47
07/27/2026,10:56,232.45,232.45,232.45,232.45,232.48,232.48,232.48,232.48
07/27/2026,10:57,232.46,232.46,232.46,232.46,232.48,232.48,232.48,232.48
07/27/2026,10:58,232.47,232.56,232.47,232.56,232.48,232.58,232.48,232.58
07/27/2026,10:59,232.59,232.61,232.59,232.61,232.6,232.65,232.6,232.64
07/27/2026,11:00,232.65,232.68,232.65,232.68,232.69,232.71,232.69,232.71
07/27/2026,11:01,232.7,232.7,232.7,232.7,232.71,232.71,232.71,232.71
07/27/2026,11:02,232.76,232.78,232.76,232.78,232.8,232.81,232.8,232.81
07/27/2026,11:03,232.71,232.71,232.7,232.7,232.72,232.72,232.72,232.72
07/27/2026,11:04,232.69,232.8,232.69,232.8,232.7,232.83,232.7,232.83
07/27/2026,11:05,232.79,232.84,232.79,232.84,232.8,232.87,232.8,232.87
07/27/2026,11:06,232.84,232.85,232.82,232.85,232.87,232.87,232.84,232.86
07/27/2026,11:07,232.76,232.79,232.76,232.76,232.8,232.82,232.79,232.79
07/27/2026,11:08,232.73,232.73,232.7,232.7,232.75,232.75,232.73,232.73
07/27/2026,11:10,232.61,232.62,232.61,232.62,232.64,232.64,232.64,232.64
07/27/2026,11:11,232.68,232.73,232.68,232.71,232.7,232.74,232.7,232.73
07/27/2026,11:13,232.75,232.75,232.75,232.75,232.76,232.76,232.76,232.76
07/27/2026,11:14,232.74,232.74,232.74,232.74,232.77,232.77,232.77,232.77
07/27/2026,11:16,232.69,232.69,232.65,232.65,232.7,232.7,232.68,232.68
07/27/2026,11:18,232.56,232.56,232.46,232.46,232.59,232.59,232.5,232.5
07/27/2026,11:19,232.49,232.53,232.48,232.53,232.52,232.56,232.5,232.56
07/27/2026,11:20,232.55,232.55,232.55,232.55,232.56,232.56,232.56,232.56
07/27/2026,11:21,232.55,232.55,232.55,232.55,232.57,232.57,232.57,232.57
07/27/2026,11:22,232.54,232.54,232.54,232.54,232.58,232.58,232.56,232.56
07/27/2026,11:24,232.36,232.39,232.36,232.39,232.4,232.4,232.38,232.4
07/27/2026,11:25,232.35,232.37,232.35,232.37,232.39,232.39,232.39,232.39
07/27/2026,11:26,232.36,232.41,232.36,232.41,232.38,232.44,232.38,232.44
07/27/2026,11:27,232.44,232.47,232.43,232.47,232.46,232.49,232.46,232.49
07/27/2026,11:28,232.41,232.42,232.41,232.42,232.42,232.43,232.42,232.43
07/27/2026,11:29,232.42,232.44,232.42,232.44,232.43,232.45,232.43,232.45
07/27/2026,11:30,232.38,232.4,232.35,232.35,232.41,232.41,232.39,232.39
07/27/2026,11:31,232.36,232.42,232.36,232.42,232.39,232.44,232.39,232.44
07/27/2026,11:32,232.44,232.46,232.44,232.46,232.46,232.49,232.46,232.47
07/27/2026,11:33,232.39,232.4,232.37,232.4,232.41,232.41,232.4,232.41
07/27/2026,11:34,232.39,232.39,232.39,232.39,232.4,232.41,232.4,232.4
07/27/2026,11:36,232.28,232.28,232.26,232.26,232.3,232.3,232.27,232.27
07/27/2026,11:37,232.16,232.16,232.11,232.12,232.19,232.19,232.14,232.14
07/27/2026,11:38,232.07,232.16,232.07,232.16,232.11,232.17,232.11,232.17
07/27/2026,11:39,232.19,232.19,232.19,232.19,232.21,232.21,232.21,232.21
07/27/2026,11:40,232.21,232.21,232.19,232.19,232.23,232.23,232.2,232.2
07/27/2026,11:41,232.21,232.21,232.19,232.19,232.22,232.22,232.2,232.2
07/27/2026,11:42,232.2,232.25,232.2,232.25,232.21,232.28,232.21,232.28
07/27/2026,11:43,232.29,232.29,232.29,232.29,232.32,232.32,232.32,232.32
07/27/2026,11:44,232.22,232.25,232.21,232.25,232.25,232.28,232.22,232.28
07/27/2026,11:45,232.25,232.25,232.18,232.18,232.28,232.28,232.21,232.21
07/27/2026,11:46,232.17,232.18,232.17,232.18,232.18,232.21,232.18,232.21
07/27/2026,11:47,232.15,232.15,232.15,232.15,232.18,232.18,232.18,232.18
07/27/2026,11:48,232.13,232.18,232.13,232.15,232.15,232.21,232.15,232.16
07/27/2026,11:50,232.11,232.11,232.11,232.11,232.12,232.12,232.12,232.12
07/27/2026,11:51,232.14,232.15,232.14,232.15,232.15,232.18,232.15,232.18
07/27/2026,11:52,232.11,232.16,232.11,232.16,232.15,232.18,232.15,232.18
07/27/2026,11:53,232.07,232.12,232.07,232.12,232.12,232.14,232.12,232.14
07/27/2026,11:54,232.13,232.14,232.13,232.13,232.14,232.15,232.14,232.14
07/27/2026,11:55,232.15,232.16,232.15,232.16,232.18,232.18,232.18,232.18
07/27/2026,11:56,232.14,232.16,232.13,232.16,232.17,232.17,232.15,232.17
07/27/2026,11:57,232.12,232.12,232.11,232.12,232.15,232.15,232.14,232.14
07/27/2026,11:59,232.08,232.08,232.08,232.08,232.09,232.11,232.09,232.11
07/27/2026,12:00,232.1,232.13,232.1,232.13,232.11,232.16,232.11,232.15
07/27/2026,12:01,232.05,232.05,232.03,232.03,232.06,232.06,232.05,232.05
07/27/2026,12:02,232.06,232.06,232.06,232.06,232.07,232.07,232.07,232.07
07/27/2026,12:04,232.08,232.08,232.08,232.08,232.09,232.09,232.09,232.09
07/27/2026,12:05,232.12,232.12,232.12,232.12,232.13,232.14,232.13,232.14
07/27/2026,12:06,232.1,232.1,232.1,232.1,232.12,232.12,232.12,232.12
07/27/2026,12:07,232.08,232.08,232.08,232.08,232.1,232.1,232.1,232.1
07/27/2026,12:08,232.1,232.1,232.1,232.1,232.12,232.12,232.12,232.12
07/27/2026,12:09,232.13,232.13,232.13,232.13,232.15,232.15,232.15,232.15
07/27/2026,12:10,232.17,232.17,232.17,232.17,232.18,232.18,232.18,232.18
07/27/2026,12:11,232.2,232.22,232.2,232.22,232.22,232.23,232.22,232.23
07/27/2026,12:12,232.19,232.19,232.19,232.19,232.21,232.21,232.21,232.21
07/27/2026,12:13,232.16,232.16,232.16,232.16,232.19,232.19,232.19,232.19
07/27/2026,12:15,232.03,232.03,231.98,231.98,232.06,232.06,232,232
07/27/2026,12:19,232.14,232.14,232.1,232.11,232.16,232.16,232.13,232.14
07/27/2026,12:21,232.2,232.2,232.2,232.2,232.22,232.22,232.22,232.22
07/27/2026,12:22,232.16,232.18,232.16,232.18,232.18,232.2,232.18,232.2
07/27/2026,12:23,232.17,232.17,232.17,232.17,232.2,232.2,232.19,232.19
07/27/2026,12:24,232.17,232.17,232.15,232.15,232.19,232.19,232.18,232.18
07/27/2026,12:25,232.14,232.52,232.14,232.52,232.17,232.55,232.16,232.55
07/27/2026,12:26,232.5,232.5,232.36,232.36,232.52,232.52,232.4,232.4
07/27/2026,12:27,232.4,232.42,232.4,232.42,232.41,232.45,232.41,232.45
07/27/2026,12:28,232.42,232.42,232.42,232.42,232.45,232.45,232.45,232.45
07/27/2026,12:29,232.37,232.37,232.33,232.33,232.39,232.39,232.37,232.37
07/27/2026,12:30,232.36,232.39,232.34,232.39,232.38,232.4,232.37,232.4
07/27/2026,12:32,232.41,232.41,232.35,232.35,232.44,232.44,232.38,232.38
07/27/2026,12:34,232.43,232.45,232.43,232.45,232.46,232.48,232.46,232.48
07/27/2026,12:35,232.45,232.45,232.45,232.45,232.49,232.49,232.49,232.49
07/27/2026,12:36,232.42,232.48,232.42,232.48,232.44,232.5,232.44,232.5
07/27/2026,12:37,232.53,232.53,232.48,232.48,232.55,232.55,232.5,232.5
07/27/2026,12:38,232.46,232.47,232.42,232.44,232.49,232.49,232.45,232.45
07/27/2026,12:39,232.41,232.41,232.41,232.41,232.44,232.44,232.44,232.44
07/27/2026,12:41,232.38,232.38,232.38,232.38,232.39,232.39,232.39,232.39
07/27/2026,12:42,232.35,232.38,232.35,232.38,232.37,232.39,232.37,232.39
07/27/2026,12:43,232.36,232.36,232.31,232.33,232.37,232.37,232.32,232.34
07/27/2026,12:44,232.25,232.26,232.21,232.26,232.28,232.29,232.25,232.29
07/27/2026,12:46,232.31,232.32,232.3,232.32,232.32,232.35,232.31,232.34
07/27/2026,12:48,232.25,232.25,232.25,232.25,232.28,232.28,232.28,232.28
07/27/2026,12:50,232.21,232.21,232.17,232.17,232.24,232.24,232.2,232.2
07/27/2026,12:52,232.12,232.12,232.12,232.12,232.15,232.15,232.15,232.15
07/27/2026,12:55,232.01,232.01,232.01,232.01,232.03,232.03,232.03,232.03
07/27/2026,12:56,232.02,232.05,232.02,232.05,232.03,232.08,232.03,232.08
07/27/2026,12:57,232.07,232.07,232.07,232.07,232.08,232.08,232.08,232.08
07/27/2026,12:58,232.08,232.08,232.08,232.08,232.12,232.12,232.12,232.12
07/27/2026,12:59,232.1,232.1,232.1,232.1,232.13,232.13,232.13,232.13
07/27/2026,13:00,232.08,232.08,232.08,232.08,232.11,232.11,232.11,232.11
07/27/2026,13:03,231.94,231.94,231.94,231.94,231.97,231.97,231.97,231.97
07/27/2026,13:04,231.96,231.96,231.96,231.96,231.99,231.99,231.99,231.99
07/27/2026,13:08,232.02,232.02,232.02,232.02,232.03,232.03,232.03,232.03
07/27/2026,13:09,231.98,232,231.98,231.98,232.01,232.02,232,232
07/27/2026,13:10,231.99,231.99,231.97,231.97,232,232.01,232,232.01
07/27/2026,13:11,231.97,231.97,231.97,231.97,231.99,231.99,231.99,231.99
07/27/2026,13:13,232.01,232.01,232,232,232.03,232.03,232.03,232.03
07/27/2026,13:14,232.01,232.01,231.99,231.99,232.02,232.02,232.02,232.02
07/27/2026,13:16,231.96,231.96,231.95,231.96,231.99,232,231.97,232
07/27/2026,13:17,231.92,231.92,231.92,231.92,231.96,231.96,231.96,231.96
07/27/2026,13:18,231.88,231.88,231.88,231.88,231.91,231.91,231.91,231.91
07/27/2026,13:19,231.93,231.94,231.93,231.94,231.94,231.97,231.94,231.97
07/27/2026,13:20,232,232,232,232,232.01,232.01,232.01,232.01
07/27/2026,13:21,232.06,232.06,232.06,232.06,232.08,232.08,232.08,232.08
07/27/2026,13:22,232.04,232.04,232.01,232.01,232.07,232.07,232.03,232.03
07/27/2026,13:25,232,232,232,232,232.01,232.01,232.01,232.01
07/27/2026,13:26,232.01,232.01,232.01,232.01,232.04,232.04,232.04,232.04
07/27/2026,13:29,231.97,231.97,231.97,231.97,232,232,232,232
07/27/2026,13:30,231.94,231.94,231.94,231.94,231.97,231.97,231.97,231.97
07/27/2026,13:31,231.95,231.99,231.95,231.99,231.97,232.01,231.97,232.01
07/27/2026,13:32,232.02,232.02,232.02,232.02,232.03,232.03,232.03,232.03
07/27/2026,13:33,232.08,232.08,232.07,232.07,232.1,232.1,232.08,232.08
07/27/2026,13:34,232.09,232.1,232.09,232.09,232.1,232.11,232.1,232.11
07/27/2026,13:35,232.1,232.1,232.08,232.08,232.11,232.11,232.1,232.1
07/27/2026,13:36,232.06,232.06,232.05,232.05,232.08,232.08,232.07,232.07
07/27/2026,13:37,232.05,232.05,232.04,232.04,232.07,232.07,232.06,232.06
07/27/2026,13:38,232.03,232.09,232.03,232.08,232.04,232.12,232.04,232.11
07/27/2026,13:39,232.09,232.09,232.09,232.09,232.11,232.11,232.11,232.11
07/27/2026,13:40,232.05,232.06,232.05,232.06,232.07,232.09,232.07,232.09
07/27/2026,13:41,232.03,232.06,232.03,232.06,232.06,232.09,232.06,232.09
07/27/2026,13:42,232.03,232.03,232.03,232.03,232.06,232.06,232.06,232.06
07/27/2026,13:43,232.05,232.08,232.05,232.08,232.06,232.11,232.06,232.11
07/27/2026,13:44,232.07,232.09,232.07,232.09,232.09,232.12,232.09,232.12
07/27/2026,13:46,232.08,232.09,232.03,232.03,232.1,232.12,232.04,232.04
07/27/2026,13:47,232.05,232.05,232.05,232.05,232.06,232.06,232.06,232.06
07/27/2026,13:48,232.04,232.04,232.04,232.04,232.06,232.06,232.06,232.06
07/27/2026,13:49,232.01,232.01,232.01,232.01,232.04,232.04,232.04,232.04
07/27/2026,13:50,232.01,232.03,232,232,232.03,232.04,232.03,232.03
07/27/2026,13:52,232.04,232.04,232.04,232.04,232.05,232.05,232.05,232.05
07/27/2026,13:53,232.08,232.08,232.08,232.08,232.09,232.09,232.09,232.09
07/27/2026,13:54,232.08,232.1,232.08,232.09,232.1,232.12,232.1,232.11
07/27/2026,13:55,232.12,232.12,232.04,232.06,232.14,232.14,232.06,232.09
07/27/2026,13:56,232.09,232.13,232.09,232.13,232.11,232.15,232.11,232.15
07/27/2026,13:57,232.12,232.12,232.12,232.12,232.14,232.14,232.14,232.14
07/27/2026,13:58,232.13,232.15,232.13,232.15,232.16,232.17,232.16,232.17
07/27/2026,13:59,232.18,232.18,232.18,232.18,232.19,232.19,232.19,232.19
07/27/2026,14:00,232.19,232.19,232.14,232.14,232.21,232.21,232.16,232.16
07/27/2026,14:01,232.15,232.15,232.15,232.15,232.17,232.17,232.17,232.17
07/27/2026,14:02,232.14,232.14,232.11,232.11,232.15,232.15,232.14,232.14
07/27/2026,14:03,232.14,232.14,232.14,232.14,232.17,232.17,232.17,232.17
07/27/2026,14:05,232.14,232.18,232.14,232.18,232.16,232.2,232.16,232.2
07/27/2026,14:06,232.17,232.19,232.17,232.19,232.19,232.21,232.19,232.21
07/27/2026,14:07,232.2,232.2,232.2,232.2,232.22,232.22,232.22,232.22
07/27/2026,14:08,232.18,232.19,232.17,232.17,232.21,232.21,232.2,232.2
07/27/2026,14:09,232.18,232.18,232.17,232.17,232.2,232.2,232.19,232.19
07/27/2026,14:10,232.17,232.17,232.17,232.17,232.19,232.2,232.19,232.2
07/27/2026,14:11,232.18,232.19,232.17,232.17,232.2,232.22,232.2,232.2
07/27/2026,14:12,232.19,232.19,232.18,232.18,232.21,232.21,232.2,232.2
07/27/2026,14:13,232.21,232.22,232.21,232.21,232.22,232.23,232.22,232.22
07/27/2026,14:14,232.21,232.21,232.19,232.19,232.22,232.22,232.22,232.22
07/27/2026,14:15,232.18,232.18,232.08,232.09,232.19,232.19,232.1,232.12
07/27/2026,14:16,232.11,232.11,232.09,232.11,232.13,232.13,232.11,232.13
07/27/2026,14:17,232.13,232.14,232.13,232.13,232.15,232.16,232.15,232.16
07/27/2026,14:18,232.12,232.12,232.11,232.12,232.14,232.14,232.13,232.14
07/27/2026,14:19,232.12,232.12,232.09,232.1,232.13,232.13,232.11,232.13
07/27/2026,14:20,232.1,232.12,232.1,232.12,232.11,232.14,232.11,232.14
07/27/2026,14:21,232.13,232.13,232.13,232.13,232.14,232.14,232.14,232.14
07/27/2026,14:22,232.14,232.14,232.14,232.14,232.15,232.15,232.15,232.15
07/27/2026,14:23,232.12,232.14,232.12,232.13,232.13,232.16,232.13,232.15
07/27/2026,14:24,232.15,232.15,232.15,232.15,232.17,232.17,232.17,232.17
07/27/2026,14:25,232.23,232.23,232.23,232.23,232.24,232.24,232.24,232.24
07/27/2026,14:26,232.23,232.25,232.22,232.22,232.25,232.27,232.23,232.23
07/27/2026,14:27,232.2,232.2,232.2,232.2,232.21,232.21,232.21,232.21
07/27/2026,14:28,232.21,232.21,232.2,232.2,232.22,232.22,232.22,232.22
07/27/2026,14:29,232.19,232.19,232.19,232.19,232.2,232.2,232.2,232.2
07/27/2026,14:30,232.21,232.21,232.17,232.17,232.22,232.22,232.18,232.18
07/27/2026,14:31,232.2,232.2,232.19,232.19,232.22,232.22,232.21,232.21
07/27/2026,14:32,232.17,232.19,232.17,232.19,232.18,232.21,232.18,232.21
07/27/2026,14:33,232.18,232.19,232.18,232.19,232.2,232.21,232.2,232.2
07/27/2026,14:34,232.13,232.13,232.11,232.11,232.16,232.16,232.13,232.13
07/27/2026,14:35,232.08,232.09,232.08,232.09,232.09,232.12,232.09,232.12
07/27/2026,14:36,232.1,232.12,232.09,232.12,232.11,232.14,232.11,232.14
07/27/2026,14:37,232.11,232.11,232.08,232.1,232.13,232.13,232.11,232.13
07/27/2026,14:38,232.1,232.1,232.09,232.09,232.12,232.12,232.1,232.1
07/27/2026,14:39,232.07,232.08,232.06,232.06,232.1,232.1,232.08,232.08
07/27/2026,14:40,232.07,232.07,232.07,232.07,232.08,232.09,232.08,232.09
07/27/2026,14:41,232.07,232.18,232.06,232.12,232.09,232.21,232.09,232.13
07/27/2026,14:42,232.11,232.11,232.11,232.11,232.13,232.13,232.13,232.13
07/27/2026,14:43,232.11,232.14,232.09,232.14,232.12,232.15,232.11,232.15
07/27/2026,14:44,232.16,232.16,232.14,232.14,232.18,232.18,232.15,232.15
07/27/2026,14:45,232.12,232.12,232.12,232.12,232.13,232.13,232.13,232.13
07/27/2026,14:47,232.14,232.14,232.1,232.1,232.16,232.16,232.13,232.13
07/27/2026,14:49,232.13,232.13,232.08,232.08,232.14,232.14,232.1,232.1
07/27/2026,14:50,232.09,232.09,232.09,232.09,232.1,232.1,232.1,232.1
07/27/2026,14:51,232.15,232.15,232.15,232.15,232.16,232.16,232.16,232.16
07/27/2026,14:52,232.14,232.23,232.14,232.23,232.15,232.25,232.15,232.25
07/27/2026,14:53,232.25,232.27,232.22,232.27,232.26,232.3,232.24,232.3
07/27/2026,14:54,232.27,232.28,232.26,232.28,232.28,232.29,232.27,232.29
07/27/2026,14:55,232.28,232.37,232.28,232.37,232.29,232.38,232.29,232.38
07/27/2026,14:56,232.38,232.38,232.31,232.31,232.4,232.4,232.32,232.32
07/27/2026,14:57,232.32,232.32,232.3,232.3,232.33,232.33,232.31,232.31
07/27/2026,14:58,232.31,232.31,232.28,232.31,232.34,232.34,232.3,232.34
07/27/2026,14:59,232.32,232.35,232.32,232.35,232.35,232.36,232.34,232.36
07/27/2026,15:00,232.34,232.35,232.34,232.35,232.37,232.37,232.36,232.36
07/27/2026,15:01,232.34,232.37,232.34,232.37,232.35,232.38,232.35,232.38
07/27/2026,15:02,232.37,232.4,232.34,232.34,232.39,232.43,232.35,232.35
07/27/2026,15:03,232.34,232.34,232.31,232.31,232.36,232.36,232.32,232.32
07/27/2026,15:04,232.3,232.3,232.22,232.22,232.32,232.32,232.24,232.24
07/27/2026,15:05,232.22,232.23,232.21,232.23,232.25,232.26,232.24,232.25
07/27/2026,15:06,232.27,232.33,232.27,232.33,232.29,232.36,232.29,232.36
07/27/2026,15:07,232.36,232.38,232.36,232.38,232.38,232.39,232.38,232.39
07/27/2026,15:08,232.38,232.4,232.37,232.39,232.39,232.42,232.39,232.41
07/27/2026,15:09,232.36,232.36,232.36,232.36,232.37,232.37,232.37,232.37
07/27/2026,15:10,232.39,232.42,232.39,232.41,232.4,232.43,232.4,232.42
07/27/2026,15:11,232.34,232.34,232.32,232.32,232.36,232.36,232.35,232.35
07/27/2026,15:12,232.33,232.33,232.28,232.28,232.35,232.35,232.3,232.3
07/27/2026,15:13,232.3,232.3,232.3,232.3,232.31,232.32,232.31,232.32
07/27/2026,15:14,232.3,232.32,232.29,232.29,232.33,232.34,232.32,232.32
07/27/2026,15:15,232.32,232.32,232.32,232.32,232.35,232.35,232.35,232.35
07/27/2026,15:16,232.36,232.36,232.35,232.35,232.38,232.38,232.36,232.37
07/27/2026,15:17,232.36,232.37,232.33,232.37,232.38,232.39,232.35,232.39
07/27/2026,15:18,232.37,232.39,232.37,232.39,232.39,232.41,232.39,232.41
07/27/2026,15:19,232.41,232.41,232.41,232.41,232.43,232.43,232.43,232.43
07/27/2026,15:20,232.41,232.41,232.4,232.4,232.43,232.43,232.43,232.43
07/27/2026,15:21,232.39,232.41,232.39,232.41,232.41,232.43,232.41,232.42
07/27/2026,15:22,232.41,232.42,232.41,232.42,232.44,232.44,232.44,232.44
07/27/2026,15:23,232.42,232.42,232.42,232.42,232.43,232.44,232.43,232.44
07/27/2026,15:24,232.43,232.43,232.42,232.42,232.45,232.45,232.45,232.45
07/27/2026,15:25,232.43,232.43,232.43,232.43,232.44,232.44,232.44,232.44
07/27/2026,15:26,232.37,232.39,232.37,232.39,232.4,232.41,232.4,232.41
07/27/2026,15:27,232.38,232.42,232.38,232.42,232.4,232.43,232.4,232.43
07/27/2026,15:29,232.42,232.43,232.41,232.43,232.44,232.44,232.43,232.44
07/27/2026,15:30,232.41,232.42,232.41,232.42,232.42,232.44,232.42,232.44
07/27/2026,15:31,232.43,232.46,232.43,232.46,232.44,232.47,232.44,232.47
07/27/2026,15:33,232.4,232.41,232.4,232.41,232.41,232.43,232.41,232.43
07/27/2026,15:34,232.43,232.44,232.41,232.41,232.46,232.46,232.44,232.44
07/27/2026,15:35,232.4,232.42,232.4,232.42,232.42,232.43,232.42,232.43
07/27/2026,15:36,232.42,232.43,232.42,232.43,232.44,232.45,232.44,232.45
07/27/2026,15:37,232.38,232.4,232.38,232.39,232.4,232.42,232.39,232.41
07/27/2026,15:38,232.4,232.43,232.39,232.43,232.41,232.46,232.4,232.46
07/27/2026,15:39,232.41,232.41,232.41,232.41,232.42,232.42,232.42,232.42
07/27/2026,15:40,232.43,232.45,232.43,232.45,232.44,232.46,232.44,232.46
07/27/2026,15:41,232.45,232.45,232.43,232.44,232.46,232.46,232.45,232.46
07/27/2026,15:42,232.4,232.4,232.39,232.39,232.41,232.41,232.4,232.4
07/27/2026,15:43,232.4,232.44,232.4,232.44,232.42,232.46,232.42,232.46
07/27/2026,15:44,232.42,232.44,232.42,232.44,232.43,232.46,232.43,232.46
07/27/2026,15:45,232.44,232.44,232.39,232.39,232.46,232.46,232.4,232.4
07/27/2026,15:46,232.39,232.41,232.37,232.38,232.4,232.43,232.39,232.4
07/27/2026,15:47,232.39,232.39,232.39,232.39,232.4,232.4,232.4,232.4
07/27/2026,15:48,232.34,232.34,232.34,232.34,232.37,232.37,232.37,232.37
07/27/2026,15:49,232.34,232.4,232.34,232.4,232.36,232.42,232.36,232.42
07/27/2026,15:50,232.38,232.39,232.35,232.35,232.4,232.41,232.37,232.37
07/27/2026,15:51,232.32,232.32,232.28,232.28,232.33,232.33,232.31,232.31
07/27/2026,15:52,232.26,232.28,232.26,232.26,232.28,232.3,232.27,232.27
07/27/2026,15:53,232.26,232.27,232.23,232.26,232.27,232.28,232.24,232.26
07/27/2026,15:54,232.29,232.3,232.29,232.29,232.3,232.33,232.3,232.31
07/27/2026,15:55,232.3,232.33,232.28,232.29,232.32,232.35,232.29,232.3
07/27/2026,15:56,232.33,232.36,232.33,232.35,232.34,232.39,232.34,232.36
07/27/2026,15:57,232.32,232.36,232.32,232.35,232.34,232.38,232.34,232.37
07/27/2026,15:58,232.32,232.35,232.31,232.35,232.34,232.37,232.32,232.37
07/27/2026,15:59,232.37,232.4,232.32,232.36,232.39,232.42,232.34,232.39
07/28/2026,09:30,233.68,233.68,233.59,233.59,233.89,233.98,233.88,233.88
07/28/2026,09:31,233.62,233.7,233.61,233.68,233.85,233.86,233.85,233.86
07/28/2026,09:32,233.76,233.83,233.76,233.81,233.88,233.88,233.88,233.88
07/28/2026,09:33,233.69,233.88,233.69,233.69,233.77,233.98,233.77,233.82
07/28/2026,09:34,233.78,233.89,233.77,233.89,233.8,233.98,233.8,233.98
07/28/2026,09:35,234.13,234.13,234.13,234.13,234.2,234.2,234.2,234.2
07/28/2026,09:36,234.08,234.16,234.01,234.01,234.15,234.18,234.08,234.08
07/28/2026,09:37,234.08,234.13,234.06,234.13,234.11,234.15,234.11,234.15
07/28/2026,09:41,234.11,234.11,234.11,234.11,234.18,234.18,234.18,234.18
07/28/2026,09:42,234.12,234.16,234.12,234.14,234.23,234.27,234.21,234.21
07/28/2026,09:43,234.18,234.18,234,234,234.31,234.31,234.08,234.08
07/28/2026,09:44,234.02,234.02,234.01,234.01,234.09,234.09,234.07,234.07
07/28/2026,09:45,234.08,234.21,234.08,234.21,234.12,234.29,234.12,234.29
07/28/2026,09:46,234.15,234.16,234.15,234.16,234.21,234.23,234.21,234.23
07/28/2026,09:47,234.1,234.1,234.1,234.1,234.16,234.16,234.16,234.16
07/28/2026,09:48,234.09,234.29,234.09,234.25,234.15,234.33,234.15,234.32
07/28/2026,09:49,234.23,234.31,234.23,234.31,234.3,234.38,234.3,234.35
07/28/2026,09:50,234.33,234.44,234.33,234.41,234.4,234.48,234.4,234.44
07/28/2026,09:51,234.32,234.35,234.32,234.35,234.37,234.41,234.37,234.41
07/28/2026,09:52,234.29,234.3,234.27,234.3,234.35,234.38,234.34,234.38
07/28/2026,09:53,234.36,234.46,234.36,234.46,234.38,234.5,234.38,234.5
07/28/2026,09:54,234.47,234.5,234.47,234.5,234.57,234.57,234.53,234.53
07/28/2026,09:55,234.52,234.52,234.43,234.43,234.57,234.57,234.46,234.46
07/28/2026,09:57,234.31,234.32,234.31,234.32,234.37,234.38,234.36,234.38
07/28/2026,09:58,234.3,234.3,234.26,234.26,234.38,234.38,234.32,234.32
07/28/2026,09:59,234.33,234.33,234.33,234.33,234.42,234.42,234.42,234.42
07/28/2026,10:00,234.39,234.55,234.39,234.52,234.42,234.61,234.42,234.55
07/28/2026,10:01,234.48,234.51,234.44,234.44,234.53,234.55,234.49,234.49
07/28/2026,10:02,234.4,234.44,234.4,234.44,234.46,234.48,234.46,234.48
07/28/2026,10:03,234.47,234.47,234.47,234.47,234.49,234.49,234.49,234.49
07/28/2026,10:04,234.49,234.51,234.49,234.51,234.51,234.55,234.51,234.55
07/28/2026,10:06,234.4,234.41,234.4,234.41,234.47,234.47,234.45,234.45
07/28/2026,10:08,234.43,234.54,234.43,234.54,234.48,234.59,234.48,234.59
07/28/2026,10:09,234.53,234.54,234.49,234.49,234.57,234.59,234.53,234.53
07/28/2026,10:10,234.47,234.5,234.47,234.5,234.54,234.55,234.54,234.55
07/28/2026,10:11,234.46,234.53,234.45,234.53,234.47,234.58,234.47,234.57
07/28/2026,10:12,234.55,234.58,234.49,234.49,234.58,234.61,234.5,234.5
07/28/2026,10:13,234.44,234.44,234.44,234.44,234.52,234.52,234.52,234.52
07/28/2026,10:14,234.44,234.5,234.44,234.5,234.5,234.51,234.5,234.51
07/28/2026,10:15,234.61,234.73,234.61,234.7,234.69,234.78,234.69,234.72
07/28/2026,10:16,234.66,234.66,234.62,234.62,234.72,234.72,234.65,234.65
07/28/2026,10:17,234.63,234.63,234.56,234.56,234.68,234.68,234.61,234.61
07/28/2026,10:18,234.61,234.67,234.61,234.67,234.68,234.71,234.68,234.71
07/28/2026,10:19,234.66,234.7,234.66,234.68,234.72,234.74,234.69,234.69
07/28/2026,10:20,234.63,234.65,234.61,234.65,234.68,234.68,234.66,234.66
07/28/2026,10:21,234.6,234.68,234.6,234.65,234.65,234.72,234.65,234.69
07/28/2026,10:22,234.67,234.72,234.66,234.7,234.71,234.75,234.67,234.75
07/28/2026,10:23,234.7,234.77,234.7,234.75,234.74,234.79,234.74,234.79
07/28/2026,10:24,234.75,234.77,234.75,234.77,234.79,234.8,234.79,234.8
07/28/2026,10:25,234.77,234.81,234.77,234.81,234.8,234.82,234.8,234.82
07/28/2026,10:26,234.69,234.69,234.67,234.67,234.73,234.73,234.7,234.7
07/28/2026,10:27,234.69,234.71,234.69,234.71,234.73,234.77,234.73,234.77
07/28/2026,10:28,234.62,234.62,234.61,234.61,234.67,234.67,234.67,234.67
07/28/2026,10:29,234.68,234.75,234.68,234.75,234.69,234.77,234.69,234.77
07/28/2026,10:30,234.75,234.75,234.71,234.71,234.77,234.77,234.76,234.76
07/28/2026,10:31,234.72,234.72,234.72,234.72,234.76,234.76,234.76,234.76
07/28/2026,10:32,234.73,234.73,234.66,234.66,234.76,234.76,234.7,234.7
07/28/2026,10:33,234.69,234.69,234.67,234.67,234.71,234.71,234.68,234.68
07/28/2026,10:34,234.7,234.71,234.59,234.59,234.72,234.76,234.64,234.64
07/28/2026,10:35,234.56,234.57,234.56,234.57,234.61,234.65,234.61,234.65
07/28/2026,10:36,234.73,234.73,234.64,234.64,234.75,234.75,234.67,234.67
07/28/2026,10:37,234.75,234.75,234.75,234.75,234.8,234.8,234.78,234.78
07/28/2026,10:38,234.69,234.69,234.69,234.69,234.75,234.75,234.75,234.75
07/28/2026,10:39,234.56,234.56,234.56,234.56,234.61,234.61,234.61,234.61
07/28/2026,10:40,234.47,234.47,234.47,234.47,234.51,234.51,234.51,234.51
07/28/2026,10:41,234.54,234.55,234.54,234.55,234.55,234.57,234.55,234.56
07/28/2026,10:43,234.54,234.61,234.54,234.61,234.58,234.67,234.58,234.64
07/28/2026,10:44,234.59,234.59,234.59,234.59,234.62,234.62,234.62,234.62
07/28/2026,10:45,234.56,234.58,234.54,234.54,234.58,234.62,234.58,234.58
07/28/2026,10:46,234.52,234.52,234.49,234.52,234.54,234.54,234.54,234.54
07/28/2026,10:47,234.49,234.52,234.47,234.52,234.53,234.53,234.51,234.53
07/28/2026,10:48,234.49,234.51,234.47,234.48,234.51,234.55,234.51,234.54
07/28/2026,10:49,234.54,234.56,234.51,234.51,234.55,234.6,234.54,234.54
07/28/2026,10:50,234.51,234.51,234.51,234.51,234.57,234.57,234.57,234.57
07/28/2026,10:51,234.55,234.57,234.55,234.55,234.57,234.61,234.56,234.57
07/28/2026,10:52,234.52,234.52,234.46,234.46,234.54,234.54,234.5,234.5
07/28/2026,10:53,234.49,234.51,234.49,234.51,234.53,234.53,234.52,234.53
07/28/2026,10:54,234.5,234.5,234.5,234.5,234.53,234.53,234.53,234.53
07/28/2026,10:55,234.55,234.6,234.55,234.59,234.58,234.63,234.58,234.63
07/28/2026,10:56,234.63,234.63,234.6,234.6,234.66,234.66,234.61,234.61
07/28/2026,10:57,234.55,234.55,234.5,234.53,234.57,234.57,234.52,234.54
07/28/2026,10:58,234.49,234.49,234.47,234.47,234.53,234.53,234.5,234.5
07/28/2026,11:00,234.38,234.41,234.38,234.39,234.41,234.42,234.41,234.42
07/28/2026,11:01,234.39,234.39,234.38,234.39,234.43,234.43,234.41,234.43
07/28/2026,11:02,234.38,234.38,234.37,234.37,234.39,234.41,234.39,234.41
07/28/2026,11:03,234.32,234.32,234.32,234.32,234.38,234.38,234.36,234.36
07/28/2026,11:04,234.27,234.3,234.27,234.29,234.29,234.35,234.29,234.32
07/28/2026,11:05,234.27,234.27,234.27,234.27,234.31,234.31,234.31,234.31
07/28/2026,11:06,234.3,234.3,234.26,234.28,234.31,234.33,234.29,234.33
07/28/2026,11:07,234.31,234.31,234.31,234.31,234.33,234.33,234.33,234.33
07/28/2026,11:09,234.32,234.39,234.32,234.39,234.37,234.43,234.37,234.43
07/28/2026,11:10,234.39,234.5,234.39,234.41,234.43,234.58,234.43,234.45
07/28/2026,11:11,234.42,234.46,234.42,234.46,234.46,234.49,234.46,234.49
07/28/2026,11:12,234.52,234.52,234.52,234.52,234.54,234.54,234.54,234.54
07/28/2026,11:13,234.56,234.56,234.53,234.53,234.59,234.59,234.54,234.56
07/28/2026,11:14,234.54,234.54,234.51,234.51,234.58,234.58,234.56,234.56
07/28/2026,11:15,234.5,234.55,234.5,234.55,234.54,234.58,234.54,234.58
07/28/2026,11:16,234.61,234.62,234.57,234.62,234.65,234.66,234.59,234.64
07/28/2026,11:17,234.53,234.59,234.47,234.59,234.57,234.62,234.51,234.62
07/28/2026,11:18,234.61,234.66,234.59,234.66,234.63,234.71,234.62,234.71
07/28/2026,11:19,234.61,234.61,234.59,234.59,234.65,234.65,234.61,234.61
07/28/2026,11:20,234.66,234.67,234.66,234.67,234.69,234.69,234.68,234.68
07/28/2026,11:21,234.67,234.67,234.66,234.66,234.68,234.68,234.68,234.68
07/28/2026,11:22,234.68,234.72,234.68,234.69,234.7,234.73,234.7,234.73
07/28/2026,11:23,234.67,234.67,234.65,234.65,234.69,234.69,234.67,234.67
07/28/2026,11:24,234.67,234.75,234.67,234.75,234.68,234.79,234.68,234.79
07/28/2026,11:25,234.73,234.73,234.7,234.7,234.75,234.76,234.75,234.76
07/28/2026,11:26,234.75,234.83,234.73,234.83,234.78,234.84,234.78,234.84
07/28/2026,11:27,234.83,234.85,234.78,234.78,234.88,234.89,234.8,234.8
07/28/2026,11:28,234.75,234.77,234.71,234.75,234.78,234.79,234.74,234.78
07/28/2026,11:29,234.76,234.81,234.76,234.81,234.79,234.84,234.79,234.84
07/28/2026,11:30,234.85,234.91,234.85,234.91,234.88,234.94,234.88,234.94
07/28/2026,11:31,234.86,234.87,234.86,234.87,234.89,234.9,234.88,234.9
07/28/2026,11:32,234.85,234.85,234.85,234.85,234.89,234.89,234.89,234.89
07/28/2026,11:33,234.85,234.85,234.85,234.85,234.88,234.88,234.88,234.88
07/28/2026,11:34,234.86,234.86,234.82,234.82,234.88,234.88,234.85,234.85
07/28/2026,11:35,234.79,234.82,234.79,234.81,234.81,234.86,234.81,234.83
07/28/2026,11:36,234.85,234.86,234.85,234.86,234.86,234.87,234.86,234.87
07/28/2026,11:37,234.88,234.88,234.87,234.87,234.89,234.89,234.88,234.88
07/28/2026,11:38,234.85,234.87,234.84,234.85,234.88,234.89,234.88,234.88
07/28/2026,11:40,234.76,234.79,234.76,234.79,234.78,234.8,234.78,234.8
07/28/2026,11:41,234.8,234.8,234.8,234.8,234.83,234.83,234.83,234.83
07/28/2026,11:43,234.83,234.85,234.77,234.8,234.86,234.86,234.82,234.83
07/28/2026,11:44,234.8,234.83,234.79,234.83,234.82,234.86,234.82,234.86
07/28/2026,11:45,234.79,234.82,234.79,234.81,234.82,234.84,234.82,234.84
07/28/2026,11:46,234.82,234.84,234.81,234.82,234.84,234.86,234.84,234.84
07/28/2026,11:47,234.81,234.81,234.75,234.75,234.84,234.84,234.78,234.78
07/28/2026,11:48,234.75,234.8,234.74,234.8,234.77,234.82,234.77,234.82
07/28/2026,11:49,234.79,234.82,234.76,234.8,234.8,234.83,234.8,234.83
07/28/2026,11:50,234.82,234.84,234.72,234.74,234.84,234.85,234.74,234.76
07/28/2026,11:51,234.74,234.78,234.73,234.78,234.76,234.81,234.76,234.79
07/28/2026,11:53,234.73,234.73,234.73,234.73,234.77,234.78,234.77,234.78
07/28/2026,11:54,234.72,234.72,234.7,234.7,234.74,234.74,234.73,234.73
07/28/2026,11:56,234.59,234.63,234.59,234.63,234.65,234.66,234.65,234.66
07/28/2026,12:00,234.61,234.61,234.61,234.61,234.64,234.64,234.64,234.64
07/28/2026,12:01,234.6,234.6,234.58,234.58,234.63,234.63,234.61,234.61
07/28/2026,12:03,234.59,234.6,234.59,234.6,234.61,234.63,234.6,234.63
07/28/2026,12:04,234.6,234.6,234.57,234.57,234.63,234.63,234.61,234.61
07/28/2026,12:06,234.55,234.6,234.55,234.6,234.57,234.61,234.57,234.61
07/28/2026,12:07,234.63,234.65,234.63,234.65,234.64,234.66,234.64,234.66
07/28/2026,12:08,234.6,234.61,234.6,234.61,234.63,234.63,234.62,234.62
07/28/2026,12:09,234.58,234.6,234.58,234.6,234.59,234.61,234.59,234.61
07/28/2026,12:10,234.56,234.57,234.56,234.57,234.59,234.6,234.59,234.6
07/28/2026,12:11,234.53,234.53,234.53,234.53,234.54,234.54,234.54,234.54
07/28/2026,12:12,234.55,234.55,234.55,234.55,234.56,234.56,234.56,234.56
07/28/2026,12:13,234.54,234.57,234.54,234.57,234.56,234.6,234.56,234.6
07/28/2026,12:14,234.58,234.58,234.58,234.58,234.61,234.61,234.61,234.61
07/28/2026,12:15,234.56,234.56,234.55,234.55,234.58,234.58,234.57,234.57
07/28/2026,12:16,234.51,234.52,234.51,234.52,234.54,234.54,234.53,234.53
07/28/2026,12:17,234.51,234.53,234.51,234.51,234.54,234.55,234.52,234.52
07/28/2026,12:18,234.49,234.49,234.48,234.48,234.52,234.52,234.52,234.52
07/28/2026,12:19,234.51,234.51,234.51,234.51,234.52,234.52,234.52,234.52
07/28/2026,12:20,234.52,234.52,234.52,234.52,234.55,234.55,234.55,234.55
07/28/2026,12:21,234.54,234.54,234.54,234.54,234.56,234.56,234.56,234.56
07/28/2026,12:22,234.51,234.51,234.51,234.51,234.54,234.54,234.54,234.54
07/28/2026,12:23,234.53,234.53,234.53,234.53,234.54,234.54,234.54,234.54
07/28/2026,12:25,234.56,234.56,234.56,234.56,234.59,234.59,234.58,234.58
07/28/2026,12:26,234.54,234.54,234.54,234.54,234.56,234.56,234.56,234.56
07/28/2026,12:28,234.5,234.5,234.5,234.5,234.52,234.52,234.52,234.52
07/28/2026,12:29,234.49,234.5,234.49,234.5,234.51,234.51,234.51,234.51
07/28/2026,12:30,234.46,234.54,234.46,234.54,234.48,234.55,234.48,234.55
07/28/2026,12:31,234.56,234.56,234.56,234.56,234.58,234.58,234.58,234.58
07/28/2026,12:32,234.6,234.6,234.59,234.59,234.62,234.63,234.62,234.62
07/28/2026,12:33,234.57,234.57,234.57,234.57,234.6,234.6,234.58,234.58
07/28/2026,12:34,234.54,234.58,234.54,234.58,234.57,234.61,234.57,234.61
07/28/2026,12:35,234.59,234.61,234.59,234.6,234.61,234.64,234.61,234.63
07/28/2026,12:36,234.6,234.6,234.59,234.59,234.62,234.62,234.62,234.62
07/28/2026,12:37,234.57,234.57,234.57,234.57,234.6,234.6,234.6,234.6
07/28/2026,12:38,234.59,234.61,234.54,234.61,234.6,234.63,234.58,234.63
07/28/2026,12:39,234.6,234.6,234.6,234.6,234.63,234.63,234.63,234.63
07/28/2026,12:40,234.59,234.59,234.59,234.59,234.62,234.62,234.62,234.62
07/28/2026,12:41,234.55,234.55,234.55,234.55,234.57,234.57,234.57,234.57
07/28/2026,12:42,234.59,234.59,234.59,234.59,234.63,234.63,234.63,234.63
07/28/2026,12:43,234.61,234.61,234.61,234.61,234.63,234.63,234.63,234.63
07/28/2026,12:44,234.63,234.63,234.62,234.62,234.64,234.65,234.63,234.63
07/28/2026,12:45,234.63,234.63,234.57,234.57,234.64,234.64,234.6,234.6
07/28/2026,12:46,234.55,234.55,234.55,234.55,234.56,234.56,234.56,234.56
07/28/2026,12:47,234.57,234.57,234.57,234.57,234.6,234.6,234.6,234.6
07/28/2026,12:48,234.58,234.58,234.58,234.58,234.61,234.61,234.61,234.61
07/28/2026,12:49,234.56,234.6,234.56,234.6,234.57,234.61,234.57,234.61
07/28/2026,12:50,234.59,234.64,234.59,234.64,234.61,234.66,234.61,234.66
07/28/2026,12:52,234.69,234.69,234.69,234.69,234.72,234.72,234.72,234.72
07/28/2026,12:53,234.67,234.68,234.67,234.68,234.69,234.7,234.69,234.7
07/28/2026,12:55,234.67,234.71,234.67,234.71,234.68,234.74,234.68,234.73
07/28/2026,12:56,234.71,234.72,234.71,234.72,234.72,234.74,234.72,234.74
07/28/2026,12:57,234.72,234.72,234.72,234.72,234.74,234.74,234.74,234.74
07/28/2026,12:59,234.74,234.74,234.74,234.74,234.77,234.77,234.77,234.77
07/28/2026,13:00,234.75,234.75,234.75,234.75,234.76,234.76,234.76,234.76
07/28/2026,13:01,234.79,234.79,234.75,234.75,234.81,234.81,234.78,234.78
07/28/2026,13:02,234.7,234.7,234.7,234.7,234.73,234.73,234.73,234.73
07/28/2026,13:03,234.7,234.7,234.7,234.7,234.72,234.72,234.72,234.72
07/28/2026,13:04,234.73,234.73,234.73,234.73,234.74,234.76,234.74,234.76
07/28/2026,13:05,234.74,234.79,234.74,234.79,234.75,234.82,234.75,234.81
07/28/2026,13:06,234.76,234.76,234.72,234.72,234.79,234.79,234.74,234.74
07/28/2026,13:09,234.64,234.64,234.64,234.64,234.65,234.65,234.65,234.65
07/28/2026,13:10,234.57,234.58,234.56,234.57,234.61,234.61,234.59,234.59
07/28/2026,13:11,234.58,234.59,234.58,234.59,234.59,234.61,234.59,234.61
07/28/2026,13:12,234.57,234.57,234.56,234.56,234.58,234.58,234.57,234.57
07/28/2026,13:14,234.44,234.46,234.44,234.46,234.47,234.49,234.47,234.49
07/28/2026,13:15,234.49,234.49,234.46,234.46,234.53,234.53,234.49,234.49
07/28/2026,13:16,234.46,234.46,234.46,234.46,234.49,234.49,234.49,234.49
07/28/2026,13:18,234.39,234.39,234.38,234.38,234.42,234.42,234.4,234.4
07/28/2026,13:19,234.38,234.39,234.38,234.38,234.41,234.41,234.4,234.4
07/28/2026,13:20,234.4,234.53,234.4,234.53,234.43,234.54,234.43,234.54
07/28/2026,13:21,234.53,234.55,234.53,234.55,234.54,234.56,234.54,234.56
07/28/2026,13:23,234.43,234.46,234.43,234.43,234.45,234.47,234.45,234.45
07/28/2026,13:24,234.45,234.45,234.45,234.45,234.46,234.46,234.46,234.46
07/28/2026,13:25,234.36,234.36,234.36,234.36,234.37,234.37,234.37,234.37
07/28/2026,13:26,234.35,234.37,234.35,234.37,234.36,234.38,234.36,234.38
07/28/2026,13:27,234.37,234.43,234.37,234.41,234.38,234.44,234.38,234.43
07/28/2026,13:29,234.39,234.39,234.39,234.39,234.4,234.4,234.4,234.4
07/28/2026,13:31,234.28,234.28,234.25,234.25,234.3,234.3,234.27,234.28
07/28/2026,13:32,234.25,234.25,234.25,234.25,234.27,234.28,234.27,234.28
07/28/2026,13:33,234.28,234.35,234.28,234.35,234.3,234.37,234.3,234.37
07/28/2026,13:34,234.34,234.36,234.34,234.36,234.37,234.37,234.37,234.37
07/28/2026,13:35,234.37,234.37,234.35,234.35,234.39,234.39,234.37,234.37
07/28/2026,13:36,234.35,234.36,234.35,234.36,234.36,234.38,234.36,234.38
07/28/2026,13:37,234.36,234.38,234.36,234.38,234.37,234.39,234.37,234.39
07/28/2026,13:38,234.37,234.37,234.37,234.37,234.39,234.39,234.39,234.39
07/28/2026,13:40,234.36,234.4,234.36,234.38,234.38,234.46,234.38,234.4
07/28/2026,13:41,234.38,234.38,234.34,234.34,234.4,234.4,234.37,234.37
07/28/2026,13:43,234.28,234.3,234.28,234.3,234.3,234.31,234.29,234.31
07/28/2026,13:45,234.29,234.33,234.29,234.31,234.3,234.34,234.3,234.32
07/28/2026,13:46,234.32,234.34,234.32,234.34,234.34,234.35,234.34,234.35
07/28/2026,13:48,234.35,234.41,234.35,234.4,234.36,234.45,234.36,234.43
07/28/2026,13:49,234.4,234.41,234.38,234.41,234.43,234.43,234.4,234.43
07/28/2026,13:52,234.37,234.37,234.37,234.37,234.38,234.39,234.38,234.39
07/28/2026,13:55,234.32,234.32,234.3,234.3,234.35,234.35,234.33,234.33
07/28/2026,13:56,234.3,234.32,234.3,234.32,234.32,234.33,234.32,234.33
07/28/2026,14:00,234.33,234.39,234.33,234.39,234.36,234.41,234.36,234.41
07/28/2026,14:01,234.37,234.37,234.37,234.37,234.41,234.41,234.41,234.41
07/28/2026,14:02,234.39,234.39,234.37,234.37,234.41,234.41,234.39,234.39
07/28/2026,14:03,234.39,234.39,234.39,234.39,234.4,234.41,234.4,234.41
07/28/2026,14:04,234.35,234.35,234.35,234.35,234.37,234.37,234.37,234.37
07/28/2026,14:05,234.37,234.38,234.37,234.38,234.39,234.39,234.39,234.39
07/28/2026,14:06,234.37,234.37,234.37,234.37,234.39,234.39,234.39,234.39
07/28/2026,14:07,234.39,234.39,234.39,234.39,234.42,234.42,234.42,234.42
07/28/2026,14:08,234.41,234.41,234.4,234.4,234.42,234.42,234.42,234.42
07/28/2026,14:09,234.36,234.38,234.36,234.36,234.39,234.41,234.39,234.39
07/28/2026,14:10,234.38,234.38,234.38,234.38,234.39,234.39,234.39,234.39
07/28/2026,14:12,234.37,234.37,234.35,234.35,234.38,234.38,234.37,234.37
07/28/2026,14:13,234.33,234.33,234.29,234.29,234.37,234.37,234.32,234.32
07/28/2026,14:15,234.3,234.3,234.3,234.3,234.32,234.32,234.32,234.32
07/28/2026,14:16,234.31,234.32,234.29,234.31,234.32,234.33,234.31,234.32
07/28/2026,14:17,234.32,234.32,234.32,234.32,234.33,234.34,234.33,234.33
07/28/2026,14:18,234.35,234.37,234.35,234.36,234.37,234.38,234.37,234.38
07/28/2026,14:19,234.37,234.38,234.37,234.38,234.38,234.39,234.38,234.39
07/28/2026,14:22,234.3,234.3,234.29,234.29,234.31,234.31,234.3,234.3
07/28/2026,14:24,234.24,234.24,234.24,234.24,234.26,234.26,234.26,234.26
07/28/2026,14:26,234.29,234.29,234.29,234.29,234.3,234.3,234.3,234.3
07/28/2026,14:27,234.28,234.32,234.28,234.3,234.3,234.33,234.3,234.32
07/28/2026,14:29,234.3,234.31,234.3,234.31,234.33,234.33,234.32,234.32
07/28/2026,14:30,234.3,234.3,234.3,234.3,234.31,234.31,234.31,234.31
07/28/2026,14:31,234.27,234.27,234.27,234.27,234.3,234.3,234.3,234.3
07/28/2026,14:32,234.3,234.3,234.29,234.29,234.31,234.31,234.31,234.31
07/28/2026,14:33,234.3,234.31,234.27,234.27,234.32,234.33,234.3,234.3
07/28/2026,14:34,234.29,234.34,234.29,234.32,234.32,234.35,234.32,234.34
07/28/2026,14:35,234.3,234.31,234.3,234.3,234.33,234.34,234.31,234.31
07/28/2026,14:36,234.31,234.31,234.31,234.31,234.32,234.32,234.32,234.32
07/28/2026,14:39,234.29,234.3,234.29,234.3,234.33,234.33,234.31,234.31
07/28/2026,14:40,234.3,234.3,234.2,234.2,234.31,234.31,234.22,234.22
07/28/2026,14:41,234.23,234.23,234.23,234.23,234.24,234.24,234.24,234.24
07/28/2026,14:42,234.21,234.21,234.21,234.21,234.23,234.24,234.23,234.24
07/28/2026,14:43,234.23,234.27,234.23,234.27,234.24,234.28,234.24,234.28
07/28/2026,14:44,234.25,234.25,234.23,234.23,234.28,234.28,234.25,234.25
07/28/2026,14:45,234.23,234.28,234.23,234.28,234.25,234.31,234.25,234.31
07/28/2026,14:46,234.28,234.29,234.28,234.29,234.31,234.31,234.31,234.31
07/28/2026,14:47,234.33,234.39,234.33,234.39,234.34,234.4,234.34,234.4
07/28/2026,14:48,234.37,234.37,234.37,234.37,234.4,234.4,234.39,234.4
07/28/2026,14:49,234.38,234.38,234.38,234.38,234.4,234.4,234.4,234.4
07/28/2026,14:50,234.37,234.37,234.37,234.37,234.4,234.4,234.39,234.39
07/28/2026,14:51,234.4,234.42,234.4,234.42,234.41,234.43,234.41,234.43
07/28/2026,14:52,234.44,234.44,234.44,234.44,234.46,234.46,234.46,234.46
07/28/2026,14:53,234.46,234.46,234.44,234.45,234.47,234.48,234.47,234.47
07/28/2026,14:54,234.45,234.45,234.43,234.43,234.47,234.47,234.45,234.45
07/28/2026,14:55,234.47,234.47,234.47,234.47,234.48,234.48,234.48,234.48
07/28/2026,14:56,234.48,234.51,234.47,234.51,234.5,234.54,234.49,234.54
07/28/2026,14:57,234.5,234.51,234.5,234.51,234.53,234.54,234.53,234.53
07/28/2026,14:58,234.5,234.5,234.47,234.47,234.52,234.53,234.5,234.5
07/28/2026,15:00,234.45,234.45,234.41,234.41,234.48,234.48,234.42,234.43
07/28/2026,15:01,234.41,234.41,234.41,234.41,234.42,234.42,234.42,234.42
07/28/2026,15:02,234.42,234.42,234.42,234.42,234.44,234.44,234.44,234.44
07/28/2026,15:03,234.43,234.43,234.43,234.43,234.44,234.44,234.44,234.44
07/28/2026,15:04,234.38,234.43,234.38,234.43,234.4,234.44,234.4,234.44
07/28/2026,15:05,234.43,234.43,234.43,234.43,234.45,234.45,234.45,234.45
07/28/2026,15:06,234.42,234.45,234.42,234.44,234.45,234.46,234.44,234.46
07/28/2026,15:07,234.42,234.45,234.4,234.45,234.44,234.46,234.43,234.46
07/28/2026,15:08,234.47,234.47,234.43,234.43,234.48,234.48,234.45,234.45
07/28/2026,15:09,234.4,234.4,234.37,234.37,234.43,234.43,234.39,234.39
07/28/2026,15:10,234.39,234.42,234.36,234.36,234.4,234.43,234.38,234.38
07/28/2026,15:11,234.37,234.37,234.36,234.36,234.39,234.39,234.37,234.37
07/28/2026,15:12,234.37,234.4,234.37,234.4,234.38,234.42,234.38,234.42
07/28/2026,15:13,234.4,234.4,234.37,234.37,234.42,234.42,234.39,234.39
07/28/2026,15:14,234.37,234.38,234.35,234.35,234.4,234.4,234.37,234.37
07/28/2026,15:15,234.36,234.4,234.36,234.37,234.37,234.42,234.37,234.4
07/28/2026,15:16,234.39,234.43,234.39,234.43,234.41,234.45,234.41,234.45
07/28/2026,15:17,234.46,234.47,234.43,234.47,234.47,234.49,234.46,234.49
07/28/2026,15:18,234.47,234.5,234.46,234.5,234.48,234.52,234.48,234.52
07/28/2026,15:19,234.5,234.5,234.46,234.46,234.52,234.52,234.47,234.47
07/28/2026,15:20,234.47,234.47,234.46,234.46,234.48,234.49,234.48,234.49
07/28/2026,15:21,234.46,234.49,234.45,234.46,234.49,234.5,234.48,234.49
07/28/2026,15:22,234.48,234.49,234.43,234.44,234.49,234.51,234.45,234.46
07/28/2026,15:23,234.42,234.42,234.42,234.42,234.44,234.44,234.44,234.44
07/28/2026,15:24,234.44,234.44,234.44,234.44,234.45,234.45,234.45,234.45
07/28/2026,15:25,234.43,234.43,234.4,234.4,234.44,234.44,234.41,234.41
07/28/2026,15:26,234.37,234.37,234.34,234.34,234.39,234.39,234.36,234.36
07/28/2026,15:27,234.32,234.33,234.32,234.32,234.34,234.35,234.34,234.34
07/28/2026,15:28,234.33,234.34,234.33,234.34,234.34,234.35,234.34,234.35
07/28/2026,15:29,234.36,234.36,234.34,234.36,234.38,234.38,234.36,234.37
07/28/2026,15:30,234.36,234.36,234.31,234.32,234.37,234.37,234.33,234.34
07/28/2026,15:31,234.34,234.34,234.32,234.32,234.35,234.35,234.34,234.34
07/28/2026,15:32,234.33,234.36,234.33,234.36,234.34,234.37,234.34,234.37
07/28/2026,15:33,234.37,234.37,234.35,234.35,234.38,234.38,234.37,234.37
07/28/2026,15:34,234.33,234.35,234.33,234.35,234.34,234.36,234.34,234.36
07/28/2026,15:35,234.37,234.4,234.37,234.39,234.38,234.42,234.38,234.41
07/28/2026,15:36,234.41,234.42,234.4,234.4,234.42,234.44,234.42,234.42
07/28/2026,15:37,234.42,234.43,234.42,234.43,234.44,234.45,234.44,234.45
07/28/2026,15:38,234.41,234.41,234.4,234.4,234.42,234.42,234.41,234.41
07/28/2026,15:39,234.34,234.34,234.34,234.34,234.36,234.36,234.36,234.36
07/28/2026,15:40,234.35,234.37,234.35,234.36,234.37,234.39,234.37,234.37
07/28/2026,15:41,234.35,234.37,234.35,234.37,234.37,234.39,234.37,234.38
07/28/2026,15:42,234.37,234.38,234.37,234.38,234.39,234.4,234.39,234.4
07/28/2026,15:43,234.37,234.43,234.37,234.43,234.4,234.45,234.4,234.45
07/28/2026,15:44,234.43,234.46,234.43,234.46,234.45,234.48,234.45,234.48
07/28/2026,15:45,234.44,234.48,234.43,234.47,234.46,234.49,234.44,234.48
07/28/2026,15:47,234.39,234.42,234.39,234.39,234.41,234.43,234.41,234.41
07/28/2026,15:48,234.4,234.4,234.4,234.4,234.41,234.41,234.41,234.41
07/28/2026,15:49,234.4,234.45,234.37,234.37,234.43,234.47,234.39,234.39
07/28/2026,15:50,234.39,234.4,234.33,234.37,234.41,234.43,234.34,234.38
07/28/2026,15:51,234.37,234.38,234.37,234.38,234.38,234.39,234.38,234.39
07/28/2026,15:52,234.36,234.4,234.36,234.38,234.38,234.41,234.38,234.4
07/28/2026,15:53,234.38,234.39,234.35,234.39,234.39,234.41,234.36,234.41
07/28/2026,15:54,234.4,234.46,234.38,234.46,234.42,234.47,234.39,234.47
07/28/2026,15:55,234.45,234.46,234.39,234.46,234.47,234.49,234.42,234.47
07/28/2026,15:56,234.45,234.51,234.44,234.44,234.47,234.52,234.47,234.47
07/28/2026,15:57,234.44,234.5,234.44,234.5,234.46,234.52,234.45,234.52
07/28/2026,15:58,234.48,234.54,234.47,234.48,234.49,234.55,234.48,234.5
07/28/2026,15:59,234.47,234.48,234.26,234.35,234.49,234.49,234.29,234.37
07/29/2026,09:30,234.25,234.25,233.72,234.19,234.43,234.7,234.04,234.39
07/29/2026,09:31,234.27,234.27,234.21,234.21,234.38,234.38,234.36,234.36
07/29/2026,09:32,234.23,234.23,234.09,234.09,234.29,234.29,234.22,234.23
07/29/2026,09:34,234.31,234.31,234.31,234.31,234.37,234.37,234.36,234.36
07/29/2026,09:35,234.09,234.1,234.05,234.05,234.16,234.16,234.13,234.13
07/29/2026,09:36,234.18,234.34,234.18,234.34,234.29,234.46,234.29,234.46
07/29/2026,09:38,234.41,234.41,234.27,234.27,234.48,234.48,234.36,234.36
07/29/2026,09:39,234.37,234.51,234.37,234.51,234.49,234.6,234.49,234.6
07/29/2026,09:40,234.44,234.44,234.44,234.44,234.52,234.52,234.52,234.52
07/29/2026,09:41,234.47,234.56,234.46,234.46,234.56,234.65,234.54,234.55
07/29/2026,09:42,234.47,234.49,234.44,234.49,234.54,234.54,234.51,234.53
07/29/2026,09:43,234.44,234.47,234.43,234.47,234.5,234.55,234.5,234.55
07/29/2026,09:45,234.53,234.58,234.53,234.58,234.61,234.67,234.61,234.66
07/29/2026,09:47,234.65,234.71,234.65,234.71,234.74,234.79,234.74,234.79
07/29/2026,09:48,234.65,234.7,234.65,234.7,234.74,234.77,234.74,234.77
07/29/2026,09:49,234.74,234.74,234.74,234.74,234.84,234.84,234.84,234.84
07/29/2026,09:51,234.42,234.58,234.42,234.51,234.51,234.6,234.51,234.58
07/29/2026,09:52,234.46,234.46,234.46,234.46,234.55,234.55,234.55,234.55
07/29/2026,09:53,234.49,234.49,234.47,234.47,234.55,234.55,234.52,234.52
07/29/2026,09:54,234.58,234.6,234.58,234.6,234.63,234.65,234.63,234.65
07/29/2026,09:55,234.54,234.54,234.46,234.46,234.6,234.6,234.5,234.5
07/29/2026,09:57,234.51,234.55,234.47,234.55,234.58,234.6,234.51,234.6
07/29/2026,09:58,234.45,234.45,234.45,234.45,234.51,234.51,234.51,234.51
07/29/2026,09:59,234.36,234.36,234.36,234.36,234.42,234.42,234.42,234.42
07/29/2026,10:00,234.4,234.4,234.3,234.3,234.44,234.46,234.37,234.37
07/29/2026,10:01,234.33,234.33,234.33,234.33,234.39,234.39,234.39,234.39
07/29/2026,10:02,234.36,234.36,234.36,234.36,234.43,234.43,234.43,234.43
07/29/2026,10:03,234.43,234.43,234.43,234.43,234.45,234.45,234.45,234.45
07/29/2026,10:05,234.28,234.28,234.28,234.28,234.34,234.34,234.34,234.34
07/29/2026,10:06,234.23,234.23,234.23,234.23,234.3,234.3,234.3,234.3
07/29/2026,10:07,234.27,234.28,234.27,234.28,234.32,234.32,234.29,234.29
07/29/2026,10:08,234.2,234.2,234.17,234.17,234.24,234.24,234.2,234.2
07/29/2026,10:09,234.14,234.14,234.11,234.11,234.16,234.16,234.15,234.15
07/29/2026,10:10,234.14,234.14,234.14,234.14,234.19,234.19,234.19,234.19
07/29/2026,10:11,234.19,234.19,234.17,234.17,234.22,234.23,234.22,234.23
07/29/2026,10:12,234.12,234.12,234.12,234.12,234.14,234.14,234.14,234.14
07/29/2026,10:13,234.01,234.01,233.89,233.89,234.05,234.05,233.93,233.93
07/29/2026,10:15,233.98,233.98,233.98,233.98,234.02,234.05,234.02,234.05
07/29/2026,10:16,233.96,233.96,233.96,233.96,234.03,234.03,234.03,234.03
07/29/2026,10:17,234.01,234.01,234.01,234.01,234.05,234.05,234.05,234.05
07/29/2026,10:18,233.99,234.08,233.99,234.06,234.02,234.11,234.02,234.11
07/29/2026,10:19,234.04,234.04,234.01,234.01,234.05,234.05,234.05,234.05
07/29/2026,10:20,234,234,233.97,233.97,234.03,234.03,233.99,233.99
07/29/2026,10:21,233.98,234.02,233.93,234.02,234.02,234.04,233.98,234.04
07/29/2026,10:24,234.03,234.03,234.02,234.02,234.05,234.05,234.05,234.05
07/29/2026,10:25,233.98,233.98,233.98,233.98,234.01,234.01,234.01,234.01
07/29/2026,10:26,233.85,233.85,233.83,233.83,233.89,233.89,233.87,233.87
07/29/2026,10:27,233.92,234,233.9,233.99,233.93,234.05,233.93,234.02
07/29/2026,10:28,234,234.03,234,234.01,234.03,234.07,234.03,234.05
07/29/2026,10:29,233.99,233.99,233.97,233.97,234.03,234.03,233.99,233.99
07/29/2026,10:30,233.9,233.93,233.89,233.92,233.92,233.96,233.92,233.96
07/29/2026,10:31,233.91,233.91,233.88,233.88,233.95,233.95,233.93,233.93
07/29/2026,10:32,233.85,233.86,233.83,233.83,233.9,233.9,233.87,233.87
07/29/2026,10:33,233.83,233.91,233.83,233.89,233.88,233.93,233.88,233.92
07/29/2026,10:34,233.85,233.85,233.85,233.85,233.89,233.89,233.89,233.89
07/29/2026,10:35,233.84,233.86,233.84,233.85,233.89,233.91,233.88,233.91
07/29/2026,10:36,233.87,233.91,233.87,233.91,233.91,233.93,233.91,233.92
07/29/2026,10:37,233.89,233.9,233.88,233.88,233.93,233.94,233.9,233.9
07/29/2026,10:38,233.85,233.89,233.84,233.88,233.9,233.91,233.87,233.91
07/29/2026,10:39,233.9,233.9,233.82,233.82,233.93,233.93,233.85,233.85
07/29/2026,10:40,233.82,233.82,233.78,233.79,233.84,233.84,233.8,233.8
07/29/2026,10:41,233.76,233.81,233.76,233.81,233.8,233.84,233.8,233.83
07/29/2026,10:42,233.81,233.81,233.76,233.76,233.82,233.82,233.78,233.78
07/29/2026,10:43,233.77,233.77,233.76,233.77,233.8,233.8,233.78,233.78
07/29/2026,10:44,233.79,233.79,233.76,233.76,233.8,233.8,233.77,233.77
07/29/2026,10:45,233.8,233.82,233.79,233.79,233.83,233.83,233.8,233.8
07/29/2026,10:46,233.78,233.81,233.76,233.81,233.79,233.84,233.77,233.84
07/29/2026,10:47,233.8,233.8,233.76,233.76,233.82,233.83,233.77,233.77
07/29/2026,10:48,233.76,233.76,233.71,233.71,233.77,233.77,233.72,233.72
07/29/2026,10:49,233.68,233.68,233.65,233.66,233.69,233.69,233.67,233.69
07/29/2026,10:50,233.66,233.68,233.66,233.67,233.67,233.7,233.67,233.68
07/29/2026,10:51,233.67,233.69,233.64,233.68,233.68,233.71,233.65,233.71
07/29/2026,10:52,233.74,233.79,233.69,233.76,233.79,233.82,233.7,233.77
07/29/2026,10:53,233.76,233.79,233.74,233.79,233.77,233.82,233.76,233.8
07/29/2026,10:54,233.77,233.77,233.69,233.71,233.78,233.78,233.72,233.72
07/29/2026,10:55,233.71,233.71,233.65,233.66,233.72,233.73,233.69,233.69
07/29/2026,10:56,233.67,233.67,233.57,233.6,233.68,233.68,233.61,233.61
07/29/2026,10:57,233.59,233.59,233.58,233.58,233.63,233.63,233.59,233.6
07/29/2026,10:58,233.54,233.54,233.49,233.49,233.55,233.55,233.53,233.53
07/29/2026,10:59,233.54,233.54,233.52,233.52,233.57,233.57,233.53,233.53
07/29/2026,11:00,233.59,233.59,233.49,233.49,233.6,233.6,233.53,233.53
07/29/2026,11:01,233.53,233.57,233.53,233.57,233.55,233.61,233.55,233.61
07/29/2026,11:02,233.59,233.63,233.58,233.58,233.62,233.65,233.61,233.62
07/29/2026,11:03,233.59,233.59,233.55,233.55,233.61,233.61,233.56,233.56
07/29/2026,11:04,233.52,233.52,233.47,233.47,233.53,233.53,233.5,233.5
07/29/2026,11:05,233.48,233.48,233.43,233.43,233.51,233.52,233.47,233.47
07/29/2026,11:06,233.44,233.48,233.44,233.48,233.47,233.51,233.47,233.5
07/29/2026,11:07,233.49,233.5,233.49,233.5,233.51,233.54,233.51,233.54
07/29/2026,11:08,233.49,233.53,233.49,233.53,233.51,233.55,233.51,233.55
07/29/2026,11:09,233.51,233.59,233.51,233.59,233.53,233.61,233.53,233.61
07/29/2026,11:10,233.58,233.64,233.58,233.62,233.6,233.67,233.6,233.66
07/29/2026,11:11,233.57,233.6,233.57,233.57,233.6,233.62,233.58,233.58
07/29/2026,11:12,233.6,233.61,233.59,233.61,233.62,233.62,233.62,233.62
07/29/2026,11:13,233.61,233.61,233.59,233.59,233.62,233.62,233.62,233.62
07/29/2026,11:14,233.58,233.58,233.55,233.55,233.61,233.61,233.57,233.57
07/29/2026,11:15,233.54,233.58,233.54,233.58,233.57,233.59,233.57,233.59
07/29/2026,11:16,233.62,233.64,233.62,233.64,233.64,233.68,233.64,233.65
07/29/2026,11:17,233.65,233.65,233.62,233.64,233.68,233.68,233.66,233.68
07/29/2026,11:18,233.64,233.64,233.62,233.62,233.67,233.67,233.64,233.64
07/29/2026,11:19,233.57,233.57,233.57,233.57,233.61,233.61,233.61,233.61
07/29/2026,11:20,233.54,233.56,233.54,233.54,233.56,233.59,233.56,233.58
07/29/2026,11:21,233.53,233.56,233.53,233.56,233.57,233.58,233.57,233.58
07/29/2026,11:22,233.57,233.57,233.57,233.57,233.6,233.6,233.6,233.6
07/29/2026,11:23,233.58,233.59,233.58,233.59,233.6,233.6,233.6,233.6
07/29/2026,11:24,233.56,233.61,233.56,233.61,233.6,233.64,233.6,233.64
07/29/2026,11:25,233.59,233.6,233.59,233.6,233.61,233.62,233.61,233.62
07/29/2026,11:26,233.56,233.56,233.52,233.52,233.61,233.61,233.56,233.56
07/29/2026,11:27,233.54,233.59,233.54,233.59,233.57,233.62,233.57,233.62
07/29/2026,11:28,233.58,233.58,233.58,233.58,233.62,233.62,233.62,233.62
07/29/2026,11:29,233.6,233.6,233.59,233.59,233.62,233.63,233.62,233.63
07/29/2026,11:30,233.64,233.64,233.63,233.63,233.66,233.67,233.66,233.66
07/29/2026,11:31,233.64,233.64,233.64,233.64,233.65,233.65,233.65,233.65
07/29/2026,11:32,233.68,233.68,233.68,233.68,233.7,233.7,233.69,233.7
07/29/2026,11:33,233.69,233.69,233.69,233.69,233.72,233.72,233.72,233.72
07/29/2026,11:35,233.68,233.68,233.65,233.66,233.71,233.71,233.67,233.67
07/29/2026,11:38,233.71,233.71,233.71,233.71,233.73,233.73,233.73,233.73
07/29/2026,11:39,233.65,233.65,233.62,233.62,233.68,233.68,233.63,233.63
07/29/2026,11:40,233.62,233.64,233.62,233.64,233.66,233.66,233.65,233.65
07/29/2026,11:41,233.66,233.66,233.66,233.66,233.68,233.68,233.68,233.68
07/29/2026,11:44,233.61,233.63,233.61,233.63,233.62,233.65,233.62,233.65
07/29/2026,11:45,233.59,233.59,233.57,233.58,233.61,233.61,233.59,233.59
07/29/2026,11:46,233.63,233.64,233.6,233.6,233.68,233.68,233.61,233.61
07/29/2026,11:47,233.65,233.68,233.65,233.68,233.69,233.69,233.69,233.69
07/29/2026,11:48,233.68,233.7,233.68,233.7,233.69,233.72,233.69,233.72
07/29/2026,11:49,233.74,233.74,233.74,233.74,233.75,233.75,233.75,233.75
07/29/2026,11:50,233.77,233.77,233.71,233.73,233.78,233.78,233.73,233.74
07/29/2026,11:52,233.7,233.7,233.7,233.7,233.74,233.74,233.74,233.74
07/29/2026,11:53,233.72,233.72,233.72,233.72,233.73,233.73,233.73,233.73
07/29/2026,11:54,233.7,233.7,233.7,233.7,233.74,233.74,233.74,233.74
07/29/2026,11:55,233.56,233.56,233.52,233.54,233.61,233.61,233.55,233.56
07/29/2026,11:56,233.54,233.54,233.52,233.52,233.56,233.56,233.55,233.55
07/29/2026,11:57,233.53,233.53,233.53,233.53,233.56,233.56,233.56,233.56
07/29/2026,11:58,233.59,233.6,233.59,233.6,233.6,233.62,233.6,233.62
07/29/2026,11:59,233.62,233.62,233.62,233.62,233.64,233.64,233.64,233.64
07/29/2026,12:00,233.62,233.62,233.55,233.55,233.65,233.65,233.58,233.58
07/29/2026,12:02,233.5,233.5,233.5,233.5,233.52,233.53,233.52,233.53
07/29/2026,12:04,233.47,233.47,233.47,233.47,233.5,233.5,233.5,233.5
07/29/2026,12:05,233.43,233.43,233.36,233.36,233.46,233.46,233.4,233.4
07/29/2026,12:06,233.4,233.41,233.38,233.4,233.43,233.44,233.41,233.44
07/29/2026,12:07,233.4,233.43,233.4,233.43,233.42,233.47,233.42,233.47
07/29/2026,12:08,233.45,233.45,233.45,233.45,233.48,233.48,233.48,233.48
07/29/2026,12:10,233.43,233.43,233.43,233.43,233.46,233.46,233.46,233.46
07/29/2026,12:12,233.37,233.37,233.37,233.37,233.39,233.39,233.39,233.39
07/29/2026,12:13,233.39,233.41,233.39,233.41,233.41,233.44,233.41,233.44
07/29/2026,12:14,233.34,233.34,233.31,233.31,233.37,233.37,233.34,233.34
07/29/2026,12:15,233.27,233.27,233.25,233.26,233.3,233.3,233.27,233.28
07/29/2026,12:16,233.21,233.24,233.21,233.24,233.24,233.26,233.24,233.26
07/29/2026,12:17,233.24,233.26,233.24,233.26,233.27,233.27,233.27,233.27
07/29/2026,12:19,233.23,233.23,233.23,233.23,233.24,233.24,233.24,233.24
07/29/2026,12:22,233.29,233.29,233.29,233.29,233.32,233.32,233.32,233.32
07/29/2026,12:23,233.33,233.39,233.33,233.39,233.36,233.42,233.36,233.42
07/29/2026,12:24,233.36,233.38,233.35,233.38,233.39,233.39,233.38,233.39
07/29/2026,12:25,233.41,233.41,233.39,233.39,233.42,233.42,233.42,233.42
07/29/2026,12:26,233.39,233.39,233.39,233.39,233.41,233.41,233.41,233.41
07/29/2026,12:27,233.39,233.39,233.39,233.39,233.42,233.42,233.42,233.42
07/29/2026,12:29,233.45,233.45,233.43,233.45,233.48,233.48,233.45,233.46
07/29/2026,12:30,233.45,233.47,233.43,233.47,233.46,233.49,233.46,233.49
07/29/2026,12:31,233.41,233.41,233.41,233.41,233.44,233.44,233.44,233.44
07/29/2026,12:32,233.42,233.42,233.4,233.4,233.45,233.45,233.44,233.44
07/29/2026,12:33,233.41,233.41,233.41,233.41,233.45,233.45,233.45,233.45
07/29/2026,12:34,233.44,233.44,233.44,233.44,233.47,233.47,233.47,233.47
07/29/2026,12:36,233.32,233.32,233.32,233.32,233.35,233.35,233.35,233.35
07/29/2026,12:37,233.34,233.35,233.33,233.33,233.35,233.38,233.35,233.36
07/29/2026,12:38,233.32,233.35,233.32,233.35,233.34,233.38,233.34,233.38
07/29/2026,12:39,233.37,233.39,233.37,233.39,233.38,233.41,233.38,233.41
07/29/2026,12:40,233.38,233.39,233.38,233.39,233.4,233.43,233.4,233.43
07/29/2026,12:41,233.38,233.38,233.35,233.35,233.39,233.39,233.38,233.38
07/29/2026,12:42,233.3,233.3,233.3,233.3,233.33,233.33,233.33,233.33
07/29/2026,12:44,233.31,233.33,233.31,233.33,233.35,233.37,233.35,233.37
07/29/2026,12:45,233.36,233.38,233.36,233.38,233.38,233.41,233.38,233.41
07/29/2026,12:48,233.4,233.4,233.4,233.4,233.41,233.41,233.41,233.41
07/29/2026,12:49,233.39,233.39,233.39,233.39,233.42,233.42,233.42,233.42
07/29/2026,12:50,233.46,233.48,233.45,233.48,233.48,233.5,233.48,233.5
07/29/2026,12:51,233.51,233.51,233.51,233.51,233.54,233.54,233.54,233.54
07/29/2026,12:52,233.48,233.56,233.45,233.56,233.5,233.58,233.47,233.57
07/29/2026,12:53,233.59,233.61,233.59,233.59,233.61,233.64,233.61,233.61
07/29/2026,12:54,233.57,233.57,233.57,233.57,233.6,233.6,233.6,233.6
07/29/2026,12:55,233.58,233.58,233.58,233.58,233.58,233.58,233.58,233.58
07/29/2026,12:56,233.57,233.62,233.57,233.62,233.6,233.63,233.59,233.63
07/29/2026,12:57,233.63,233.63,233.63,233.63,233.65,233.65,233.65,233.65
07/29/2026,12:59,233.63,233.7,233.63,233.7,233.66,233.72,233.66,233.72
07/29/2026,13:00,233.7,233.7,233.69,233.7,233.71,233.72,233.71,233.72
07/29/2026,13:01,233.69,233.73,233.69,233.73,233.72,233.74,233.72,233.74
07/29/2026,13:02,233.73,233.75,233.73,233.75,233.75,233.76,233.75,233.76
07/29/2026,13:03,233.77,233.78,233.76,233.78,233.79,233.8,233.77,233.8
07/29/2026,13:04,233.83,233.87,233.81,233.87,233.84,233.88,233.84,233.88
07/29/2026,13:05,233.9,233.9,233.9,233.9,233.93,233.93,233.93,233.93
07/29/2026,13:06,233.86,233.86,233.86,233.86,233.88,233.88,233.88,233.88
07/29/2026,13:07,233.83,233.83,233.81,233.81,233.86,233.86,233.85,233.85
07/29/2026,13:08,233.72,233.76,233.72,233.76,233.75,233.78,233.75,233.78
07/29/2026,13:10,233.72,233.74,233.72,233.74,233.74,233.75,233.74,233.75
07/29/2026,13:12,233.76,233.82,233.76,233.82,233.77,233.84,233.77,233.84
07/29/2026,13:13,233.84,233.84,233.84,233.84,233.87,233.87,233.87,233.87
07/29/2026,13:14,233.84,233.84,233.84,233.84,233.87,233.87,233.85,233.86
07/29/2026,13:15,233.85,233.85,233.83,233.83,233.86,233.86,233.84,233.85
07/29/2026,13:16,233.8,233.82,233.8,233.82,233.82,233.83,233.82,233.83
07/29/2026,13:17,233.84,233.84,233.84,233.84,233.85,233.85,233.85,233.85
07/29/2026,13:18,233.88,233.88,233.88,233.88,233.91,233.91,233.89,233.89
07/29/2026,13:19,233.88,233.95,233.88,233.95,233.91,233.97,233.91,233.97
07/29/2026,13:20,233.97,233.97,233.95,233.95,233.98,233.98,233.97,233.97
07/29/2026,13:21,233.96,234.02,233.96,234.02,233.99,234.04,233.99,234.04
07/29/2026,13:23,233.96,233.96,233.94,233.94,233.98,233.99,233.96,233.96
07/29/2026,13:24,233.86,233.86,233.86,233.86,233.89,233.89,233.89,233.89
07/29/2026,13:25,233.87,233.87,233.87,233.87,233.89,233.89,233.89,233.89
07/29/2026,13:26,233.85,233.9,233.85,233.88,233.88,233.92,233.88,233.91
07/29/2026,13:27,233.87,233.87,233.87,233.87,233.91,233.91,233.9,233.9
07/29/2026,13:28,233.9,233.9,233.9,233.9,233.93,233.93,233.93,233.93
07/29/2026,13:29,233.82,233.82,233.82,233.82,233.85,233.85,233.82,233.82
07/29/2026,13:30,233.79,233.79,233.79,233.79,233.81,233.81,233.81,233.81
07/29/2026,13:31,233.8,233.8,233.8,233.8,233.82,233.82,233.82,233.82
07/29/2026,13:32,233.82,233.88,233.82,233.85,233.85,233.89,233.83,233.88
07/29/2026,13:33,233.91,233.91,233.91,233.91,233.94,233.94,233.94,233.94
07/29/2026,13:34,233.95,233.95,233.9,233.9,233.96,233.96,233.91,233.91
07/29/2026,13:35,233.84,233.84,233.77,233.77,233.87,233.87,233.79,233.79
07/29/2026,13:36,233.77,233.77,233.76,233.77,233.79,233.8,233.79,233.8
07/29/2026,13:37,233.82,233.82,233.82,233.82,233.83,233.83,233.83,233.83
07/29/2026,13:39,233.83,233.85,233.83,233.85,233.85,233.87,233.85,233.87
07/29/2026,13:41,233.84,233.84,233.84,233.84,233.87,233.87,233.87,233.87
07/29/2026,13:42,233.82,233.82,233.82,233.82,233.84,233.84,233.83,233.83
07/29/2026,13:43,233.83,233.83,233.83,233.83,233.84,233.84,233.84,233.84
07/29/2026,13:44,233.84,233.84,233.84,233.84,233.86,233.86,233.86,233.86
07/29/2026,13:46,233.8,233.84,233.8,233.84,233.82,233.87,233.82,233.87
07/29/2026,13:47,233.86,233.87,233.84,233.87,233.87,233.88,233.87,233.88
07/29/2026,13:50,233.88,233.91,233.88,233.91,233.91,233.92,233.91,233.92
07/29/2026,13:51,233.88,233.91,233.88,233.9,233.91,233.92,233.91,233.92
07/29/2026,13:52,233.95,233.95,233.93,233.93,233.97,233.97,233.95,233.95
07/29/2026,13:54,233.92,233.92,233.92,233.92,233.95,233.95,233.95,233.95
07/29/2026,13:55,233.93,233.93,233.88,233.88,233.97,233.97,233.91,233.91
07/29/2026,13:56,233.86,233.86,233.86,233.86,233.89,233.89,233.89,233.89
07/29/2026,13:57,233.82,233.82,233.81,233.81,233.85,233.85,233.85,233.85
07/29/2026,13:58,233.82,233.82,233.82,233.82,233.86,233.86,233.86,233.86
07/29/2026,13:59,233.81,233.92,233.81,233.92,233.85,233.96,233.85,233.96
07/29/2026,14:00,233.9,234.49,233.9,234.49,233.99,234.66,233.99,234.63
07/29/2026,14:01,234.47,234.49,234.45,234.47,234.55,234.55,234.51,234.53
07/29/2026,14:02,234.48,234.48,234.36,234.38,234.48,234.53,234.41,234.47
07/29/2026,14:03,234.36,234.36,234.26,234.31,234.41,234.41,234.31,234.33
07/29/2026,14:04,234.26,234.26,234.26,234.26,234.29,234.29,234.29,234.29
07/29/2026,14:05,234.25,234.25,234.22,234.22,234.3,234.3,234.29,234.29
07/29/2026,14:06,234.2,234.2,234.2,234.2,234.28,234.28,234.28,234.28
07/29/2026,14:07,234.15,234.15,234.13,234.13,234.2,234.2,234.16,234.16
07/29/2026,14:08,234.03,234.08,234.03,234.05,234.08,234.14,234.08,234.09
07/29/2026,14:09,233.97,233.97,233.86,233.86,234.01,234.01,233.89,233.89
07/29/2026,14:10,233.87,233.92,233.83,233.91,233.92,233.95,233.85,233.95
07/29/2026,14:13,233.87,233.91,233.86,233.91,233.92,233.94,233.91,233.94
07/29/2026,14:14,233.92,233.93,233.81,233.81,233.96,233.96,233.84,233.84
07/29/2026,14:15,233.92,233.98,233.92,233.98,233.95,234.02,233.95,234.02
07/29/2026,14:16,234.06,234.06,234.06,234.06,234.09,234.1,234.09,234.1
07/29/2026,14:17,233.93,233.93,233.9,233.9,233.97,233.97,233.93,233.93
07/29/2026,14:18,233.91,233.91,233.91,233.91,233.94,233.94,233.94,233.94
07/29/2026,14:20,233.78,233.78,233.76,233.77,233.84,233.84,233.77,233.77
07/29/2026,14:21,233.75,233.75,233.75,233.75,233.79,233.79,233.79,233.79
07/29/2026,14:22,233.76,233.78,233.76,233.78,233.79,233.81,233.79,233.81
07/29/2026,14:23,233.83,233.83,233.75,233.75,233.86,233.86,233.79,233.79
07/29/2026,14:24,233.76,233.76,233.74,233.74,233.78,233.78,233.78,233.78
07/29/2026,14:26,233.85,233.88,233.85,233.88,233.89,233.9,233.89,233.9
07/29/2026,14:27,233.84,233.84,233.84,233.84,233.86,233.88,233.86,233.88
07/29/2026,14:28,233.93,233.93,233.91,233.92,233.94,233.97,233.94,233.97
07/29/2026,14:29,233.95,233.95,233.95,233.95,234.02,234.02,234.02,234.02
07/29/2026,14:30,234.01,234.07,234.01,234.07,234.05,234.09,234.05,234.09
07/29/2026,14:31,234.09,234.09,233.85,233.93,234.16,234.16,233.95,233.95
07/29/2026,14:32,233.82,233.82,233.65,233.71,233.86,233.87,233.69,233.76
07/29/2026,14:33,233.75,233.84,233.75,233.84,233.79,233.88,233.79,233.88
07/29/2026,14:34,233.77,233.77,233.76,233.76,233.79,233.79,233.78,233.78
07/29/2026,14:35,233.8,233.8,233.7,233.73,233.81,233.81,233.73,233.76
07/29/2026,14:36,233.73,233.84,233.73,233.84,233.77,233.88,233.77,233.88
07/29/2026,14:37,233.93,233.93,233.87,233.89,233.96,233.97,233.91,233.94
07/29/2026,14:38,234.05,234.11,234.05,234.11,234.09,234.15,234.09,234.13
07/29/2026,14:39,234.09,234.26,234.07,234.26,234.13,234.28,234.08,234.28
07/29/2026,14:40,234.24,234.34,234.24,234.29,234.27,234.38,234.27,234.33
07/29/2026,14:41,234.37,234.38,234.35,234.35,234.41,234.43,234.41,234.43
07/29/2026,14:43,234.37,234.44,234.37,234.44,234.41,234.53,234.41,234.53
07/29/2026,14:44,234.47,234.57,234.47,234.54,234.53,234.62,234.52,234.58
07/29/2026,14:45,234.55,234.55,234.55,234.55,234.59,234.59,234.59,234.59
07/29/2026,14:46,234.61,234.66,234.61,234.65,234.62,234.7,234.62,234.7
07/29/2026,14:47,234.66,234.75,234.66,234.73,234.7,234.78,234.7,234.78
07/29/2026,14:48,234.71,234.71,234.65,234.65,234.76,234.76,234.66,234.66
07/29/2026,14:49,234.66,234.8,234.66,234.8,234.68,234.83,234.68,234.83
07/29/2026,14:50,234.81,234.81,234.7,234.76,234.83,234.83,234.75,234.79
07/29/2026,14:51,234.66,234.66,234.66,234.66,234.7,234.7,234.7,234.7
07/29/2026,14:52,234.76,234.78,234.7,234.7,234.81,234.81,234.77,234.77
07/29/2026,14:53,234.8,234.85,234.8,234.85,234.84,234.88,234.84,234.88
07/29/2026,14:54,234.85,234.85,234.85,234.85,234.89,234.89,234.89,234.89
07/29/2026,14:55,234.83,234.83,234.83,234.83,234.87,234.87,234.87,234.87
07/29/2026,14:56,234.83,234.83,234.71,234.71,234.86,234.86,234.74,234.74
07/29/2026,14:57,234.67,234.67,234.67,234.67,234.71,234.71,234.71,234.71
07/29/2026,14:58,234.69,234.69,234.65,234.69,234.72,234.73,234.67,234.7
07/29/2026,14:59,234.66,234.66,234.64,234.65,234.69,234.69,234.67,234.68
07/29/2026,15:00,234.65,234.71,234.58,234.58,234.68,234.74,234.61,234.62
07/29/2026,15:01,234.55,234.55,234.55,234.55,234.59,234.59,234.59,234.59
07/29/2026,15:02,234.72,234.73,234.56,234.56,234.75,234.75,234.59,234.59
07/29/2026,15:03,234.55,234.55,234.55,234.55,234.58,234.58,234.58,234.58
07/29/2026,15:04,234.23,234.23,234.11,234.11,234.26,234.26,234.15,234.15
07/29/2026,15:05,234.14,234.14,234.07,234.07,234.17,234.17,234.11,234.11
07/29/2026,15:06,234.02,234.05,234,234.04,234.06,234.07,234.03,234.07
07/29/2026,15:07,234.02,234.03,233.92,233.92,234.04,234.05,233.96,233.96
07/29/2026,15:08,233.93,233.97,233.83,233.85,233.97,233.99,233.87,233.88
07/29/2026,15:09,233.84,233.85,233.79,233.81,233.87,233.88,233.81,233.83
07/29/2026,15:10,233.77,233.77,233.7,233.7,233.8,233.8,233.72,233.72
07/29/2026,15:11,233.81,233.85,233.81,233.85,233.84,233.89,233.84,233.88
07/29/2026,15:12,233.88,233.88,233.72,233.74,233.92,233.92,233.76,233.77
07/29/2026,15:13,233.89,233.89,233.82,233.82,233.93,233.93,233.85,233.85
07/29/2026,15:14,233.81,233.86,233.81,233.86,233.84,233.89,233.84,233.89
07/29/2026,15:15,233.9,234.1,233.9,234.1,233.93,234.11,233.93,234.11
07/29/2026,15:16,234.07,234.08,233.95,233.97,234.11,234.12,234,234.01
07/29/2026,15:17,233.99,233.99,233.86,233.86,234.03,234.03,233.89,233.89
07/29/2026,15:18,233.74,233.74,233.72,233.74,233.78,233.78,233.76,233.76
07/29/2026,15:19,233.7,233.7,233.68,233.68,233.74,233.74,233.7,233.7
07/29/2026,15:20,233.61,233.61,233.59,233.59,233.64,233.64,233.61,233.61
07/29/2026,15:21,233.51,233.54,233.43,233.54,233.55,233.57,233.47,233.56
07/29/2026,15:22,233.44,233.44,233.43,233.43,233.45,233.45,233.45,233.45
07/29/2026,15:23,233.47,233.51,233.35,233.36,233.51,233.52,233.37,233.37
07/29/2026,15:24,233.4,233.4,233.31,233.31,233.43,233.43,233.35,233.35
07/29/2026,15:25,233.34,233.34,233.21,233.21,233.37,233.37,233.25,233.25
07/29/2026,15:26,233.19,233.19,233.16,233.16,233.22,233.22,233.2,233.2
07/29/2026,15:27,233.17,233.26,233.17,233.26,233.2,233.29,233.2,233.29
07/29/2026,15:29,233.15,233.17,233.14,233.14,233.19,233.2,233.18,233.18
07/29/2026,15:30,233.16,233.16,233.07,233.11,233.19,233.19,233.1,233.13
07/29/2026,15:31,233.2,233.23,233.17,233.23,233.23,233.24,233.21,233.24
07/29/2026,15:32,233.24,233.24,233.06,233.06,233.28,233.28,233.1,233.1
07/29/2026,15:33,233.08,233.08,232.74,232.74,233.09,233.09,232.78,232.78
07/29/2026,15:35,232.91,232.91,232.8,232.83,232.94,232.94,232.83,232.84
07/29/2026,15:36,232.77,232.97,232.77,232.96,232.81,233,232.81,232.99
07/29/2026,15:37,233.03,233.03,232.8,232.84,233.05,233.05,232.83,232.88
07/29/2026,15:38,232.67,232.67,232.6,232.6,232.7,232.7,232.63,232.63
07/29/2026,15:39,232.55,232.55,232.49,232.49,232.58,232.58,232.51,232.51
07/29/2026,15:40,232.47,232.49,232.41,232.46,232.5,232.51,232.44,232.49
07/29/2026,15:41,232.54,232.55,232.45,232.46,232.57,232.59,232.48,232.49
07/29/2026,15:42,232.53,232.55,232.48,232.48,232.55,232.56,232.51,232.51
07/29/2026,15:43,232.36,232.53,232.33,232.51,232.39,232.55,232.36,232.53
07/29/2026,15:44,232.4,232.46,232.4,232.46,232.44,232.48,232.44,232.48
07/29/2026,15:45,232.43,232.5,232.42,232.49,232.46,232.53,232.44,232.5
07/29/2026,15:46,232.43,232.46,232.41,232.41,232.47,232.48,232.44,232.44
07/29/2026,15:47,232.35,232.37,232.29,232.29,232.39,232.4,232.32,232.32
07/29/2026,15:48,232.38,232.5,232.38,232.5,232.42,232.54,232.41,232.54
07/29/2026,15:49,232.48,232.61,232.48,232.61,232.49,232.64,232.49,232.64
07/29/2026,15:50,232.45,232.55,232.4,232.43,232.49,232.6,232.45,232.47
07/29/2026,15:51,232.43,232.47,232.43,232.47,232.47,232.49,232.47,232.49
07/29/2026,15:52,232.4,232.5,232.39,232.49,232.43,232.53,232.42,232.53
07/29/2026,15:53,232.46,232.46,232.44,232.44,232.48,232.48,232.47,232.47
07/29/2026,15:54,232.47,232.47,232.43,232.46,232.49,232.49,232.45,232.49
07/29/2026,15:55,232.42,232.42,232.26,232.31,232.45,232.45,232.28,232.33
07/29/2026,15:56,232.36,232.36,232.29,232.29,232.38,232.38,232.3,232.33
07/29/2026,15:57,232.31,232.39,232.3,232.39,232.33,232.41,232.32,232.41
07/29/2026,15:58,232.33,232.4,232.31,232.31,232.35,232.41,232.32,232.32
07/29/2026,15:59,232.28,232.35,232.15,232.21,232.3,232.38,232.16,232.27
07/30/2026,09:30,231.38,231.63,231.38,231.63,231.83,231.83,231.83,231.83
07/30/2026,09:31,231.69,231.71,231.67,231.68,231.81,231.81,231.75,231.78
07/30/2026,09:32,231.67,231.68,231.51,231.52,231.77,231.78,231.66,231.67
07/30/2026,09:33,231.52,231.52,231.51,231.51,231.7,231.7,231.6,231.6
07/30/2026,09:34,231.25,231.25,231.22,231.22,231.36,231.36,231.25,231.25
07/30/2026,09:35,231.17,231.17,231.05,231.06,231.29,231.29,231.15,231.16
07/30/2026,09:36,231.09,231.29,231.09,231.29,231.21,231.4,231.2,231.4
07/30/2026,09:37,231.37,231.67,231.37,231.66,231.44,231.7,231.44,231.67
07/30/2026,09:38,231.75,231.75,231.46,231.46,231.8,231.8,231.51,231.51
07/30/2026,09:39,231.4,231.4,231.4,231.4,231.45,231.45,231.45,231.45
07/30/2026,09:40,231.12,231.17,231.06,231.06,231.22,231.22,231.09,231.11
07/30/2026,09:41,231.02,231.21,231.02,231.21,231.09,231.27,231.09,231.27
07/30/2026,09:42,231.21,231.4,231.05,231.28,231.27,231.46,231.2,231.32
07/30/2026,09:43,231.33,231.41,231.28,231.41,231.38,231.47,231.29,231.47
07/30/2026,09:44,231.38,231.4,231.28,231.29,231.42,231.45,231.29,231.31
07/30/2026,09:45,231.29,231.44,231.29,231.38,231.29,231.48,231.29,231.4
07/30/2026,09:46,231.38,231.43,231.34,231.39,231.44,231.47,231.37,231.42
07/30/2026,09:47,231.36,231.36,231.22,231.23,231.43,231.43,231.26,231.26
07/30/2026,09:48,231.26,231.36,231.19,231.36,231.28,231.39,231.22,231.37
07/30/2026,09:49,231.31,231.31,231.28,231.28,231.4,231.4,231.31,231.31
07/30/2026,09:50,231.33,231.55,231.33,231.53,231.37,231.61,231.37,231.54
07/30/2026,09:51,231.53,231.53,231.47,231.47,231.56,231.56,231.5,231.5
07/30/2026,09:52,231.45,231.48,231.38,231.41,231.47,231.52,231.41,231.46
07/30/2026,09:53,231.46,231.5,231.42,231.42,231.53,231.54,231.44,231.44
07/30/2026,09:54,231.3,231.32,231.3,231.3,231.36,231.36,231.35,231.35
07/30/2026,09:55,231.24,231.24,231.17,231.17,231.28,231.29,231.2,231.2
07/30/2026,09:56,231.17,231.19,231.14,231.14,231.22,231.23,231.18,231.2
07/30/2026,09:57,231.21,231.24,231.19,231.23,231.24,231.27,231.21,231.26
07/30/2026,09:58,231.26,231.26,231.13,231.18,231.31,231.31,231.19,231.21
07/30/2026,09:59,231.21,231.21,231.21,231.21,231.26,231.26,231.26,231.26
07/30/2026,10:00,231.2,231.2,231.12,231.12,231.23,231.23,231.15,231.15
07/30/2026,10:01,231.19,231.21,231.14,231.14,231.24,231.26,231.17,231.17
07/30/2026,10:02,231.2,231.2,231.15,231.15,231.26,231.26,231.18,231.18
07/30/2026,10:03,231.14,231.15,231.07,231.07,231.17,231.19,231.08,231.08
07/30/2026,10:04,231.07,231.25,231.07,231.24,231.11,231.29,231.11,231.29
07/30/2026,10:05,231.22,231.4,231.22,231.4,231.26,231.43,231.26,231.43
07/30/2026,10:06,231.45,231.55,231.41,231.55,231.49,231.59,231.47,231.57
07/30/2026,10:07,231.52,231.52,231.35,231.35,231.54,231.54,231.39,231.41
07/30/2026,10:08,231.34,231.35,231.3,231.33,231.4,231.41,231.36,231.36
07/30/2026,10:09,231.26,231.27,231.26,231.27,231.32,231.32,231.32,231.32
07/30/2026,10:10,231.29,231.34,231.25,231.25,231.35,231.36,231.27,231.27
07/30/2026,10:11,231.24,231.27,231.19,231.27,231.26,231.3,231.21,231.3
07/30/2026,10:12,231.33,231.33,231.24,231.24,231.36,231.36,231.26,231.26
07/30/2026,10:13,231.22,231.25,231.19,231.21,231.24,231.28,231.22,231.25
07/30/2026,10:14,231.2,231.26,231.15,231.15,231.25,231.28,231.19,231.2
07/30/2026,10:15,231.15,231.25,231.15,231.25,231.2,231.3,231.19,231.3
07/30/2026,10:16,231.35,231.35,231.33,231.33,231.36,231.37,231.36,231.37
07/30/2026,10:17,231.3,231.3,231.22,231.22,231.35,231.35,231.28,231.28
07/30/2026,10:18,231.13,231.13,231.11,231.11,231.16,231.16,231.14,231.14
07/30/2026,10:19,231.11,231.11,231.11,231.11,231.16,231.16,231.16,231.16
07/30/2026,10:20,231.14,231.14,231.08,231.09,231.18,231.18,231.1,231.12
07/30/2026,10:21,231.04,231.04,231.03,231.03,231.11,231.11,231.09,231.09
07/30/2026,10:22,230.9,230.98,230.9,230.96,230.94,231.01,230.94,230.97
07/30/2026,10:23,231.07,231.07,230.96,230.96,231.08,231.08,230.98,230.98
07/30/2026,10:24,230.88,230.88,230.76,230.76,230.92,230.92,230.81,230.81
07/30/2026,10:25,230.77,230.77,230.73,230.73,230.8,230.8,230.77,230.77
07/30/2026,10:26,230.72,230.74,230.65,230.74,230.74,230.77,230.7,230.77
07/30/2026,10:27,230.73,230.73,230.73,230.73,230.75,230.75,230.75,230.75
07/30/2026,10:28,231,231,231,231,231.04,231.04,231.04,231.04
07/30/2026,10:29,230.95,230.95,230.92,230.92,230.99,230.99,230.94,230.94
07/30/2026,10:30,230.8,230.81,230.76,230.81,230.83,230.84,230.79,230.84
07/30/2026,10:31,230.76,230.76,230.7,230.7,230.79,230.79,230.74,230.74
07/30/2026,10:32,230.76,230.76,230.7,230.7,230.8,230.8,230.74,230.74
07/30/2026,10:33,230.64,230.65,230.59,230.59,230.66,230.69,230.62,230.62
07/30/2026,10:34,230.58,230.64,230.52,230.53,230.62,230.66,230.55,230.56
07/30/2026,10:35,230.51,230.58,230.51,230.57,230.53,230.61,230.53,230.6
07/30/2026,10:36,230.59,230.74,230.59,230.74,230.61,230.78,230.61,230.78
07/30/2026,10:37,230.73,230.73,230.69,230.73,230.77,230.77,230.72,230.75
07/30/2026,10:38,230.76,230.76,230.74,230.76,230.77,230.8,230.76,230.8
07/30/2026,10:39,230.79,230.79,230.79,230.79,230.81,230.81,230.81,230.81
07/30/2026,10:40,230.85,230.85,230.84,230.84,230.89,230.89,230.88,230.88
07/30/2026,10:41,230.81,230.84,230.81,230.83,230.84,230.88,230.84,230.87
07/30/2026,10:42,230.84,230.84,230.76,230.76,230.87,230.87,230.79,230.8
07/30/2026,10:43,230.75,230.76,230.74,230.74,230.77,230.79,230.77,230.77
07/30/2026,10:44,230.64,230.64,230.61,230.63,230.65,230.67,230.65,230.66
07/30/2026,10:45,230.63,230.63,230.58,230.6,230.64,230.64,230.6,230.61
07/30/2026,10:46,230.7,230.7,230.65,230.68,230.73,230.73,230.68,230.7
07/30/2026,10:47,230.68,230.68,230.56,230.58,230.72,230.72,230.59,230.59
07/30/2026,10:48,230.49,230.49,230.35,230.35,230.52,230.52,230.38,230.38
07/30/2026,10:49,230.36,230.44,230.33,230.44,230.39,230.46,230.34,230.46
07/30/2026,10:50,230.4,230.4,230.34,230.38,230.41,230.41,230.37,230.41
07/30/2026,10:51,230.39,230.5,230.37,230.5,230.42,230.54,230.39,230.54
07/30/2026,10:52,230.5,230.5,230.43,230.44,230.52,230.52,230.44,230.47
07/30/2026,10:53,230.43,230.43,230.41,230.41,230.45,230.45,230.44,230.44
07/30/2026,10:54,230.44,230.45,230.43,230.45,230.47,230.48,230.44,230.46
07/30/2026,10:55,230.46,230.48,230.45,230.48,230.48,230.51,230.47,230.51
07/30/2026,10:56,230.51,230.51,230.41,230.41,230.54,230.54,230.44,230.44
07/30/2026,10:57,230.46,230.46,230.41,230.41,230.5,230.5,230.43,230.43
07/30/2026,10:58,230.37,230.44,230.35,230.38,230.39,230.46,230.36,230.42
07/30/2026,10:59,230.4,230.52,230.4,230.46,230.44,230.55,230.44,230.49
07/30/2026,11:00,230.49,230.49,230.37,230.38,230.51,230.51,230.38,230.42
07/30/2026,11:01,230.39,230.41,230.32,230.32,230.41,230.43,230.34,230.34
07/30/2026,11:02,230.33,230.33,230.3,230.32,230.37,230.37,230.32,230.35
07/30/2026,11:03,230.29,230.39,230.29,230.39,230.3,230.42,230.3,230.42
07/30/2026,11:04,230.39,230.43,230.31,230.32,230.43,230.45,230.34,230.34
07/30/2026,11:05,230.26,230.26,230.21,230.21,230.3,230.3,230.24,230.25
07/30/2026,11:06,230.21,230.24,230.13,230.24,230.22,230.26,230.15,230.26
07/30/2026,11:07,230.21,230.23,230.15,230.15,230.24,230.26,230.18,230.18
07/30/2026,11:08,230.17,230.19,230.15,230.19,230.18,230.22,230.16,230.22
07/30/2026,11:09,230.2,230.46,230.19,230.45,230.22,230.49,230.2,230.46
07/30/2026,11:10,230.43,230.43,230.37,230.38,230.46,230.46,230.4,230.42
07/30/2026,11:11,230.36,230.36,230.29,230.3,230.4,230.4,230.32,230.35
07/30/2026,11:12,230.31,230.31,230.27,230.27,230.35,230.35,230.3,230.31
07/30/2026,11:13,230.22,230.22,230.14,230.14,230.24,230.24,230.16,230.16
07/30/2026,11:14,230.14,230.15,230.11,230.11,230.17,230.18,230.14,230.14
07/30/2026,11:15,230.02,230.12,230.02,230.12,230.06,230.14,230.06,230.14
07/30/2026,11:16,230.16,230.2,230.14,230.2,230.17,230.21,230.17,230.21
07/30/2026,11:17,230.21,230.23,230.21,230.23,230.24,230.26,230.24,230.26
07/30/2026,11:18,230.23,230.29,230.23,230.28,230.26,230.31,230.26,230.31
07/30/2026,11:19,230.28,230.35,230.28,230.35,230.3,230.37,230.3,230.37
07/30/2026,11:20,230.37,230.37,230.32,230.32,230.38,230.39,230.33,230.33
07/30/2026,11:21,230.35,230.44,230.35,230.44,230.38,230.47,230.38,230.46
07/30/2026,11:22,230.42,230.44,230.39,230.43,230.44,230.46,230.41,230.45
07/30/2026,11:23,230.41,230.42,230.3,230.35,230.45,230.45,230.33,230.38
07/30/2026,11:24,230.37,230.37,230.3,230.3,230.39,230.41,230.33,230.34
07/30/2026,11:25,230.31,230.33,230.27,230.29,230.35,230.35,230.3,230.32
07/30/2026,11:26,230.29,230.34,230.29,230.33,230.33,230.36,230.33,230.35
07/30/2026,11:27,230.34,230.34,230.28,230.31,230.38,230.38,230.31,230.33
07/30/2026,11:28,230.32,230.32,230.32,230.32,230.34,230.36,230.33,230.33
07/30/2026,11:29,230.32,230.32,230.24,230.27,230.35,230.35,230.27,230.3
07/30/2026,11:30,230.25,230.35,230.25,230.35,230.27,230.38,230.27,230.38
07/30/2026,11:31,230.35,230.38,230.35,230.36,230.36,230.41,230.36,230.39
07/30/2026,11:32,230.39,230.4,230.37,230.4,230.41,230.43,230.39,230.43
07/30/2026,11:33,230.38,230.38,230.34,230.38,230.42,230.42,230.36,230.39
07/30/2026,11:34,230.39,230.65,230.39,230.65,230.41,230.69,230.41,230.69
07/30/2026,11:35,230.68,230.68,230.63,230.65,230.71,230.71,230.66,230.66
07/30/2026,11:36,230.65,230.74,230.65,230.74,230.68,230.75,230.68,230.75
07/30/2026,11:37,230.7,230.7,230.54,230.55,230.74,230.74,230.56,230.56
07/30/2026,11:38,230.55,230.55,230.52,230.52,230.59,230.59,230.55,230.55
07/30/2026,11:39,230.52,230.52,230.52,230.52,230.54,230.54,230.54,230.54
07/30/2026,11:40,230.57,230.6,230.57,230.6,230.6,230.64,230.6,230.64
07/30/2026,11:41,230.63,230.63,230.63,230.63,230.66,230.66,230.66,230.66
07/30/2026,11:42,230.63,230.7,230.62,230.7,230.65,230.72,230.64,230.72
07/30/2026,11:43,230.71,230.75,230.71,230.74,230.75,230.77,230.75,230.77
07/30/2026,11:44,230.79,230.81,230.74,230.74,230.83,230.84,230.76,230.76
07/30/2026,11:45,230.78,230.78,230.77,230.77,230.81,230.81,230.78,230.8
07/30/2026,11:46,230.76,230.78,230.76,230.78,230.79,230.82,230.79,230.79
07/30/2026,11:47,230.84,230.84,230.84,230.84,230.87,230.87,230.87,230.87
07/30/2026,11:48,230.86,230.87,230.8,230.8,230.89,230.89,230.82,230.83
07/30/2026,11:49,230.79,230.79,230.79,230.79,230.8,230.82,230.8,230.8
07/30/2026,11:50,230.83,230.83,230.8,230.83,230.86,230.86,230.83,230.84
07/30/2026,11:51,230.83,230.87,230.79,230.86,230.85,230.89,230.82,230.89
07/30/2026,11:52,230.86,230.88,230.81,230.81,230.89,230.9,230.84,230.84
07/30/2026,11:53,230.87,230.94,230.87,230.91,230.9,230.97,230.9,230.93
07/30/2026,11:54,230.9,230.9,230.88,230.89,230.93,230.93,230.91,230.92
07/30/2026,11:55,230.95,230.98,230.95,230.97,230.96,231.01,230.96,231
07/30/2026,11:56,231.02,231.02,230.99,230.99,231.05,231.05,231.01,231.01
07/30/2026,11:57,230.97,231,230.95,231,230.99,231.02,230.98,231.01
07/30/2026,11:58,231.04,231.06,231.02,231.05,231.06,231.08,231.04,231.08
07/30/2026,11:59,231.05,231.05,230.97,230.97,231.08,231.08,231,231
07/30/2026,12:00,230.96,230.96,230.91,230.91,231,231,230.94,230.95
07/30/2026,12:01,230.92,230.96,230.92,230.96,230.95,230.99,230.94,230.99
07/30/2026,12:02,230.99,230.99,230.95,230.95,231.01,231.01,230.98,230.98
07/30/2026,12:03,230.94,230.96,230.89,230.9,230.98,230.99,230.93,230.94
07/30/2026,12:04,230.9,230.98,230.89,230.98,230.92,230.99,230.91,230.99
07/30/2026,12:05,231.01,231.01,230.88,230.88,231.05,231.05,230.91,230.91
07/30/2026,12:06,230.88,230.91,230.88,230.91,230.92,230.92,230.92,230.92
07/30/2026,12:07,230.82,230.82,230.78,230.78,230.85,230.85,230.82,230.82
07/30/2026,12:09,230.88,230.88,230.88,230.88,230.91,230.91,230.91,230.91
07/30/2026,12:10,230.88,230.92,230.88,230.92,230.9,230.95,230.9,230.95
07/30/2026,12:11,230.92,230.95,230.92,230.95,230.94,230.97,230.94,230.97
07/30/2026,12:12,230.92,230.92,230.9,230.9,230.95,230.95,230.92,230.92
07/30/2026,12:13,230.95,230.96,230.94,230.96,230.99,230.99,230.97,230.98
07/30/2026,12:14,230.97,230.98,230.95,230.98,230.99,231.01,230.97,231.01
07/30/2026,12:15,230.99,231,230.99,230.99,231.02,231.03,231.02,231.03
07/30/2026,12:16,231.06,231.13,231.06,231.13,231.08,231.15,231.08,231.15
07/30/2026,12:17,231.11,231.12,231.1,231.11,231.13,231.15,231.12,231.14
07/30/2026,12:18,231.13,231.13,231.13,231.13,231.16,231.16,231.16,231.16
07/30/2026,12:19,231.17,231.17,231.17,231.17,231.2,231.2,231.2,231.2
07/30/2026,12:20,231.18,231.23,231.18,231.2,231.21,231.25,231.21,231.22
07/30/2026,12:21,231.17,231.19,231.16,231.17,231.2,231.22,231.19,231.2
07/30/2026,12:22,231.17,231.17,231.12,231.12,231.18,231.18,231.15,231.15
07/30/2026,12:23,231.1,231.12,231.1,231.1,231.13,231.15,231.13,231.13
07/30/2026,12:24,231.11,231.11,231.08,231.08,231.13,231.13,231.12,231.12
07/30/2026,12:25,231.06,231.07,231.04,231.07,231.1,231.1,231.08,231.08
07/30/2026,12:26,231.07,231.07,231.07,231.07,231.09,231.09,231.09,231.09
07/30/2026,12:28,231.14,231.14,231.1,231.1,231.17,231.17,231.14,231.14
07/30/2026,12:29,231.11,231.11,231.1,231.1,231.15,231.15,231.14,231.14
07/30/2026,12:30,231.12,231.14,231.11,231.14,231.16,231.16,231.15,231.16
07/30/2026,12:31,231.17,231.17,231.13,231.13,231.19,231.19,231.15,231.15
07/30/2026,12:32,231.16,231.16,231.14,231.16,231.18,231.19,231.18,231.18
07/30/2026,12:33,231.18,231.22,231.15,231.22,231.2,231.24,231.18,231.24
07/30/2026,12:34,231.23,231.26,231.23,231.26,231.25,231.29,231.25,231.29
07/30/2026,12:35,231.26,231.31,231.24,231.3,231.27,231.34,231.27,231.33
07/30/2026,12:36,231.29,231.29,231.24,231.25,231.31,231.32,231.27,231.28
07/30/2026,12:37,231.25,231.25,231.22,231.22,231.28,231.28,231.25,231.25
07/30/2026,12:38,231.17,231.18,231.16,231.17,231.21,231.22,231.2,231.2
07/30/2026,12:39,231.16,231.18,231.16,231.18,231.17,231.21,231.17,231.2
07/30/2026,12:40,231.19,231.22,231.14,231.14,231.23,231.25,231.16,231.16
07/30/2026,12:41,231.14,231.18,231.12,231.17,231.15,231.21,231.15,231.21
07/30/2026,12:42,231.16,231.18,231.16,231.18,231.19,231.22,231.18,231.22
07/30/2026,12:43,231.18,231.27,231.18,231.25,231.21,231.29,231.21,231.27
07/30/2026,12:44,231.25,231.25,231.23,231.24,231.26,231.27,231.25,231.27
07/30/2026,12:45,231.28,231.32,231.28,231.32,231.31,231.34,231.31,231.34
07/30/2026,12:46,231.32,231.39,231.32,231.37,231.34,231.43,231.33,231.38
07/30/2026,12:47,231.35,231.35,231.35,231.35,231.38,231.38,231.38,231.38
07/30/2026,12:48,231.35,231.37,231.35,231.37,231.37,231.41,231.37,231.41
07/30/2026,12:49,231.35,231.35,231.32,231.35,231.36,231.38,231.36,231.38
07/30/2026,12:50,231.36,231.38,231.34,231.37,231.39,231.4,231.37,231.4
07/30/2026,12:51,231.39,231.41,231.39,231.39,231.41,231.42,231.41,231.42
07/30/2026,12:52,231.42,231.48,231.42,231.48,231.44,231.51,231.44,231.51
07/30/2026,12:53,231.5,231.5,231.5,231.5,231.52,231.52,231.52,231.52
07/30/2026,12:54,231.5,231.51,231.48,231.48,231.54,231.54,231.51,231.51
07/30/2026,12:55,231.49,231.49,231.47,231.47,231.52,231.52,231.48,231.48
07/30/2026,12:56,231.4,231.41,231.4,231.41,231.42,231.44,231.42,231.44
07/30/2026,12:57,231.4,231.4,231.36,231.38,231.41,231.41,231.39,231.4
07/30/2026,12:58,231.4,231.4,231.4,231.4,231.43,231.43,231.43,231.43
07/30/2026,12:59,231.42,231.42,231.37,231.37,231.44,231.44,231.4,231.4
07/30/2026,13:00,231.39,231.62,231.39,231.62,231.41,231.64,231.41,231.64
07/30/2026,13:02,231.7,231.7,231.65,231.65,231.73,231.73,231.67,231.67
07/30/2026,13:03,231.65,231.65,231.63,231.63,231.67,231.67,231.65,231.65
07/30/2026,13:04,231.61,231.61,231.61,231.61,231.64,231.64,231.64,231.64
07/30/2026,13:05,231.6,231.6,231.6,231.6,231.63,231.63,231.63,231.63
07/30/2026,13:06,231.64,231.64,231.64,231.64,231.65,231.65,231.65,231.65
07/30/2026,13:07,231.59,231.59,231.53,231.53,231.62,231.62,231.57,231.57
07/30/2026,13:08,231.53,231.53,231.51,231.51,231.56,231.56,231.54,231.54
07/30/2026,13:09,231.51,231.57,231.51,231.57,231.54,231.59,231.54,231.59
07/30/2026,13:10,231.59,231.59,231.58,231.58,231.61,231.61,231.59,231.59
07/30/2026,13:11,231.59,231.59,231.54,231.54,231.62,231.62,231.56,231.56
07/30/2026,13:12,231.53,231.55,231.5,231.55,231.55,231.58,231.52,231.58
07/30/2026,13:13,231.57,231.57,231.56,231.56,231.6,231.6,231.6,231.6
07/30/2026,13:14,231.57,231.57,231.57,231.57,231.58,231.58,231.58,231.58
07/30/2026,13:15,231.57,231.57,231.54,231.54,231.6,231.6,231.56,231.56
07/30/2026,13:16,231.57,231.61,231.57,231.6,231.6,231.64,231.6,231.64
07/30/2026,13:17,231.63,231.63,231.61,231.61,231.67,231.67,231.62,231.62
07/30/2026,13:18,231.59,231.59,231.54,231.54,231.61,231.61,231.55,231.55
07/30/2026,13:19,231.54,231.59,231.54,231.58,231.57,231.62,231.57,231.6
07/30/2026,13:20,231.58,231.58,231.58,231.58,231.61,231.61,231.6,231.6
07/30/2026,13:21,231.61,231.61,231.58,231.58,231.64,231.64,231.61,231.61
07/30/2026,13:22,231.57,231.57,231.56,231.56,231.58,231.58,231.58,231.58
07/30/2026,13:23,231.57,231.57,231.57,231.57,231.6,231.6,231.6,231.6
07/30/2026,13:24,231.57,231.58,231.57,231.58,231.59,231.61,231.59,231.61
07/30/2026,13:25,231.58,231.58,231.54,231.55,231.6,231.6,231.56,231.57
07/30/2026,13:27,231.53,231.55,231.53,231.53,231.56,231.56,231.56,231.56
07/30/2026,13:28,231.53,231.53,231.52,231.52,231.55,231.55,231.53,231.53
07/30/2026,13:30,231.56,231.56,231.56,231.56,231.58,231.58,231.58,231.58
07/30/2026,13:31,231.54,231.54,231.51,231.51,231.55,231.55,231.53,231.53
07/30/2026,13:32,231.49,231.49,231.46,231.46,231.51,231.51,231.49,231.49
07/30/2026,13:33,231.44,231.44,231.44,231.44,231.47,231.47,231.47,231.47
07/30/2026,13:35,231.45,231.45,231.41,231.41,231.47,231.48,231.44,231.44
07/30/2026,13:39,231.51,231.51,231.51,231.51,231.52,231.52,231.52,231.52
07/30/2026,13:40,231.56,231.56,231.56,231.56,231.57,231.57,231.57,231.57
07/30/2026,13:41,231.6,231.63,231.6,231.6,231.62,231.64,231.62,231.63
07/30/2026,13:42,231.63,231.66,231.61,231.61,231.64,231.68,231.64,231.64
07/30/2026,13:43,231.64,231.66,231.64,231.66,231.67,231.68,231.67,231.68
07/30/2026,13:44,231.66,231.66,231.64,231.64,231.69,231.69,231.66,231.66
07/30/2026,13:45,231.63,231.63,231.62,231.62,231.65,231.65,231.64,231.64
07/30/2026,13:46,231.63,231.65,231.63,231.65,231.65,231.67,231.65,231.66
07/30/2026,13:47,231.64,231.64,231.64,231.64,231.65,231.65,231.65,231.65
07/30/2026,13:50,231.59,231.59,231.58,231.58,231.61,231.61,231.61,231.61
07/30/2026,13:51,231.63,231.69,231.63,231.69,231.65,231.7,231.65,231.7
07/30/2026,13:52,231.66,231.68,231.66,231.68,231.7,231.7,231.69,231.69
07/30/2026,13:53,231.64,231.64,231.64,231.64,231.66,231.66,231.66,231.66
07/30/2026,13:54,231.65,231.65,231.62,231.62,231.68,231.68,231.64,231.64
07/30/2026,13:55,231.61,231.61,231.61,231.61,231.62,231.62,231.62,231.62
07/30/2026,13:56,231.63,231.65,231.63,231.65,231.65,231.68,231.65,231.68
07/30/2026,13:57,231.66,231.66,231.65,231.65,231.67,231.67,231.67,231.67
07/30/2026,13:58,231.64,231.64,231.61,231.63,231.65,231.65,231.63,231.65
07/30/2026,13:59,231.64,231.64,231.61,231.61,231.66,231.66,231.64,231.64
07/30/2026,14:00,231.7,231.72,231.7,231.72,231.72,231.74,231.72,231.73
07/30/2026,14:02,231.77,231.79,231.77,231.79,231.8,231.82,231.79,231.82
07/30/2026,14:03,231.82,231.82,231.77,231.77,231.83,231.83,231.79,231.79
07/30/2026,14:04,231.76,231.76,231.72,231.72,231.79,231.79,231.75,231.75
07/30/2026,14:05,231.77,231.77,231.77,231.77,231.79,231.79,231.79,231.79
07/30/2026,14:06,231.77,231.77,231.77,231.77,231.79,231.79,231.78,231.78
07/30/2026,14:07,231.72,231.75,231.72,231.74,231.75,231.76,231.75,231.76
07/30/2026,14:08,231.74,231.74,231.74,231.74,231.75,231.77,231.75,231.77
07/30/2026,14:09,231.74,231.74,231.73,231.73,231.75,231.75,231.74,231.74
07/30/2026,14:10,231.72,231.72,231.69,231.69,231.73,231.73,231.72,231.72
07/30/2026,14:11,231.7,231.7,231.67,231.69,231.71,231.71,231.7,231.71
07/30/2026,14:12,231.68,231.68,231.67,231.68,231.69,231.71,231.69,231.7
07/30/2026,14:13,231.71,231.71,231.7,231.7,231.72,231.73,231.71,231.72
07/30/2026,14:14,231.73,231.75,231.73,231.75,231.75,231.76,231.75,231.76
07/30/2026,14:15,231.77,231.77,231.77,231.77,231.78,231.79,231.78,231.79
07/30/2026,14:16,231.79,231.8,231.79,231.8,231.8,231.82,231.8,231.82
07/30/2026,14:17,231.8,231.82,231.79,231.79,231.81,231.84,231.8,231.8
07/30/2026,14:19,231.83,231.86,231.83,231.85,231.85,231.87,231.85,231.87
07/30/2026,14:20,231.86,231.87,231.85,231.85,231.87,231.89,231.86,231.86
07/30/2026,14:21,231.84,231.84,231.83,231.83,231.86,231.86,231.85,231.86
07/30/2026,14:22,231.84,231.84,231.83,231.83,231.86,231.86,231.84,231.84
07/30/2026,14:23,231.81,231.81,231.8,231.8,231.83,231.83,231.81,231.81
07/30/2026,14:24,231.8,231.8,231.79,231.79,231.81,231.81,231.81,231.81
07/30/2026,14:26,231.78,231.79,231.78,231.79,231.81,231.81,231.81,231.81
07/30/2026,14:27,231.81,231.84,231.81,231.84,231.82,231.86,231.82,231.85
07/30/2026,14:28,231.84,231.84,231.84,231.84,231.86,231.86,231.85,231.85
07/30/2026,14:29,231.85,231.85,231.85,231.85,231.87,231.87,231.87,231.87
07/30/2026,14:30,231.85,231.85,231.83,231.83,231.88,231.88,231.85,231.85
07/30/2026,14:31,231.84,231.84,231.83,231.83,231.87,231.87,231.84,231.85
07/30/2026,14:32,231.83,231.83,231.81,231.81,231.84,231.84,231.83,231.83
07/30/2026,14:33,231.83,231.83,231.81,231.81,231.86,231.86,231.83,231.83
07/30/2026,14:34,231.82,231.82,231.82,231.82,231.83,231.85,231.83,231.85
07/30/2026,14:35,231.83,231.83,231.83,231.83,231.85,231.85,231.85,231.85
07/30/2026,14:36,231.85,231.85,231.82,231.82,231.86,231.86,231.85,231.85
07/30/2026,14:37,231.79,231.8,231.77,231.8,231.81,231.83,231.81,231.83
07/30/2026,14:38,231.78,231.79,231.78,231.79,231.81,231.83,231.8,231.83
07/30/2026,14:39,231.8,231.8,231.8,231.8,231.83,231.83,231.83,231.83
07/30/2026,14:40,231.82,231.82,231.82,231.82,231.83,231.85,231.83,231.85
07/30/2026,14:41,231.84,231.84,231.83,231.83,231.86,231.87,231.85,231.86
07/30/2026,14:42,231.82,231.82,231.81,231.81,231.85,231.85,231.84,231.84
07/30/2026,14:44,231.83,231.83,231.83,231.83,231.86,231.86,231.86,231.86
07/30/2026,14:45,231.81,231.81,231.81,231.81,231.84,231.84,231.84,231.84
07/30/2026,14:46,231.8,231.81,231.79,231.8,231.84,231.84,231.81,231.81
07/30/2026,14:47,231.77,231.82,231.77,231.82,231.79,231.83,231.79,231.83
07/30/2026,14:48,231.81,231.81,231.81,231.81,231.84,231.84,231.84,231.84
07/30/2026,14:49,231.81,231.81,231.81,231.81,231.85,231.85,231.85,231.85
07/30/2026,14:51,231.86,231.86,231.81,231.81,231.87,231.87,231.84,231.84
07/30/2026,14:52,231.85,231.85,231.85,231.85,231.88,231.88,231.88,231.88
07/30/2026,14:53,231.87,231.87,231.87,231.87,231.9,231.9,231.9,231.9
07/30/2026,14:54,231.88,231.9,231.88,231.89,231.91,231.91,231.9,231.9
07/30/2026,14:55,231.89,231.89,231.88,231.89,231.9,231.91,231.89,231.91
07/30/2026,14:56,231.9,231.93,231.9,231.91,231.93,231.95,231.93,231.93
07/30/2026,14:57,231.93,231.94,231.93,231.93,231.95,231.96,231.94,231.94
07/30/2026,14:58,231.9,231.9,231.9,231.9,231.93,231.93,231.93,231.93
07/30/2026,14:59,231.9,231.95,231.9,231.95,231.92,231.97,231.92,231.97
07/30/2026,15:00,231.97,232.02,231.96,232.02,231.99,232.04,231.98,232.04
07/30/2026,15:01,232,232.08,232,232.08,232.01,232.1,232.01,232.1
07/30/2026,15:02,232.09,232.12,232.09,232.09,232.12,232.14,232.11,232.11
07/30/2026,15:03,232.08,232.1,232.08,232.09,232.1,232.12,232.1,232.11
07/30/2026,15:05,232.11,232.11,232.11,232.11,232.13,232.13,232.13,232.13
07/30/2026,15:06,232.11,232.11,232.07,232.07,232.13,232.13,232.08,232.08
07/30/2026,15:07,232.07,232.07,232.04,232.04,232.1,232.1,232.07,232.07
07/30/2026,15:08,232.07,232.07,232.05,232.05,232.08,232.08,232.07,232.07
07/30/2026,15:09,232.09,232.09,232.08,232.09,232.1,232.12,232.1,232.12
07/30/2026,15:10,232.15,232.19,232.15,232.19,232.17,232.21,232.17,232.21
07/30/2026,15:11,232.17,232.17,232.13,232.14,232.18,232.18,232.15,232.16
07/30/2026,15:12,232.13,232.16,232.11,232.16,232.14,232.18,232.14,232.18
07/30/2026,15:13,232.16,232.16,232.16,232.16,232.18,232.18,232.18,232.18
07/30/2026,15:14,232.18,232.18,232.17,232.17,232.21,232.21,232.18,232.18
07/30/2026,15:15,232.15,232.15,232.12,232.12,232.18,232.18,232.15,232.15
07/30/2026,15:17,232.17,232.17,232.17,232.17,232.19,232.19,232.19,232.19
07/30/2026,15:18,232.16,232.21,232.16,232.19,232.19,232.23,232.19,232.22
07/30/2026,15:19,232.19,232.19,232.18,232.18,232.22,232.22,232.2,232.2
07/30/2026,15:20,232.18,232.18,232.18,232.18,232.19,232.19,232.19,232.19
07/30/2026,15:21,232.24,232.25,232.23,232.23,232.25,232.27,232.24,232.24
07/30/2026,15:22,232.2,232.2,232.14,232.14,232.21,232.21,232.17,232.17
07/30/2026,15:23,232.15,232.15,232.15,232.15,232.18,232.18,232.16,232.16
07/30/2026,15:24,232.16,232.16,232.16,232.16,232.19,232.19,232.19,232.19
07/30/2026,15:25,232.17,232.17,232.14,232.14,232.19,232.19,232.16,232.16
07/30/2026,15:26,232.14,232.15,232.14,232.15,232.17,232.18,232.17,232.18
07/30/2026,15:27,232.16,232.17,232.15,232.17,232.18,232.19,232.18,232.18
07/30/2026,15:28,232.19,232.19,232.14,232.14,232.21,232.21,232.16,232.17
07/30/2026,15:29,232.13,232.13,232.11,232.12,232.14,232.15,232.13,232.13
07/30/2026,15:30,232.11,232.18,232.11,232.17,232.12,232.2,232.12,232.18
07/30/2026,15:31,232.17,232.17,232.12,232.12,232.19,232.19,232.14,232.14
07/30/2026,15:32,232.13,232.13,232.07,232.07,232.14,232.14,232.1,232.1
07/30/2026,15:33,232.08,232.09,232.07,232.09,232.09,232.11,232.09,232.11
07/30/2026,15:34,232.09,232.09,232.06,232.08,232.11,232.11,232.08,232.1
07/30/2026,15:35,232.09,232.12,232.09,232.1,232.12,232.14,232.12,232.12
07/30/2026,15:36,232.1,232.1,232.07,232.07,232.11,232.11,232.08,232.08
07/30/2026,15:37,232.1,232.1,232.09,232.09,232.12,232.12,232.11,232.11
07/30/2026,15:38,232.09,232.1,232.09,232.09,232.11,232.12,232.1,232.1
07/30/2026,15:39,232.09,232.09,232.04,232.04,232.12,232.12,232.06,232.06
07/30/2026,15:40,232.03,232.03,231.99,232.01,232.04,232.04,232.02,232.02
07/30/2026,15:41,232.02,232.07,232.02,232.06,232.04,232.09,232.04,232.08
07/30/2026,15:42,232.06,232.06,232,232.06,232.07,232.07,232.03,232.06
07/30/2026,15:43,232.05,232.06,232.02,232.06,232.06,232.08,232.04,232.07
07/30/2026,15:44,232.07,232.08,232.06,232.06,232.08,232.09,232.08,232.08
07/30/2026,15:45,232.06,232.06,232.02,232.04,232.07,232.07,232.05,232.05
07/30/2026,15:46,232.04,232.04,232,232.01,232.06,232.06,232.02,232.02
07/30/2026,15:47,231.97,231.98,231.95,231.95,232,232,231.96,231.96
07/30/2026,15:48,231.94,231.97,231.94,231.96,231.95,231.99,231.95,231.99
07/30/2026,15:49,231.95,231.97,231.93,231.97,231.97,232,231.94,232
07/30/2026,15:50,231.95,231.98,231.94,231.94,231.98,232,231.95,231.95
07/30/2026,15:51,231.92,231.92,231.9,231.91,231.94,231.94,231.91,231.93
07/30/2026,15:52,231.93,231.93,231.9,231.9,231.95,231.95,231.92,231.93
07/30/2026,15:53,231.91,231.91,231.88,231.91,231.92,231.94,231.9,231.92
07/30/2026,15:54,231.86,231.95,231.86,231.95,231.88,231.98,231.88,231.98
07/30/2026,15:55,231.93,232.01,231.93,232.01,231.95,232.04,231.95,232.04
07/30/2026,15:56,232.06,232.1,232.06,232.07,232.07,232.12,232.07,232.09
07/30/2026,15:57,232.06,232.19,232.05,232.19,232.08,232.21,232.06,232.21
07/30/2026,15:58,232.18,232.18,232.1,232.1,232.2,232.2,232.11,232.12
07/30/2026,15:59,232.12,232.25,232.02,232.05,232.13,232.27,232.07,232.08
